collection,nodes,files,empty_folders
filebases/pv-legislative2019,7246,0,7246
2024/PvCvPresidentielle24,6334,0,6334
2023/ElecLocPvTour1,4996,0,4996
2023/PvLegTour1,4740,0,4740
ar,1205,97,1108
2024/PV2emeTour,1202,0,1202
2023/ResultatsLocales2023,451,145,306
2024/ResultatsFinaux2emeTour,384,103,281
actualites,383,1,382
2023/TemplateCandidats2023,306,0,306
2024/Resultats1erTour,306,0,306
2024/Resultats2emeTour,281,0,281
2024/ListesElecteurs06Juillet2024,187,0,187
wp-content,142,0,142
elections,75,13,62
2024/07,54,54,0
2022/12,39,9,30
2023/01,32,3,29
2024/ExemplaireBVTour2,27,0,27
2024/CompositionConseilLocales,24,0,24
isie,20,9,11
2022/10,17,17,0
2023/10,17,17,0
2022/07,15,15,0
2022/06,14,14,0
2022/11,12,12,0
wp-includes,11,0,11
wp-json,11,2,9
2022/05,11,11,0
2023/11,10,10,0
2023/08,9,9,0
2023/09,9,9,0
2024/03,9,9,0
2024/08,9,9,0
2024/09,9,9,0
resultats,8,3,5
statistiques,8,4,4
2024/01,8,8,0
2024/02,7,7,0
2020/10,6,6,0
2022/08,6,6,0
2023/12,6,6,0
directorylisting,5,1,4
election-presidentielle-2024,5,3,2
2020/08,5,5,0
2021/06,5,5,0
2021/10,5,5,0
bvotes,4,2,2
2021/05,4,4,0
2024/04,4,4,0
2024/05,4,4,0
electeurs,3,2,1
home,3,1,2
2018/02,3,3,0
2020/12,3,3,0
2021/07,3,3,0
2023/02,3,3,0
2023/07,3,3,0
2024/06,3,3,0
accreditation,2,1,1
accreditation-elections-municipales-2018,2,1,1
appels-doffre,2,1,1
bienvenue-sur-notre-site,2,1,1
capture02,2,1,1
capture05,2,1,1
capture08,2,1,1
capture11,2,1,1
capture14,2,1,1
capture17,2,1,1
capture20,2,1,1
capture23,2,1,1
capture26,2,1,1
capture29,2,1,1
capture32,2,1,1
capture35,2,1,1
capture38,2,1,1
capture41,2,1,1
capture44,2,1,1
capture47,2,1,1
capture50,2,1,1
capture53,2,1,1
capture56,2,1,1
capture59,2,1,1
capture62,2,1,1
capture65,2,1,1
capture68,2,1,1
capture71,2,1,1
capture74,2,1,1
capture77,2,1,1
capture80,2,1,1
capture83,2,1,1
capture86,2,1,1
communiques,2,1,1
contact,2,1,1
egis,2,1,1
elections-locales-2023,2,1,1
elections-locales-exemplaire-bv-second-tour,2,1,1
etudes-et-documents,2,1,1
hotnews,2,1,1
liste-nominative-des-candidats-aux-elections-municipales-2018,2,1,1
listes-candidates-aux-elections-municipales-2018,2,1,1
listes-candidates-aux-elections-municipales-2018-enregistrement-audio,2,1,1
medias,2,1,1
modeles-de-bulletins-de-vote,2,1,1
presses,2,1,1
recrutement,2,1,1
resultats-finaux-ariana,2,1,1
resultats-finaux-beja,2,1,1
resultats-finaux-ben-arous,2,1,1
resultats-finaux-bizerte,2,1,1
resultats-finaux-gabes,2,1,1
resultats-finaux-gafsa,2,1,1
resultats-finaux-jendouba,2,1,1
resultats-finaux-kairouan,2,1,1
resultats-finaux-kasserine,2,1,1
resultats-finaux-kebili,2,1,1
resultats-finaux-kef,2,1,1
resultats-finaux-mahdia,2,1,1
resultats-finaux-mannouba,2,1,1
resultats-finaux-medenine,2,1,1
resultats-finaux-monastir,2,1,1
resultats-finaux-nabeul-1,2,1,1
resultats-finaux-nabeul-2,2,1,1
resultats-finaux-sfax-1,2,1,1
resultats-finaux-sfax-2,2,1,1
resultats-finaux-sidi-bouzid,2,1,1
resultats-finaux-siliana,2,1,1
resultats-finaux-sousse,2,1,1
resultats-finaux-tataouine,2,1,1
resultats-finaux-tozeur,2,1,1
resultats-finaux-tunis-1,2,1,1
resultats-finaux-tunis-2,2,1,1
resultats-finaux-zaghouan,2,1,1
resultats-preliminaires-ariana,2,1,1
resultats-preliminaires-beja,2,1,1
resultats-preliminaires-ben-arous,2,1,1
resultats-preliminaires-bizerte,2,1,1
resultats-preliminaires-des-elections-presidentielles-de-2024,2,1,1
resultats-preliminaires-el-kef,2,1,1
resultats-preliminaires-gabes,2,1,1
resultats-preliminaires-gafsa,2,1,1
resultats-preliminaires-jendouba,2,1,1
resultats-preliminaires-kairouan,2,1,1
resultats-preliminaires-kasserine,2,1,1
resultats-preliminaires-kebili,2,1,1
resultats-preliminaires-mahdia,2,1,1
resultats-preliminaires-mannouba,2,1,1
resultats-preliminaires-medenine,2,1,1
resultats-preliminaires-monastir,2,1,1
resultats-preliminaires-nabeul-1,2,1,1
resultats-preliminaires-nabeul-2,2,1,1
resultats-preliminaires-sfax-1,2,1,1
resultats-preliminaires-sfax-2,2,1,1
resultats-preliminaires-sidi-bouzid,2,1,1
resultats-preliminaires-siliana,2,1,1
resultats-preliminaires-sousse,2,1,1
resultats-preliminaires-tataouine,2,1,1
resultats-preliminaires-tozeur,2,1,1
resultats-preliminaires-tunis-1,2,1,1
resultats-preliminaires-tunis-2,2,1,1
resultats-preliminaires-zaghouan,2,1,1
statistiques-dinscription,2,1,1
2021/03,2,2,0
2021/04,2,2,0
2023/05,2,2,0
2024/10,2,2,0
2024/PvCompilationResultatPres24,2,0,2
.DS_Store,1,1,0
_downloads,1,1,0
index,1,1,0
robots.ssl,1,1,0
2020/03,1,1,0
2021/01,1,1,0
2021/08,1,1,0
2021/09,1,1,0
2022/02,1,1,0
