date,year,language,slug,title_from_slug,attachments,section,source_url,drive_folder_id
2018-01-05,2018,fr,decision-isie-n1-2018,decision isie n1 2018,0,actualites,https://www.isie.tn/actualites/2018/01/05/decision-isie-n1-2018/,1jo4GVq2cUJTsYfQxzcN2DgrlkcFs-Yp_
2018-01-08,2018,fr,decision-de-lisie-n2018-2-2-janvier-2018,decision de lisie n2018 2 2 janvier 2018,0,actualites,https://www.isie.tn/actualites/2018/01/08/decision-de-lisie-n2018-2-2-janvier-2018/,15Z8_HZx1GLeML8MVChaKzBX2XzoEc0q1
2018-01-08,2018,fr,municipales-2018-guide-candidatures,municipales 2018 guide candidatures,0,actualites,https://www.isie.tn/actualites/2018/01/08/municipales-2018-guide-candidatures/,1fdNWx5Jeo7HIsLxAD_aQ-UiaYXoAzCVb
2018-01-09,2018,fr,municipales-2018-caracteristiques-techniques-logo-listes-candidates,municipales 2018 caracteristiques techniques logo listes candidates,0,actualites,https://www.isie.tn/actualites/2018/01/09/municipales-2018-caracteristiques-techniques-logo-listes-candidates/,1O2Y78wxDT15rh3ijicmhzHyvKK5erM1J
2018-01-18,2018,fr,elections-legislatives-partielles-2017-resultats-finaux,elections legislatives partielles 2017 resultats finaux,0,actualites,https://www.isie.tn/actualites/2018/01/18/elections-legislatives-partielles-2017-resultats-finaux/,1zWZkVVGv11drlKoWIQnV6OkQNQLNLsZz
2018-02-07,2018,fr,liste-membres-instances-regionales-acceptes-preliminairement,liste membres instances regionales acceptes preliminairement,0,actualites,https://www.isie.tn/actualites/2018/02/07/liste-membres-instances-regionales-acceptes-preliminairement/,1J2_nPdh3ZawGHtJd0UcSiJKgDVCYMdHJ
2018-02-14,2018,fr,calcul-plafond-global-depenses-de-campagne-electorale-elections-municipales-ainsi-plafond-financement-prive-plafond-financement-public,calcul plafond global depenses de campagne electorale elections municipales ainsi plafond financement prive plafond financement public,0,actualites,https://www.isie.tn/actualites/2018/02/14/calcul-plafond-global-depenses-de-campagne-electorale-elections-municipales-ainsi-plafond-financement-prive-plafond-financement-public/,17esAvkmgbqblfKeW-GsT8KbRzPQXCtN9
2018-02-14,2018,fr,decision-commune-entre-isie-haica,decision commune entre isie haica,0,actualites,https://www.isie.tn/actualites/2018/02/14/decision-commune-entre-isie-haica/,1MjDNH7s-kvFoHEIxkf57JtyAgA5HW0_U
2018-02-15,2018,fr,decision-de-lisie-n2018-7-13-fevrier-2018,decision de lisie n2018 7 13 fevrier 2018,0,actualites,https://www.isie.tn/actualites/2018/02/15/decision-de-lisie-n2018-7-13-fevrier-2018/,1mTtbiF82V-CJeCpGodAkvIYtpbpPZ8M2
2018-02-20,2018,fr,avis-de-consultation-n06-2018,avis de consultation n06 2018,0,actualites,https://www.isie.tn/actualites/2018/02/20/avis-de-consultation-n06-2018/,1dCCsAL6j0JcdjQwHG9en4hZsrUo_gG6N
2018-02-21,2018,fr,decision-isie-n8-2018,decision isie n8 2018,0,actualites,https://www.isie.tn/actualites/2018/02/21/decision-isie-n8-2018/,141Yuw2gLkSPJxLlvicAYy9fYNC82L1HI
2018-02-23,2018,fr,annonce-candidature-poste-de-membre-bureau-de-vote,annonce candidature poste de membre bureau de vote,0,actualites,https://www.isie.tn/actualites/2018/02/23/annonce-candidature-poste-de-membre-bureau-de-vote/,1BhnlhznaKZ9uKp-78hEbzjLmswmfoXJ2
2018-02-27,2018,fr,statistiques-generales-sur-la-periode-des-candidatures,statistiques generales sur la periode des candidatures,0,actualites,https://www.isie.tn/actualites/2018/02/27/statistiques-generales-sur-la-periode-des-candidatures/,1rF56K14ofW0ivM4ce9d8LR2IsEsc0di_
2018-03-06,2018,fr,decision-isie-n10-2018,decision isie n10 2018,0,actualites,https://www.isie.tn/actualites/2018/03/06/decision-isie-n10-2018/,1D4goDLs6zmqZa5_OtqbdJBmGHQECwt70
2018-03-06,2018,fr,decision-isie-n11-2018,decision isie n11 2018,0,actualites,https://www.isie.tn/actualites/2018/03/06/decision-isie-n11-2018/,1LdN2yHM0T3p7AWSdIgM82uq8H9NUc5cC
2018-03-06,2018,fr,decision-isie-n9-2018,decision isie n9 2018,0,actualites,https://www.isie.tn/actualites/2018/03/06/decision-isie-n9-2018/,1wlPXcWjO6DvM7YJAG3xxDrTfOLjPX8o5
2018-03-10,2018,fr,recrutement-controle-de-campagne-electorale,recrutement controle de campagne electorale,0,actualites,https://www.isie.tn/actualites/2018/03/10/recrutement-controle-de-campagne-electorale/,1drArGljNvWt9XV2m1NkKSD7auzzi4LoN
2018-03-17,2018,fr,guide-financement-de-campagne-electorale,guide financement de campagne electorale,0,actualites,https://www.isie.tn/actualites/2018/03/17/guide-financement-de-campagne-electorale/,1DNHSpT9aDu09hpJNbn8ppkGREaclJQII
2018-03-29,2018,fr,avis-dappel-doffre-n02-2018,avis dappel doffre n02 2018,0,actualites,https://www.isie.tn/actualites/2018/03/29/avis-dappel-doffre-n02-2018/,1V8neBKqTvuc6hmpioLknW1eVcsgVwUe8
2018-03-30,2018,fr,avis-de-consultation-n23-2018,avis de consultation n23 2018,0,actualites,https://www.isie.tn/actualites/2018/03/30/avis-de-consultation-n23-2018/,1gRYE_fvF7HLgYkljnQ5DTCCdsTpWq0ui
2018-04-12,2018,fr,appel-doffres-procedures-simplifiees-n4-2018-choix-dun-traiteur-media-center-titre-elections-municipales-2018,appel doffres procedures simplifiees n4 2018 choix dun traiteur media center titre elections municipales 2018,0,actualites,https://www.isie.tn/actualites/2018/04/12/appel-doffres-procedures-simplifiees-n4-2018-choix-dun-traiteur-media-center-titre-elections-municipales-2018/,162aMX-_0rxyUFcAi8PmfzaZX_yY8-DR4
2018-04-12,2018,fr,appel-doffres-procedures-simplifiees-n5-2018-choix-dune-agence-de-securite-media-center-titre-elections-municipales-2018,appel doffres procedures simplifiees n5 2018 choix dune agence de securite media center titre elections municipales 2018,0,actualites,https://www.isie.tn/actualites/2018/04/12/appel-doffres-procedures-simplifiees-n5-2018-choix-dune-agence-de-securite-media-center-titre-elections-municipales-2018/,1sNdz6UmbFsJD744KQ4LF_VGv3ZWSLhZt
2018-04-17,2018,fr,municipales-2018-run2vote-nouveau-jeu-video-jeunes,municipales 2018 run2vote nouveau jeu video jeunes,0,actualites,https://www.isie.tn/actualites/2018/04/17/municipales-2018-run2vote-nouveau-jeu-video-jeunes/,1RpLKztUrzFJ0DAAYQ_jT_T2Fz0RYLsrv
2018-04-18,2018,fr,listes-preliminaires-des-membres-des-bureaux-de-vote,listes preliminaires des membres des bureaux de vote,0,actualites,https://www.isie.tn/actualites/2018/04/18/listes-preliminaires-des-membres-des-bureaux-de-vote/,1gVnX5t06ownCFSyShqFS-RYlExEnpzgi
2018-04-19,2018,fr,municipales-2018-manuel-de-vote-de-depouillement,municipales 2018 manuel de vote de depouillement,0,actualites,https://www.isie.tn/actualites/2018/04/19/municipales-2018-manuel-de-vote-de-depouillement/,17NIZQKoTBkpAmM0OruemXUPdM6mnaqpJ
2018-05-07,2018,fr,elections-municipales-2018-taux-de-participation,elections municipales 2018 taux de participation,0,actualites,https://www.isie.tn/actualites/2018/05/07/elections-municipales-2018-taux-de-participation/,1hkk_xdOva2XfRaMMMmw7sgle0zq1RWAA
2018-05-11,2018,fr,elections-municipales-2018-resultats-preliminaires,elections municipales 2018 resultats preliminaires,0,actualites,https://www.isie.tn/actualites/2018/05/11/elections-municipales-2018-resultats-preliminaires/,1bWGbZA3jTGNFFad_ogi-NPy3Xf1d-HpC
2018-05-13,2018,fr,resultats-preliminaires-avec-la-repartition-des-sieges,resultats preliminaires avec la repartition des sieges,0,actualites,https://www.isie.tn/actualites/2018/05/13/resultats-preliminaires-avec-la-repartition-des-sieges/,1KA28CRZzlLhTo0DaenOZiv_2ExzeYw4z
2018-05-15,2018,fr,decision-du-conseil-de-lisie-6-mai-2018,decision du conseil de lisie 6 mai 2018,0,actualites,https://www.isie.tn/actualites/2018/05/15/decision-du-conseil-de-lisie-6-mai-2018/,1fCd2z1BFzkPYbAh_JNpVUS7AqbGiz6Mr
2019-02-08,2019,fr,decision-n1-de-l-isie-pour-lannee-2019,decision n1 de l isie pour lannee 2019,0,actualites,https://www.isie.tn/actualites/2019/02/08/decision-n1-de-l-isie-pour-lannee-2019/,1nEwDFr_2gZxPqSMIqiFKaSNPI6Xn_0PM
2019-02-08,2019,fr,decision-n2-de-l-isie-pour-lannee-2019,decision n2 de l isie pour lannee 2019,0,actualites,https://www.isie.tn/actualites/2019/02/08/decision-n2-de-l-isie-pour-lannee-2019/,1bXoWh7QdWY5-I8Y7Cr-bPVPGsm5ych-d
2019-03-26,2019,fr,decision-de-lisie-n7-2019,decision de lisie n7 2019,0,actualites,https://www.isie.tn/actualites/2019/03/26/decision-de-lisie-n7-2019/,1KYIbd1sxNEtq19xFzkh3h2VSZGd7Ldty
2019-03-26,2019,fr,decision-de-lisie-n8-2019,decision de lisie n8 2019,0,actualites,https://www.isie.tn/actualites/2019/03/26/decision-de-lisie-n8-2019/,1Sj0QQuJ8cCPIu4aaWLmHd8AcF-Zctlhp
2019-04-03,2019,fr,guide-des-candidatures-pour-les-elections-partielles-du-csm-2019,guide des candidatures pour les elections partielles du csm 2019,0,actualites,https://www.isie.tn/actualites/2019/04/03/guide-des-candidatures-pour-les-elections-partielles-du-csm-2019/,1i7TdxsbFH9J4h1kuiAd7IB-9c4qgHM0F
2019-04-04,2019,fr,elections-2019-bureaux-inscription-fixes,elections 2019 bureaux inscription fixes,0,actualites,https://www.isie.tn/actualites/2019/04/04/elections-2019-bureaux-inscription-fixes/,1vRsSGJjqltxon2zSfis9fK9xfRhAebGp
2019-04-04,2019,fr,guide-inscription-elections-legislatives-presidentielles-2019,guide inscription elections legislatives presidentielles 2019,0,actualites,https://www.isie.tn/actualites/2019/04/04/guide-inscription-elections-legislatives-presidentielles-2019/,1bcGgPXQFoJbUCXB8F-iPCS823JrpLY3t
2019-04-17,2019,fr,liste-candidats-concours-agents-inscription-etranger,liste candidats concours agents inscription etranger,0,actualites,https://www.isie.tn/actualites/2019/04/17/liste-candidats-concours-agents-inscription-etranger/,1hiKQkrTi0_S_7-FTZ8YVPmJKfsjeSetm
2019-04-18,2019,fr,liste-bureaux-inscription-fixes-18-04-2019,liste bureaux inscription fixes 18 04 2019,0,actualites,https://www.isie.tn/actualites/2019/04/18/liste-bureaux-inscription-fixes-18-04-2019/,16mFpOru1Hodvue2Kxn7kacTYs6eb3gke
2019-04-22,2019,fr,liste-bureaux-inscription-fixes-21-04-2019,liste bureaux inscription fixes 21 04 2019,0,actualites,https://www.isie.tn/actualites/2019/04/22/liste-bureaux-inscription-fixes-21-04-2019/,17DFEP5sov2QAYHfEnar1f20zgDCaBQEC
2019-04-29,2019,fr,انتخابات-2019-قائمة-مكاتب-التسجيل-القارّ,انتخابات 2019 قائمة مكاتب التسجيل القارّ,0,actualites,https://www.isie.tn/actualites/2019/04/29/انتخابات-2019-قائمة-مكاتب-التسجيل-القارّ/,1c3TjFKC33NRNkYZ48Hyg3qWOo50MV8jf
2019-05-10,2019,fr,elections-municipales-partielles-bardo-caracteristiques-techniques-du-logo-des-listes-candidates,elections municipales partielles bardo caracteristiques techniques du logo des listes candidates,0,actualites,https://www.isie.tn/actualites/2019/05/10/elections-municipales-partielles-bardo-caracteristiques-techniques-du-logo-des-listes-candidates/,1pvW9ayNdS70JNp0-hxCQaKnfcbBFx6q3
2019-05-17,2019,fr,elections-2019-la-liste-des-bureaux-dinscription-fixes-la-mise-a-jour-du-dimanche-16-mai-2019,elections 2019 la liste des bureaux dinscription fixes la mise a jour du dimanche 16 mai 2019,0,actualites,https://www.isie.tn/actualites/2019/05/17/elections-2019-la-liste-des-bureaux-dinscription-fixes-la-mise-a-jour-du-dimanche-16-mai-2019/,1CbI_u_bFL_LmNPgN2vrjP8Kgki7UFkBF
2019-05-27,2019,fr,bureaux-inscription-fixes-maj-lundi-27-mai-2019,bureaux inscription fixes maj lundi 27 mai 2019,0,actualites,https://www.isie.tn/actualites/2019/05/27/bureaux-inscription-fixes-maj-lundi-27-mai-2019/,1gpQt1U2vrXhPRoHoAi_W5_1zqpZURKF8
2019-06-01,2019,fr,bureaux-inscription-fixes-maj-01-06-2019,bureaux inscription fixes maj 01 06 2019,0,actualites,https://www.isie.tn/actualites/2019/06/01/bureaux-inscription-fixes-maj-01-06-2019/,1ohdxmVNrgo2OnDka7o10aqis7ThNADCn
2019-06-07,2019,fr,bureaux-inscription-fixes-maj-07-06-2019,bureaux inscription fixes maj 07 06 2019,0,actualites,https://www.isie.tn/actualites/2019/06/07/bureaux-inscription-fixes-maj-07-06-2019/,1PEI5gJUW09dT9UsyaWpPGUEpSi1nnUAU
2019-06-10,2019,fr,bureaux-inscription-fixes-maj-08-06-2019,bureaux inscription fixes maj 08 06 2019,0,actualites,https://www.isie.tn/actualites/2019/06/10/bureaux-inscription-fixes-maj-08-06-2019/,1foHiOXykF9W3PvVoU8BNs47JG7Gg6Lkj
2019-06-17,2019,fr,elections-2019-la-liste-des-bureaux-dinscription-fixes-la-mise-a-jour-du-lundi-17-juin-2019,elections 2019 la liste des bureaux dinscription fixes la mise a jour du lundi 17 juin 2019,0,actualites,https://www.isie.tn/actualites/2019/06/17/elections-2019-la-liste-des-bureaux-dinscription-fixes-la-mise-a-jour-du-lundi-17-juin-2019/,179kB3rnKm_WxyyuByFDnl_UfQ1S6TmWK
2019-06-21,2019,fr,elections-2019-la-liste-des-bureaux-dinscription-fixes-la-mise-a-jour-du-vendredi-21-juin-2019,elections 2019 la liste des bureaux dinscription fixes la mise a jour du vendredi 21 juin 2019,0,actualites,https://www.isie.tn/actualites/2019/06/21/elections-2019-la-liste-des-bureaux-dinscription-fixes-la-mise-a-jour-du-vendredi-21-juin-2019/,1tn0ZoZa5_8C3c6o4m_ldseMtrIzJxdVK
2019-06-25,2019,fr,elections-2019-la-liste-des-bureaux-dinscription-fixes-la-mise-a-jour-du-mardi-25-juin-2019,elections 2019 la liste des bureaux dinscription fixes la mise a jour du mardi 25 juin 2019,0,actualites,https://www.isie.tn/actualites/2019/06/25/elections-2019-la-liste-des-bureaux-dinscription-fixes-la-mise-a-jour-du-mardi-25-juin-2019/,14v0zdBCk-roOMzqkEi-Y_BQF9zeDaRQA
2019-06-27,2019,fr,elections-2019-la-liste-des-bureaux-dinscription-fixes-la-mise-a-jour-du-jeudi-27-juin-2019,elections 2019 la liste des bureaux dinscription fixes la mise a jour du jeudi 27 juin 2019,0,actualites,https://www.isie.tn/actualites/2019/06/27/elections-2019-la-liste-des-bureaux-dinscription-fixes-la-mise-a-jour-du-jeudi-27-juin-2019/,1BYvFYIWi5VAjDUMoA8Lb9SJ1OIqOO-vX
2019-07-31,2019,fr,les-principales-etapes-des-elections-presidentielles-septembre-2019,les principales etapes des elections presidentielles septembre 2019,0,actualites,https://www.isie.tn/actualites/2019/07/31/les-principales-etapes-des-elections-presidentielles-septembre-2019/,1sZNCuNLTmei07fIk9jS7OnNRrnUW1LXP
2019-08-01,2019,fr,guide-des-candidatures-election-presidentielle-anticipee-2019,guide des candidatures election presidentielle anticipee 2019,0,actualites,https://www.isie.tn/actualites/2019/08/01/guide-des-candidatures-election-presidentielle-anticipee-2019/,1a-XQBJhv7SugX5T_qCWkvYzAMoaMqwpS
2019-08-31,2019,fr,guide-des-regles-et-des-procedures-de-la-campagne-electorale-des-elections-presidentielles-et-legislatives-2019,guide des regles et des procedures de la campagne electorale des elections presidentielles et legislatives 2019,0,actualites,https://www.isie.tn/actualites/2019/08/31/guide-des-regles-et-des-procedures-de-la-campagne-electorale-des-elections-presidentielles-et-legislatives-2019/,1eRERilMyF5nig9WBN9u9aZpb9Du4A0fG
2019-08-31,2019,fr,guide-du-financement-de-la-campagne-electorale-pour-les-elections-legislatives-et-presidentielles-2019,guide du financement de la campagne electorale pour les elections legislatives et presidentielles 2019,0,actualites,https://www.isie.tn/actualites/2019/08/31/guide-du-financement-de-la-campagne-electorale-pour-les-elections-legislatives-et-presidentielles-2019/,1p9djHzcCNXgQfNbZoYd9E2R8aSU9wFhj
2019-09-11,2019,fr,la-liste-finale-des-listes-candidates-aux-elections-legislatives-de-2019-enregistrement-vocal,la liste finale des listes candidates aux elections legislatives de 2019 enregistrement vocal,0,actualites,https://www.isie.tn/actualites/2019/09/11/la-liste-finale-des-listes-candidates-aux-elections-legislatives-de-2019-enregistrement-vocal/,1exGnyJfn2P3bIg5SOJlNhBWV981NI_AL
2019-11-26,2019,fr,rapport-des-elections-municipales-2018,rapport des elections municipales 2018,0,actualites,https://www.isie.tn/actualites/2019/11/26/rapport-des-elections-municipales-2018/,10ANt3gsosVAHq6W-xfda8vz5y2sUFfts
2020-06-23,2020,fr,guide-des-candidatures-des-elections-municipales-partielles,guide des candidatures des elections municipales partielles,0,actualites,https://www.isie.tn/actualites/2020/06/23/guide-des-candidatures-des-elections-municipales-partielles/,12B_4O83zjdHz0YeO9RukG-9oPT1fhrgg
2020-07-20,2020,fr,centre-de-vote-pour-les-elections-municipales-partielles-aout-2020,centre de vote pour les elections municipales partielles aout 2020,0,actualites,https://www.isie.tn/actualites/2020/07/20/centre-de-vote-pour-les-elections-municipales-partielles-aout-2020/,1LPsHhp1RgzBtw4fZt5liQMPhqSyrxMXQ
2020-10-08,2020,fr,candidatures-elections-decembre-2020,candidatures elections decembre 2020,0,actualites,https://www.isie.tn/actualites/2020/10/08/candidatures-elections-decembre-2020/,1FpXMMp6ZkBVUhqiAWYopwTy6Vznd9VOd
2020-11-12,2020,fr,الترشّحات-السرس,الترشّحات السرس,0,actualites,https://www.isie.tn/actualites/2020/11/12/الترشّحات-السرس/,1pbfz2w31TaVOWQ-A9zKtvkw2E9iwE0W6
2020-11-17,2020,fr,دليل-تمويل-الحملة-الانتخابية-2,دليل تمويل الحملة الانتخابية 2,0,actualites,https://www.isie.tn/actualites/2020/11/17/دليل-تمويل-الحملة-الانتخابية-2/,1g7pD2j581EMuo_j_8DiC_hKtOB-06k4Z
2020-11-30,2020,fr,communique-de-presse-sur-le-projet-du-musee-de-la-democratie,communique de presse sur le projet du musee de la democratie,0,actualites,https://www.isie.tn/actualites/2020/11/30/communique-de-presse-sur-le-projet-du-musee-de-la-democratie/,1G2z-yTiw9SJwhVh9Ts2ijWtw4VlJNSNS
2020-12-22,2020,fr,لقاء-مع-مجموعـة-الشباب-من-ذوي-الإعاقة,لقاء مع مجموعـة الشباب من ذوي الإعاقة,17,actualites,https://www.isie.tn/actualites/2020/12/22/لقاء-مع-مجموعـة-الشباب-من-ذوي-الإعاقة/,1np85o3HUW-fqW_qVIvkknIgjsfnMqKw2
2021-03-16,2021,fr,les-resultats-preliminaires-de-lelection-municipale-partielle-sers-2021,les resultats preliminaires de lelection municipale partielle sers 2021,0,actualites,https://www.isie.tn/actualites/2021/03/16/les-resultats-preliminaires-de-lelection-municipale-partielle-sers-2021/,1QSVPVkxakzw48O5aDxswsN6b2ki6ckTK
2021-03-25,2021,fr,les-resultats-definitifs-de-lelection-municipale-partielle-sers-2021,les resultats definitifs de lelection municipale partielle sers 2021,0,actualites,https://www.isie.tn/actualites/2021/03/25/les-resultats-definitifs-de-lelection-municipale-partielle-sers-2021/,16q-6v6GHMiqFi-J0BoUtLabjHkPn-_4Y
2021-04-08,2021,fr,le-calendrier-des-elections-municipales-partielles-dans-la-commune-de-skhira-pour-lannee-2021,le calendrier des elections municipales partielles dans la commune de skhira pour lannee 2021,0,actualites,https://www.isie.tn/actualites/2021/04/08/le-calendrier-des-elections-municipales-partielles-dans-la-commune-de-skhira-pour-lannee-2021/,1My9HLqWWgs6ykZQIpYuicB2jZzuzbT1t
2021-06-08,2021,fr,les-resultats-preliminaires-de-lelection-municipale-partielle-ain-sobh-nadhour-2021,les resultats preliminaires de lelection municipale partielle ain sobh nadhour 2021,0,actualites,https://www.isie.tn/actualites/2021/06/08/les-resultats-preliminaires-de-lelection-municipale-partielle-ain-sobh-nadhour-2021/,1XBuYeZ2wqc0B7hAtsBmzutYfiyq4N1Sm
2021-06-08,2021,fr,les-resultats-preliminaires-de-lelection-municipale-partielle-sakiet-eddaier-2021,les resultats preliminaires de lelection municipale partielle sakiet eddaier 2021,0,actualites,https://www.isie.tn/actualites/2021/06/08/les-resultats-preliminaires-de-lelection-municipale-partielle-sakiet-eddaier-2021/,1EsoYiRFzite0yJRsEoIeYWkWGbeO6Yr5
2021-06-15,2021,fr,resultats-definitifs-ain-sobh-nadhour,resultats definitifs ain sobh nadhour,0,actualites,https://www.isie.tn/actualites/2021/06/15/resultats-definitifs-ain-sobh-nadhour/,16lP0CB_AHODjVgDHLlHhI0KRI3Vqyzlo
2021-06-15,2021,fr,resultats-definitifs-sakiet-eddaier,resultats definitifs sakiet eddaier,0,actualites,https://www.isie.tn/actualites/2021/06/15/resultats-definitifs-sakiet-eddaier/,1c3JLcx--oc7ZhGhaekfiQDfeywmiDz4s
2021-06-15,2021,fr,resultats-preliminaires-shkira,resultats preliminaires shkira,0,actualites,https://www.isie.tn/actualites/2021/06/15/resultats-preliminaires-shkira/,1Vbvpwje83Hy99x4nIS3Vq6WOpRZX7-w9
2021-06-21,2021,fr,بلاغ-انتخابات-السبيخة,بلاغ انتخابات السبيخة,0,actualites,https://www.isie.tn/actualites/2021/06/21/بلاغ-انتخابات-السبيخة/,1OfOzEBsIz7ZphmCFEx2A6zhvKGu-Ep5B
2021-06-22,2021,fr,les-resultats-definitifs-de-lelection-municipale-partielle-skhira-2021,les resultats definitifs de lelection municipale partielle skhira 2021,0,actualites,https://www.isie.tn/actualites/2021/06/22/les-resultats-definitifs-de-lelection-municipale-partielle-skhira-2021/,1PrI5UKh7aKb6k554kpv0RsrI3oA15KK6
2021-06-30,2021,fr,إدماج-مقاربة-النوع-الاجتماعي,إدماج مقاربة النوع الاجتماعي,4,actualites,https://www.isie.tn/actualites/2021/06/30/إدماج-مقاربة-النوع-الاجتماعي/,17D7oWvWM69PmMnYU4z4GvlLGCBvZ3cH4
2021-10-06,2021,fr,2021-روزنامة-الانتخابات-الجزئية,2021 روزنامة الانتخابات الجزئية,0,actualites,https://www.isie.tn/actualites/2021/10/06/2021-روزنامة-الانتخابات-الجزئية/,1E0RyUgrukMow4szLPOnqrXBHuYUdJGza
2021-10-06,2021,fr,استئناف-تنفيذ-روزنامة-الانتخابات-الب,استئناف تنفيذ روزنامة الانتخابات الب,0,actualites,https://www.isie.tn/actualites/2021/10/06/استئناف-تنفيذ-روزنامة-الانتخابات-الب/,1V3mJc_0cHYTfOOkitfxRRv5Gb7RpLl55
2021-10-14,2021,fr,2021-روزنامة-طبرقة-عميرة-الفحول,2021 روزنامة طبرقة عميرة الفحول,0,actualites,https://www.isie.tn/actualites/2021/10/14/2021-روزنامة-طبرقة-عميرة-الفحول/,1ap8Rhc4HAVuba8X3HFTscGGlOj8M2SVG
2021-11-02,2021,fr,les-resultats-preliminaires-des-elections-municipales-partielles-dans-la-municipalite-de-menzel-kamel-2021,les resultats preliminaires des elections municipales partielles dans la municipalite de menzel kamel 2021,0,actualites,https://www.isie.tn/actualites/2021/11/02/les-resultats-preliminaires-des-elections-municipales-partielles-dans-la-municipalite-de-menzel-kamel-2021/,1BV6uRmPn5tTgRX_S7fGrkcNRmG5AufQZ
2021-11-09,2021,fr,les-resultats-definitifs-des-elections-municipales-partielles-dans-la-municipalite-de-menzel-kamel-2021,les resultats definitifs des elections municipales partielles dans la municipalite de menzel kamel 2021,0,actualites,https://www.isie.tn/actualites/2021/11/09/les-resultats-definitifs-des-elections-municipales-partielles-dans-la-municipalite-de-menzel-kamel-2021/,1xc4zwCelyzwAIwj-xTVamzYsIjzyGOUc
2021-11-22,2021,fr,le-calendrier-des-elections-municipales-partielles-dans-la-municipalite-de-chihia-pour-lannee-2022,le calendrier des elections municipales partielles dans la municipalite de chihia pour lannee 2022,0,actualites,https://www.isie.tn/actualites/2021/11/22/le-calendrier-des-elections-municipales-partielles-dans-la-municipalite-de-chihia-pour-lannee-2022/,1AfHr8aSF6L3fo1hSPXsh4wqEogyt45_0
2021-12-03,2021,fr,rencontre-instance-superieure-independante-pour-les-elections-commission-libyenne-des-debats-presidentiels,rencontre instance superieure independante pour les elections commission libyenne des debats presidentiels,11,actualites,https://www.isie.tn/actualites/2021/12/03/rencontre-instance-superieure-independante-pour-les-elections-commission-libyenne-des-debats-presidentiels/,1B4ha0NoHmDevmrhac_Gdj8aG9p4CdO0Z
2022-02-09,2022,fr,les-resultats-definitifs-des-elections-municipales-partielles-dans-la-municipalite-damiret-el-fhoul-2021,les resultats definitifs des elections municipales partielles dans la municipalite damiret el fhoul 2021,0,actualites,https://www.isie.tn/actualites/2022/02/09/les-resultats-definitifs-des-elections-municipales-partielles-dans-la-municipalite-damiret-el-fhoul-2021/,1FtfHQ_VvW7i9DK3Fdt7Q93xIUup3QAuU
2022-03-29,2022,fr,le-calendrier-des-elections-municipales-partielles-dans-la-municipalite-beni-mtir-2022,le calendrier des elections municipales partielles dans la municipalite beni mtir 2022,0,actualites,https://www.isie.tn/actualites/2022/03/29/le-calendrier-des-elections-municipales-partielles-dans-la-municipalite-beni-mtir-2022/,1ZiHfZuYnYNFAkMSwpXA2g28k3j6hR5yK
2022-06-01,2022,fr,رئيس-الهيئة-العليا-المستقلة-للانتخاب,رئيس الهيئة العليا المستقلة للانتخاب,5,actualites,https://www.isie.tn/actualites/2022/06/01/رئيس-الهيئة-العليا-المستقلة-للانتخاب/,1nHzt-w-JXBHKxJyVGEVq97CzLl3bofgt
2022-06-01,2022,fr,مذكرة-تفاهم-مع-وزارة-الشؤون-الخارجية,مذكرة تفاهم مع وزارة الشؤون الخارجية,9,actualites,https://www.isie.tn/actualites/2022/06/01/مذكرة-تفاهم-مع-وزارة-الشؤون-الخارجية/,1QmnpMwnjTWMJQHonwDudbdWvHEwh9Fs-
2022-06-02,2022,fr,رئيس-الهيئة-يستقبل-وفدا-عن-الهيكا,رئيس الهيئة يستقبل وفدا عن الهيكا,4,actualites,https://www.isie.tn/actualites/2022/06/02/رئيس-الهيئة-يستقبل-وفدا-عن-الهيكا/,135RDf5KvL_9woAQb3QHuwoGRme_TA58A
2022-06-06,2022,fr,لقاء-مع-المركز-التونسي-المتوسطي,لقاء مع المركز التونسي المتوسطي,4,actualites,https://www.isie.tn/actualites/2022/06/06/لقاء-مع-المركز-التونسي-المتوسطي/,1i58898cdlio1Rap1B-M4_0RA3XHj5S2H
2022-06-08,2022,fr,اجتماع-مع-ممثلي-عدد-من-الوزارات,اجتماع مع ممثلي عدد من الوزارات,4,actualites,https://www.isie.tn/actualites/2022/06/08/اجتماع-مع-ممثلي-عدد-من-الوزارات/,17gfBJxzmHvTbpWU98Guvxx1OahAjGUqY
2022-06-14,2022,fr,جلسة-عمل-حول-التدقيق-في-سجل-الناخبين,جلسة عمل حول التدقيق في سجل الناخبين,4,actualites,https://www.isie.tn/actualites/2022/06/14/جلسة-عمل-حول-التدقيق-في-سجل-الناخبين/,1BSKo9_UW_mzI8uiMCO3qwxlRyYEVggBi
2022-06-14,2022,fr,لقاء-مع-سفير-ألمانيا,لقاء مع سفير ألمانيا,4,actualites,https://www.isie.tn/actualites/2022/06/14/لقاء-مع-سفير-ألمانيا/,14lg60Vb7yhFCUfPo_31j80HATF0WAESg
2022-06-15,2022,fr,laccreditation-des-observateurs-et-des-journalistes-et-des-hotes-pour-le-referendum-de-2022,laccreditation des observateurs et des journalistes et des hotes pour le referendum de 2022,0,actualites,https://www.isie.tn/actualites/2022/06/15/laccreditation-des-observateurs-et-des-journalistes-et-des-hotes-pour-le-referendum-de-2022/,1LsY9L9zk2FoxiYEJI74yB-B72VKTj1NQ
2022-06-16,2022,fr,referendum-2022-annuaire-des-codes-ussd-ces-centres-de-vote,referendum 2022 annuaire des codes ussd ces centres de vote,0,actualites,https://www.isie.tn/actualites/2022/06/16/referendum-2022-annuaire-des-codes-ussd-ces-centres-de-vote/,1NkDAQJNdWO-nlZQrmDDyvQ0bYaCxZj8h
2022-06-16,2022,fr,referendum-2022-la-liste-des-centres-fixes-dinscription-destines-a-la-mise-a-jour-des-inscriptions,referendum 2022 la liste des centres fixes dinscription destines a la mise a jour des inscriptions,0,actualites,https://www.isie.tn/actualites/2022/06/16/referendum-2022-la-liste-des-centres-fixes-dinscription-destines-a-la-mise-a-jour-des-inscriptions/,1T6MO3ow5DoWf3NEWIrKzGWHiQ_-klhxC
2022-06-17,2022,fr,جلسة-عمل-مع-البنك-المركزي-والبريد,جلسة عمل مع البنك المركزي والبريد,4,actualites,https://www.isie.tn/actualites/2022/06/17/جلسة-عمل-مع-البنك-المركزي-والبريد/,1282iVOUnMWVqZud7Udq6RbVodlQVdMlV
2022-07-04,2022,fr,المذكرة-التفسيرية-للجهة-الداعية-للاس,المذكرة التفسيرية للجهة الداعية للاس,0,actualites,https://www.isie.tn/actualites/2022/07/04/المذكرة-التفسيرية-للجهة-الداعية-للاس/,1BJt8-3Zr5V4r526XpOWTLyJfdCO3iYpi
2022-07-05,2022,fr,القائمة-النهائية-للأطراف-المشاركة-في,القائمة النهائية للأطراف المشاركة في,0,actualites,https://www.isie.tn/actualites/2022/07/05/القائمة-النهائية-للأطراف-المشاركة-في/,1zx8x-3zgGYbe3gZnN8SPHANx98lgGIhq
2022-07-06,2022,fr,القائمة-التكميلية-لعضوية-الهيئات-الف,القائمة التكميلية لعضوية الهيئات الف,0,actualites,https://www.isie.tn/actualites/2022/07/06/القائمة-التكميلية-لعضوية-الهيئات-الف/,1fENk2nlhQWjJ9L-a03lsz79TPoutdmck
2022-07-27,2022,fr,pv-resultats-referendum-2022,pv resultats referendum 2022,0,actualites,https://www.isie.tn/actualites/2022/07/27/pv-resultats-referendum-2022/,11bLmz66unYSm0LJapo5u0XJXyvyR75L8
2022-07-27,2022,fr,النتائج-الأولية-للاستفتاء,النتائج الأولية للاستفتاء,0,actualites,https://www.isie.tn/actualites/2022/07/27/النتائج-الأولية-للاستفتاء/,1qmfwg9G_cyNTmO_VjxXvahOx-bVk9TPV
2022-08-16,2022,fr,les-resultats-definitifs-du-referendum-sur-un-projet-dune-nouvelle-constitution-de-la-republique-tunisienne,les resultats definitifs du referendum sur un projet dune nouvelle constitution de la republique tunisienne,0,actualites,https://www.isie.tn/actualites/2022/08/16/les-resultats-definitifs-du-referendum-sur-un-projet-dune-nouvelle-constitution-de-la-republique-tunisienne/,1BDnTu2lhHUlc4vwaGHyWQm9YDrKf-971
2022-09-22,2022,fr,le-calendrier-des-elections-legislatives-2022,le calendrier des elections legislatives 2022,0,actualites,https://www.isie.tn/actualites/2022/09/22/le-calendrier-des-elections-legislatives-2022/,1rqJMHWHtBY07WbdeA1HnR_vNo-pXx6jj
2022-10-25,2022,fr,prolongation-des-delais-de-depot-des-candidatures,prolongation des delais de depot des candidatures,0,actualites,https://www.isie.tn/actualites/2022/10/25/prolongation-des-delais-de-depot-des-candidatures/,1Z6VDmF0PbP7mU7A7JaNt6xfXxsZ1KCL9
2022-10-27,2022,fr,communique-relatif-a-louverture-dune-periode-exceptionnelle-de-mise-a-jour-des-listes-electorales-pour-les-elections-des-membres-de-larp,communique relatif a louverture dune periode exceptionnelle de mise a jour des listes electorales pour les elections des membres de larp,0,actualites,https://www.isie.tn/actualites/2022/10/27/communique-relatif-a-louverture-dune-periode-exceptionnelle-de-mise-a-jour-des-listes-electorales-pour-les-elections-des-membres-de-larp/,19ZNRR9tcfxNtMjnk1iokGu9nsMBmOMHX
2022-12-20,2022,fr,legislatives-2022-proces-verbaux-des-centres-de-compilation-des-resultats,legislatives 2022 proces verbaux des centres de compilation des resultats,0,actualites,https://www.isie.tn/actualites/2022/12/20/legislatives-2022-proces-verbaux-des-centres-de-compilation-des-resultats/,11sYSMtJ_WD2VL-UhqILf3YCck-xtvjM_
2022-12-20,2022,fr,resultats-preliminaires-des-elections-legislatives-2022,resultats preliminaires des elections legislatives 2022,0,actualites,https://www.isie.tn/actualites/2022/12/20/resultats-preliminaires-des-elections-legislatives-2022/,1KEj1Kt94cmrxXv1EDHYtqpHrSzkQpdGY
2023-01-18,2023,fr,liste-des-centres-de-votes-pour-les-elections-legislatives-2eme-tour,liste des centres de votes pour les elections legislatives 2eme tour,0,actualites,https://www.isie.tn/actualites/2023/01/18/liste-des-centres-de-votes-pour-les-elections-legislatives-2eme-tour/,1GiDubgb5h7K7tTgCqwygxbI4xVvhwISW
2023-01-31,2023,fr,leg-2eme-tour-pv-resultats,leg 2eme tour pv resultats,0,actualites,https://www.isie.tn/actualites/2023/01/31/leg-2eme-tour-pv-resultats/,1Bnrw3z6jHGe3rGTidRMKmhJyqf6DvKgP
2023-09-09,2023,fr,recrutements-pour-les-elections-locales-2023,recrutements pour les elections locales 2023,0,actualites,https://www.isie.tn/actualites/2023/09/09/recrutements-pour-les-elections-locales-2023/,1ch4oPdmIwgaJSl3JUOUQ_T7v2GTy1eJb
2023-11-17,2023,fr,guide-candidats-elections-locales,guide candidats elections locales,0,actualites,https://www.isie.tn/actualites/2023/11/17/guide-candidats-elections-locales/,1I5jyzZo5G8M9njEYzYYr2okRexQ4l7ul
2023-12-15,2023,fr,decouvrez-les-candidats-aux-elections-locales,decouvrez les candidats aux elections locales,0,actualites,https://www.isie.tn/actualites/2023/12/15/decouvrez-les-candidats-aux-elections-locales/,1tbx4zeuFgI_iW1c1i8JaYLmbAH2DQfnx
2023-12-20,2023,fr,elections-locales-centre-de-vote,elections locales centre de vote,0,actualites,https://www.isie.tn/actualites/2023/12/20/elections-locales-centre-de-vote/,13qsOiIO2wpgvxqpdLQpXKZNd-w7S2E4j
2024-01-20,2024,fr,les-resultats-definitifs-du-premier-tour-des-elections-locales,les resultats definitifs du premier tour des elections locales,0,actualites,https://www.isie.tn/actualites/2024/01/20/les-resultats-definitifs-du-premier-tour-des-elections-locales/,1UAivI0aV1FbPv3GQBNFbtUW0uvFVVG0L
2024-01-22,2024,fr,laccreditation-des-observateurs-et-des-journalistes-et-des-hotes-pour-le-second-tour-des-elections-locales,laccreditation des observateurs et des journalistes et des hotes pour le second tour des elections locales,0,actualites,https://www.isie.tn/actualites/2024/01/22/laccreditation-des-observateurs-et-des-journalistes-et-des-hotes-pour-le-second-tour-des-elections-locales/,1E-0w0627Wkaw27zXlznbVIBTwEN624Z2
2024-01-22,2024,fr,le-calendrier-du-second-tour-des-elections-locales,le calendrier du second tour des elections locales,0,actualites,https://www.isie.tn/actualites/2024/01/22/le-calendrier-du-second-tour-des-elections-locales/,1pY4-uSQPLKUi5rFzqSt4I6pkpxubqP6_
2024-02-16,2024,fr,decision-isie-282-2024,decision isie 282 2024,0,actualites,https://www.isie.tn/actualites/2024/02/16/decision-isie-282-2024/,1AQAuGXRtSgXoXxsSPeAt4i2-N8f-OBvy
2024-03-06,2024,fr,candidatures-conseils-districts-mars-2024,candidatures conseils districts mars 2024,0,actualites,https://www.isie.tn/actualites/2024/03/06/candidatures-conseils-districts-mars-2024/,1a4F6YbRzunsAg3niAG1a3wtnMi_dgezL
2024-03-12,2024,fr,elections-conseils-districts,elections conseils districts,0,actualites,https://www.isie.tn/actualites/2024/03/12/elections-conseils-districts/,1drLq2MjYZPiol-_JcKqWDR3uw0rsV4_8
2024-03-13,2024,fr,service-retrait-de-confiance,service retrait de confiance,0,actualites,https://www.isie.tn/actualites/2024/03/13/service-retrait-de-confiance/,1teOIrHfI0VdN4ekMIv8kvWVijN9BwabJ
2024-03-18,2024,fr,conseil-national-des-regions-et-des-districts,conseil national des regions et des districts,0,actualites,https://www.isie.tn/actualites/2024/03/18/conseil-national-des-regions-et-des-districts/,1t0yKXJdXKaySSgGvt57JAfe7ST_s1JQq
2024-07-03,2024,fr,بلاغ,بلاغ,0,actualites,https://www.isie.tn/actualites/2024/07/03/بلاغ/,1MiyHi0LLPB3w5aiIOpg_ylLwltget1IX
2024-07-05,2024,fr,قائمات-الناخبين-الرئاسية-2024,قائمات الناخبين الرئاسية 2024,0,actualites,https://www.isie.tn/actualites/2024/07/05/قائمات-الناخبين-الرئاسية-2024/,1JHUlpIgPHxreX0-eFmW7dRrLXGa0cow4
2024-07-06,2024,fr,قائمات-الناخبين-للانتخابات-الرئاسية-2024,قائمات الناخبين للانتخابات الرئاسية 2024,0,actualites,https://www.isie.tn/actualites/2024/07/06/قائمات-الناخبين-للانتخابات-الرئاسية-2024/,1ozWTg4gRzo1DPjB5HS_4sesNbOCHFWBF
2024-07-07,2024,fr,بلاغ-حول-التزكيات,بلاغ حول التزكيات,0,actualites,https://www.isie.tn/actualites/2024/07/07/بلاغ-حول-التزكيات/,1Oe7468OEMrR-qjmt1JP7_ALK42F920ke
2024-07-13,2024,fr,بلاغ-13-07-2024,بلاغ 13 07 2024,0,actualites,https://www.isie.tn/actualites/2024/07/13/بلاغ-13-07-2024/,1icHzjCxnEYG1BIoj0WKtBd4uGBFdyTUc
2024-07-14,2024,fr,بلاغ-حول-انطلاق-الفترة-الانتخابية,بلاغ حول انطلاق الفترة الانتخابية,0,actualites,https://www.isie.tn/actualites/2024/07/14/بلاغ-حول-انطلاق-الفترة-الانتخابية/,1l3kNvtGFF5dNkuEyA6IsBe6PjCn9ELs0
2024-07-15,2024,fr,accreditation-presidentielle-2024,accreditation presidentielle 2024,0,actualites,https://www.isie.tn/actualites/2024/07/15/accreditation-presidentielle-2024/,1-xJP14NBdxP1wjInRGyvv-ddLG-8_zEy
2024-07-15,2024,fr,فتح-باب-الترشح-لعضوية-الهيئات-بالخارج,فتح باب الترشح لعضوية الهيئات بالخارج,0,actualites,https://www.isie.tn/actualites/2024/07/15/فتح-باب-الترشح-لعضوية-الهيئات-بالخارج/,1Uf42MzmhwxLqZ5yYgfE5RNIMLU7a4NiL
2024-07-15,2024,fr,فتح-باب-الترشح-لعضوية-الهيئات-بالداخل,فتح باب الترشح لعضوية الهيئات بالداخل,0,actualites,https://www.isie.tn/actualites/2024/07/15/فتح-باب-الترشح-لعضوية-الهيئات-بالداخل/,1J-nSt9Tfi2mxko7IKsGFnw1WiAvoxwrD
2024-08-11,2024,fr,presidentielle-2024-la-liste-preliminaire-des-candidats,presidentielle 2024 la liste preliminaire des candidats,0,actualites,https://www.isie.tn/actualites/2024/08/11/presidentielle-2024-la-liste-preliminaire-des-candidats/,17NxBOefa358x1bSyiGp1wwXONAwpITfW
2024-08-12,2024,fr,communique,communique,0,actualites,https://www.isie.tn/actualites/2024/08/12/communique/,19ZGrzdQ9gmJeOLdfXjB28NtLDiOHk__J
2024-09-03,2024,fr,presidentielle-2024-la-liste-finale-des-candidats,presidentielle 2024 la liste finale des candidats,0,actualites,https://www.isie.tn/actualites/2024/09/03/presidentielle-2024-la-liste-finale-des-candidats/,1V26533Muh0vufXzgfF8CTDPfPECYUTgL
2024-09-04,2024,fr,إجراءات-تمويل-الحملة-الانتخابية,إجراءات تمويل الحملة الانتخابية,0,actualites,https://www.isie.tn/actualites/2024/09/04/إجراءات-تمويل-الحملة-الانتخابية/,1-13BDFEAUuHPnniY24rIn_cSMrmOy4kt
2024-10-02,2024,fr,communique-sur-le-scrutin-libre-a-letranger-lors-des-elections-presidentielles-des-4-5-et-6-octobre-2024,communique sur le scrutin libre a letranger lors des elections presidentielles des 4 5 et 6 octobre 2024,0,actualites,https://www.isie.tn/actualites/2024/10/02/communique-sur-le-scrutin-libre-a-letranger-lors-des-elections-presidentielles-des-4-5-et-6-octobre-2024/,1CtzEDb9o8hkstg-nfYaWn2_7Yb2rGeaZ
2024-10-05,2024,fr,la-liste-finale-des-espaces-de-compilation-des-resultats,la liste finale des espaces de compilation des resultats,0,actualites,https://www.isie.tn/actualites/2024/10/05/la-liste-finale-des-espaces-de-compilation-des-resultats/,11HPfEGI6jUK9vup5E0qzKyXCDxvJksDs
2024-10-08,2024,ar,بلاغ-3,بلاغ 3,0,communiques-ar,https://www.isie.tn/ar/communiques-ar/2024/10/08/بلاغ-3/,1o5d_Q85p2roBNPIxZ-QmZKVHO16EmKDF
2024-10-10,2024,ar,بلاغ-4,بلاغ 4,0,communiques-ar,https://www.isie.tn/ar/communiques-ar/2024/10/10/بلاغ-4/,18nYrxPiJ6cKJk0bCXz90pYb0vBGOist1
