isie_code,governorate_ar,delegation_ar,governorate_name,delegation_name,id_delegation,id_delegation_salb_un,region_name,lat,lon,stations,match_method,match_score,match_margin,corroboration
0301,أريانة,أريانة المدينة,Ariana,L’Ariana Ville,1251,TUN024004,Nord Est,36.8721737130508,10.1578581381956,95,skeleton,0.8000,0.3000,0.8000
0302,أريانة,المنيهلة,Ariana,El Mnihla,1257,TUN024002,Nord Est,36.8557668448616,10.1270259539948,57,skeleton,1.0000,0.6667,1.0000
0303,أريانة,حي التضامن,Ariana,Cité Ettadhamen,1256,TUN024001,Nord Est,36.830157383384,10.1110215778486,56,skeleton,1.0000,0.5556,1.0000
0304,أريانة,رواد,Ariana,Raoued,1253,TUN024005,Nord Est,36.9537448086801,10.1893273510659,69,skeleton,1.0000,0.7143,1.0000
0305,أريانة,سكرة,Ariana,Soukra,1252,TUN024007,Nord Est,36.8786321857922,10.2651298924457,80,skeleton,0.8571,0.5238,1.0000
0306,أريانة,سيدي ثابت,Ariana,Sidi Thabet,1255,TUN024006,Nord Est,36.9107366029308,10.0465997742857,22,skeleton,1.0000,0.7500,1.0000
0307,أريانة,قلعة الأندلس,Ariana,Kalaât El Andalous,1254,TUN024003,Nord Est,37.061832,10.119917,22,skeleton,0.8571,0.6349,1.0000
0201,بن عروس,الزهراء,Ben Arous,Ezzahra,1357,TUN003004,Nord Est,36.7448149493916,10.3078320687416,28,skeleton,1.0000,0.6667,1.0000
0202,بن عروس,المحمدية,Ben Arous,Mohamedia,1360,TUN003010,Nord Est,36.6757103421392,10.1547648309983,51,skeleton,1.0000,0.5000,1.0000
0203,بن عروس,المدينة الجديدة,Ben Arous,La Nouvelle Medina,1352,TUN003008,Nord Est,36.7408202096405,10.2406208527251,44,skeleton,1.0000,0.5556,
0204,بن عروس,المروج,Ben Arous,El Mourouj,1353,TUN003003,Nord Est,36.7330145541323,10.2036295420465,72,skeleton,0.8889,0.3889,1.0000
0205,بن عروس,بن عروس,Ben Arous,Ben Arous,1351,TUN003001,Nord Est,36.7521600050412,10.2179868169192,28,skeleton,1.0000,0.5000,1.0000
0206,بن عروس,بومهل البساتين,Ben Arous,Bou Mhel El Bassatine,1356,TUN003002,Nord Est,36.7246231959162,10.3009396148386,28,skeleton,1.0000,0.5714,1.0000
0207,بن عروس,حمام الأنف,Ben Arous,Hammam Lif,1354,TUN003007,Nord Est,36.7299510867986,10.3360385926413,35,skeleton,0.7500,0.2500,1.0000
0208,بن عروس,حمام الشط,Ben Arous,Hammam Chôtt,1355,TUN003006,Nord Est,36.7138363422459,10.3690903367265,25,skeleton,1.0000,0.5000,1.0000
0209,بن عروس,رادس,Ben Arous,Radès,1358,TUN003012,Nord Est,36.771457,10.280813,44,skeleton,1.0000,0.5000,1.0000
0210,بن عروس,فوشانة,Ben Arous,Fouchana,1361,TUN003005,Nord Est,36.7090240890322,10.17325132984,55,skeleton,1.0000,0.6923,1.0000
0211,بن عروس,مرناق,Ben Arous,Mornag,1362,TUN003011,Nord Est,36.6800814918632,10.2891569566655,52,skeleton,1.0000,0.2500,1.0000
0212,بن عروس,مقرين,Ben Arous,Megrine,1359,TUN003009,Nord Est,36.7730829265536,10.2323868463415,23,skeleton,1.0000,0.2500,1.0000
0802,بنزرت,أوتيك,Bizerte,Utique,1760,TUN004013,Nord Est,37.0395288632834,9.94083059226836,19,skeleton,0.8000,0.4667,1.0000
0801,بنزرت,العالية,Bizerte,El Alia,1763,TUN004004,Nord Est,37.1679671549226,9.98895762351968,24,skeleton,1.0000,0.5000,0.6667
0803,بنزرت,بنزرت الجنوبية,Bizerte,Bizerte Sud,1753,TUN004002,Nord Est,37.2562725367819,9.66403221022733,42,skeleton,0.8889,0.4444,1.0000
0804,بنزرت,بنزرت الشمالية,Bizerte,Bizerte Nord,1751,TUN004001,Nord Est,37.3072102992342,9.82992938941765,74,skeleton,0.8889,0.3556,1.0000
0805,بنزرت,تينجة,Bizerte,Tinja,1759,TUN004012,Nord Est,37.160191,9.764415,17,skeleton,1.0000,0.6000,1.0000
0806,بنزرت,جرزونة,Bizerte,Zarzouna,1752,TUN004014,Nord Est,37.260509,9.883146,20,skeleton,0.8000,0.1333,1.0000
0807,بنزرت,جومين,Bizerte,Djoumine,1755,TUN004003,Nord Est,36.9025940335644,9.39292158069395,32,skeleton,1.0000,0.4286,1.0000
0808,بنزرت,رأس الجبل,Bizerte,Ras Djebel,1764,TUN004010,Nord Est,37.2138188560926,10.1229797132325,51,skeleton,1.0000,0.5000,1.0000
0809,بنزرت,سجنان,Bizerte,Sedjnane,1754,TUN004011,Nord Est,37.1450805698451,9.27813662145779,40,skeleton,1.0000,0.4286,1.0000
0810,بنزرت,غار الملح,Bizerte,Ghar El Meleh,1761,TUN004005,Nord Est,37.1686613710601,10.1065478519741,18,skeleton,1.0000,0.5000,1.0000
0811,بنزرت,غزالة,Bizerte,Ghezala,1757,TUN004006,Nord Est,37.0948156100927,9.47805853098823,29,skeleton,1.0000,0.5000,1.0000
0812,بنزرت,ماطر,Bizerte,Mateur,1756,TUN004007,Nord Est,36.9995851555162,9.65308531918204,40,skeleton,1.0000,0.6000,1.0000
0813,بنزرت,منزل بورقيبة,Bizerte,Menzel Bourguiba,1758,TUN004008,Nord Est,37.1196590969795,9.82774454109103,47,skeleton,1.0000,0.5000,1.0000
0814,بنزرت,منزل جميل,Bizerte,Menzel Djemil,1762,TUN004009,Nord Est,37.2231927857318,9.94151797287201,40,skeleton,1.0000,0.5000,1.0000
0901,باجة,باجة الجنوبية,Béja,Béja Sud,2152,TUN002003,Nord Ouest,36.6592037289898,9.18836818165774,31,skeleton,1.0000,0.6000,0.4000
0902,باجة,باجة الشمالية,Béja,Béja Nord,2151,TUN002002,Nord Ouest,36.814992293504,9.23498904951026,62,skeleton,1.0000,0.6000,1.0000
0903,باجة,تبرسق,Béja,Teboursouk,2155,TUN002007,Nord Ouest,36.4769898155151,9.24291840218999,24,skeleton,0.8333,0.0833,
0904,باجة,تستور,Béja,Testour,2157,TUN002008,Nord Ouest,36.599385255599,9.43020761456381,36,skeleton,1.0000,0.5000,1.0000
0905,باجة,تيبار,Béja,Tibar,2156,TUN002009,Nord Ouest,36.5089953145578,9.0987942610342,10,skeleton,1.0000,0.4000,1.0000
0906,باجة,عمدون,Béja,Amdoun,2153,TUN002001,Nord Ouest,36.8091285854012,9.04218570597474,23,skeleton,1.0000,0.7143,1.0000
0907,باجة,قبلاط,Béja,Goubellat,2158,TUN002004,Nord Ouest,36.542147133069,9.68273141077095,17,skeleton,0.8889,0.6032,1.0000
0908,باجة,مجاز الباب,Béja,Medjez El Bab,2159,TUN002005,Nord Ouest,36.7117819796158,9.60993648587297,39,skeleton,1.0000,0.7143,1.0000
0909,باجة,نفزة,Béja,Nefza,2154,TUN002006,Nord Ouest,36.9937020601793,9.07208160690294,47,skeleton,1.0000,0.7143,1.0000
2201,قابس,الحامة,Gabès,El Hamma,5157,TUN005001,Sud Est,33.8813378182067,9.58567887057177,40,skeleton,1.0000,0.6000,1.0000
2202,قابس,الحامة الغربية,Gabès,,,,,,,18,no_ins_counterpart,0.5714,0.0714,
2203,قابس,المطوية,Gabès,El Metouia,5155,TUN005002,Sud Est,33.9560269878564,10.0122894741686,14,skeleton,1.0000,0.3333,1.0000
2204,قابس,دخيلة توجان,Gabès,,,,,,,14,no_ins_counterpart,0.4000,0.2000,
2205,قابس,غنوش,Gabès,Ghanouch,5154,TUN005006,Sud Est,33.9401780685988,10.0648134203489,22,skeleton,1.0000,0.7143,1.0000
2206,قابس,قابس الجنوبية,Gabès,Gabes Sud,5153,TUN005005,Sud Est,33.8589195821444,10.1064074271325,56,skeleton,1.0000,0.6364,1.0000
2207,قابس,قابس الغربية,Gabès,Gabes Ouest,5152,TUN005004,Sud Est,33.8702215061939,10.0568906169236,25,skeleton,1.0000,0.7778,0.5000
2208,قابس,قابس المدينة,Gabès,Gabes Medina,5151,TUN005003,Sud Est,33.8875234274412,10.1032328008592,37,skeleton,1.0000,0.7500,1.0000
2209,قابس,مارث,Gabès,Mareth,5160,TUN005007,Sud Est,33.617672491373,10.2861175396115,51,skeleton,1.0000,0.3333,1.0000
2210,قابس,مطماطة,Gabès,Matmata,5158,TUN005008,Sud Est,33.5455600401675,9.96719527350555,11,skeleton,1.0000,0.4286,1.0000
2211,قابس,مطماطة الجديدة,Gabès,Nouvelle Matmata,5159,TUN005010,Sud Est,33.6657067932404,10.0168427649968,17,skeleton,1.0000,0.2000,1.0000
2212,قابس,منزل الحبيب,Gabès,Menzel El Habib,5156,TUN005009,Sud Est,34.2309658366758,9.59639866994838,20,skeleton,1.0000,0.7500,1.0000
2213,قابس,وذرف,Gabès,,,,,,,12,no_ins_counterpart,0.2857,0.0000,
1501,قفصة,الرديف,Gafsa,Redeyef,6156,TUN006009,Sud Ouest,34.3858513510541,8.16126276636633,25,skeleton,1.0000,0.6667,1.0000
1502,قفصة,السند,Gafsa,Sned,6161,TUN006011,Sud Ouest,34.5402833477776,9.25170183749588,24,skeleton,1.0000,0.3333,1.0000
1503,قفصة,القصر,Gafsa,El Ksar,6153,TUN006003,Sud Ouest,34.3976693604941,8.80438293020938,30,skeleton,1.0000,0.3333,
1504,قفصة,القطار,Gafsa,El Guetar,6159,TUN006002,Sud Ouest,34.3396437943929,8.94915817872046,18,skeleton,1.0000,0.3333,1.0000
1505,قفصة,المتلوي,Gafsa,Metlaoui,6157,TUN006007,Sud Ouest,34.3159206016337,8.40179014994731,33,skeleton,1.0000,0.4286,1.0000
1506,قفصة,المظيلة,Gafsa,Mdhila,6158,TUN006006,Sud Ouest,34.2914600510678,8.75320846111811,14,skeleton,0.6667,0.0952,1.0000
1507,قفصة,ام العرائس,Gafsa,Oum El Araies,6155,TUN006008,Sud Ouest,34.4879886226931,8.27472099298367,27,skeleton,0.8571,0.5238,0.7500
1508,قفصة,بلخير,Gafsa,Belkhir,6160,TUN006001,Sud Ouest,34.2742498616834,9.39138593556397,20,skeleton,1.0000,0.4286,1.0000
1509,قفصة,زانوش,Gafsa,,,,,,,15,no_ins_counterpart,0.2857,0.0000,
1510,قفصة,سيدي بوبكر,Gafsa,,,,,,,7,no_ins_counterpart,0.5455,0.1455,
1511,قفصة,سيدي عيش,Gafsa,Sidi Aïch,6152,TUN006010,Sud Ouest,34.7312899158882,8.78307693790702,14,skeleton,1.0000,0.3333,1.0000
1512,قفصة,قفصة الجنوبية,Gafsa,Gafsa Sud,6154,TUN006005,Sud Ouest,34.423584,8.783704,85,skeleton,1.0000,0.6000,1.0000
1513,قفصة,قفصة الشمالية,Gafsa,Gafsa Nord,6151,TUN006004,Sud Ouest,34.423584,8.783704,15,skeleton,1.0000,0.5556,1.0000
0501,جندوبة,بلطة بوعوان,Jendouba,Balta - Bou Aouane,2259,TUN007002,Nord Ouest,36.7055192852152,8.91957778067778,33,skeleton,1.0000,0.6000,0.6667
0502,جندوبة,بوسالم,Jendouba,Bou Salem,2253,TUN007003,Nord Ouest,36.5713636495591,8.9808553983091,35,skeleton,1.0000,0.6000,1.0000
0503,جندوبة,جندوبة,Jendouba,Jendouba,2251,TUN007006,Nord Ouest,36.4722865313434,8.82491652622694,65,skeleton,1.0000,0.6000,1.0000
0504,جندوبة,جندوبة الشمالية,Jendouba,Jendouba Nord,2252,TUN007007,Nord Ouest,36.5455150366183,8.71131928945965,39,skeleton,1.0000,0.2308,1.0000
0505,جندوبة,طبرقة,Jendouba,Tabarka,2254,TUN007009,Nord Ouest,36.9159513053485,8.83709870499338,47,skeleton,1.0000,0.6000,
0506,جندوبة,عين دراهم,Jendouba,Ain Draham,2255,TUN007001,Nord Ouest,36.7866721383357,8.70348168022516,41,skeleton,1.0000,0.6000,1.0000
0507,جندوبة,غار الدماء,Jendouba,Ghardimaou,2257,TUN007005,Nord Ouest,36.4950481753192,8.38123439375703,62,skeleton,0.8889,0.4444,1.0000
0508,جندوبة,فرنانة,Jendouba,Fernana,2256,TUN007004,Nord Ouest,36.6572414178278,8.64848983590162,49,skeleton,1.0000,0.7143,1.0000
0509,جندوبة,وادي مليز,Jendouba,Oued Meliz,2258,TUN007008,Nord Ouest,36.4719113292821,8.57535177365262,18,skeleton,1.0000,0.6000,1.0000
1201,القيروان,السبيخة,Kairouan,Sbikha,4154,TUN008011,Centre Ouest,35.93,10.02,39,skeleton,1.0000,0.3333,1.0000
1202,القيروان,الشبيكة,Kairouan,Echebika,4153,TUN008002,Centre Ouest,35.616127822576,9.92747542606157,26,skeleton,1.0000,0.3333,1.0000
1203,القيروان,الشراردة,Kairouan,Echrarda,4160,TUN008003,Centre Ouest,35.1188551886538,10.0338221341062,27,skeleton,1.0000,0.6667,1.0000
1204,القيروان,العلا,Kairouan,El Alaa,4157,TUN008004,Centre Ouest,35.6145,9.562569,31,skeleton,1.0000,0.6000,0.6667
1205,القيروان,القيروان الجنوبية,Kairouan,Kairouan Sud,4152,TUN008009,Centre Ouest,35.6720318599924,10.1047015548351,37,skeleton,1.0000,0.6923,1.0000
1206,القيروان,القيروان الشمالية,Kairouan,Kairouan Nord,4151,TUN008008,Centre Ouest,35.6807244685802,10.0968458010199,29,skeleton,1.0000,0.6364,0.7500
1207,القيروان,الوسلاتية,Kairouan,El Ouslatia,4155,TUN008005,Centre Ouest,35.8940991378827,9.67835694021294,26,skeleton,1.0000,0.5556,1.0000
1208,القيروان,بوحجلة,Kairouan,Bouhajla,4161,TUN008001,Centre Ouest,35.3964359285718,10.0498948750714,44,skeleton,1.0000,0.5556,1.0000
1209,القيروان,حاجب العيون,Kairouan,Hajeb el Ayoun,4158,TUN008007,Centre Ouest,35.395277810186,9.54314348412546,39,skeleton,1.0000,0.5556,1.0000
1210,القيروان,حفوز,Kairouan,Haffouz,4156,TUN008006,Centre Ouest,35.635099884877,9.67593336970749,26,skeleton,1.0000,0.5556,1.0000
1211,القيروان,عين جلولة,Kairouan,,,,,,,8,no_ins_counterpart,0.4000,0.0000,
1212,القيروان,منزل المهيري,Kairouan,,,,,,,13,no_ins_counterpart,0.5000,0.2500,
1213,القيروان,نصر اللّه,Kairouan,Nasrallah,4159,TUN008010,Centre Ouest,35.3529520476806,9.82741990551225,20,skeleton,1.0000,0.5556,
1301,القصرين,الزهور,Kasserine,Ezzouhour,4253,TUN009003,Centre Ouest,35.160169053947,8.83025618401427,22,skeleton,0.8889,0.3175,
1302,القصرين,العيون,Kasserine,El Ayoun,4258,TUN009002,Centre Ouest,35.5401319110736,8.88362209657525,22,skeleton,1.0000,0.3333,1.0000
1303,القصرين,القصرين الجنوبية,Kasserine,Kasserine Sud,4252,TUN009009,Centre Ouest,35.1683171001446,8.83404495635763,18,skeleton,1.0000,0.6000,1.0000
1304,القصرين,القصرين الشمالية,Kasserine,Kasserine Nord,4251,TUN009008,Centre Ouest,35.1683171001446,8.83404495635763,56,skeleton,1.0000,0.6000,1.0000
1305,القصرين,تالة,Kasserine,Thala,4259,TUN009013,Centre Ouest,35.5760171212557,8.66937507503892,35,skeleton,1.0000,0.3333,1.0000
1306,القصرين,جدليان,Kasserine,Djedeliane,4257,TUN009001,Centre Ouest,35.592468285994,9.05616064831231,17,skeleton,1.0000,0.6364,1.0000
1307,القصرين,حاسي الفريد,Kasserine,Hassi Ferid,4254,TUN009006,Centre Ouest,34.9772961325227,8.95026900385292,25,skeleton,1.0000,0.5000,1.0000
1308,القصرين,حيدرة,Kasserine,Hidra,4260,TUN009007,Centre Ouest,35.5647630493888,8.44586295831079,12,skeleton,1.0000,0.5000,1.0000
1309,القصرين,سبيبة,Kasserine,Sbiba,4256,TUN009012,Centre Ouest,35.5466484482888,9.07329487934262,44,skeleton,1.0000,0.3333,1.0000
1310,القصرين,سبيطلة,Kasserine,Sbeitla,4255,TUN009011,Centre Ouest,35.2302236888792,9.13114861987195,75,skeleton,1.0000,0.3333,1.0000
1311,القصرين,فريانة,Kasserine,Feriana,4262,TUN009004,Centre Ouest,34.94677951974,8.56666793720349,55,skeleton,1.0000,0.4286,1.0000
1312,القصرين,فوسانة,Kasserine,Foussana,4261,TUN009005,Centre Ouest,35.3493439988796,8.62518333069346,44,skeleton,1.0000,0.3333,1.0000
1313,القصرين,ماجل بلعباس,Kasserine,Majel Bel Abbes,4263,TUN009010,Centre Ouest,34.749616,8.522902,29,skeleton,1.0000,0.6364,0.6667
0601,الكاف,الجريصة,Kef,Djerissa,2358,TUN011002,Nord Ouest,35.8296184822369,8.64243172403363,14,skeleton,1.0000,0.3333,1.0000
0602,الكاف,الدهماني,Kef,Dahmani,2360,TUN011001,Nord Ouest,35.945666660396,8.83127513460379,33,skeleton,1.0000,0.7143,1.0000
0603,الكاف,السرس,Kef,Es-Sers,2361,TUN011004,Nord Ouest,36.0755869058964,9.02389692700614,23,skeleton,1.0000,0.3333,
0604,الكاف,الطويرف,Kef,,,,,,,10,no_ins_counterpart,0.5000,0.0000,
0605,الكاف,القصور,Kef,El Ksour,2359,TUN011003,Nord Ouest,35.8941944479448,8.8857651300114,20,skeleton,1.0000,0.4286,1.0000
0606,الكاف,القلعة الخصباء,Kef,Kalaat Khasbah,2357,TUN011005,Nord Ouest,35.6582222939186,8.58708982673364,8,skeleton,0.8333,0.2333,0.9231
0607,الكاف,الكاف الشرقية,Kef,Kef Est,2352,TUN011007,Nord Ouest,36.189766166447,8.87051731620722,39,skeleton,1.0000,0.5556,1.0000
0608,الكاف,الكاف الغربية,Kef,Kef Ouest,2351,TUN011008,Nord Ouest,36.1563436807945,8.62691641238238,27,skeleton,1.0000,0.5556,1.0000
0609,الكاف,تاجروين,Kef,Tajerouine,2355,TUN011011,Nord Ouest,35.8914484866869,8.55357392359722,34,skeleton,1.0000,0.5000,1.0000
0610,الكاف,ساقية سيدي يوسف,Kef,Sakiet Sidi Youssef,2354,TUN011010,Nord Ouest,36.1874379706079,8.43872655337175,23,skeleton,0.9333,0.3879,1.0000
0611,الكاف,قلعة سنان,Kef,Kalaat Snan,2356,TUN011006,Nord Ouest,35.7684772886976,8.34177941609828,22,skeleton,0.8889,0.3434,1.0000
0612,الكاف,نبر,Kef,Nebeur,2353,TUN011009,Nord Ouest,36.3344162224382,8.76061476074858,23,skeleton,1.0000,0.6667,
1701,قبلي,الفوار,Kébili,Faouar,6356,TUN010002,Sud Ouest,33.3564724802474,8.67252583060178,15,skeleton,1.0000,0.7500,1.0000
1702,قبلي,دوز الجنوبية,Kébili,Douz Sud,6355,TUN010007,Sud Ouest,33.461435,9.029471,16,skeleton,1.0000,0.8000,1.0000
1703,قبلي,دوز الشمالية,Kébili,Douz Nord,6354,TUN010006,Sud Ouest,33.461435,9.029471,26,skeleton,1.0000,0.7778,1.0000
1704,قبلي,رجيم معتوق,Kébili,,,,,,,6,no_ins_counterpart,0.3636,0.1414,
1705,قبلي,سوق الأحد,Kébili,Souk El Ahed,6353,TUN010005,Sud Ouest,33.7785152960619,8.84576523135427,32,skeleton,1.0000,0.7500,0.9091
1706,قبلي,قبلي الجنوبية,Kébili,Kebili Sud,6351,TUN010004,Sud Ouest,33.7035095606169,8.97291251141334,28,skeleton,1.0000,0.8000,1.0000
1707,قبلي,قبلي الشمالية,Kébili,Kebeli Nord,6352,TUN010003,Sud Ouest,33.7035095606169,8.97291251141334,29,skeleton,1.0000,0.8182,1.0000
1906,المهدية,أولاد الشامخ,Mahdia,Ouled Chamekh,3353,TUN012010,Centre Est,35.491272,10.316639,23,skeleton,1.0000,0.4545,1.0000
1901,المهدية,البرادعة,Mahdia,,,,,,,16,no_ins_counterpart,0.6667,0.0000,
1902,المهدية,الجم,Mahdia,El Djem,3357,TUN012004,Centre Est,35.2956415003264,10.7077205608598,40,skeleton,1.0000,0.6000,0.4000
1903,المهدية,السواسي,Mahdia,Essouassi,3356,TUN012005,Centre Est,35.3445907082418,10.548874442082,48,skeleton,1.0000,0.3333,1.0000
1904,المهدية,الشابة,Mahdia,Chebba,3358,TUN012012,Centre Est,35.23369,11.110785,26,skeleton,1.0000,0.3333,1.0000
1905,المهدية,المهدية,Mahdia,Mahdia,3351,TUN012008,Centre Est,35.5035988070227,11.0594215946407,59,skeleton,1.0000,0.5556,1.0000
1907,المهدية,بومرداس,Mahdia,Bou Merdes,3352,TUN012001,Centre Est,35.457134,10.728938,28,skeleton,1.0000,0.5000,1.0000
1908,المهدية,رجيش,Mahdia,,,,,,,10,no_ins_counterpart,0.4000,0.0000,
1909,المهدية,سيدي علوان,Mahdia,Sidi Alouane,3360,TUN012011,Centre Est,35.3758359645587,10.9373058006469,36,skeleton,1.0000,0.5000,1.0000
1910,المهدية,شربان,Mahdia,Chorbane,3354,TUN012003,Centre Est,35.2870187770175,10.3873980528401,26,skeleton,1.0000,0.3333,1.0000
1911,المهدية,قصور الساف,Mahdia,Ksour Essef,3361,TUN012007,Centre Est,35.4232600590764,10.9973835557967,30,skeleton,1.0000,0.3333,1.0000
1912,المهدية,ملولش,Mahdia,Melloulech,3359,TUN012009,Centre Est,35.1674523209509,11.0342879171851,19,skeleton,1.0000,0.4545,1.0000
1913,المهدية,هبيرة,Mahdia,Hebira,3355,TUN012006,Centre Est,35.1653772310452,10.2331803741098,12,skeleton,1.0000,0.5556,1.0000
0401,منوبة,البطان,Mannouba,El Battane,1458,TUN025004,Nord Est,36.7958967631103,9.73798416211797,15,skeleton,1.0000,0.7143,1.0000
0402,منوبة,الجديدة,Mannouba,Djedeida,1456,TUN025002,Nord Est,36.8507748981738,9.93572343955214,34,skeleton,1.0000,0.6000,1.0000
0403,منوبة,المرناقية,Mannouba,Mornaguia,1454,TUN025006,Nord Est,36.7575006527502,10.0152377656529,32,skeleton,1.0000,0.5000,1.0000
0404,منوبة,برج العامري,Mannouba,Borj Amri,1455,TUN025001,Nord Est,36.727860127206,9.82965746439058,18,skeleton,1.0000,0.5556,1.0000
0405,منوبة,دوار هيشر,Mannouba,Douar Hicher,1452,TUN025003,Nord Est,36.8242904044357,10.0948954148561,51,skeleton,1.0000,0.6364,1.0000
0406,منوبة,طبربة,Mannouba,Tebourba,1457,TUN025008,Nord Est,36.8319073206268,9.83812361837948,34,skeleton,0.8889,0.4444,
0407,منوبة,منوبة,Mannouba,Mannouba,1451,TUN025005,Nord Est,36.806894868088,10.0866937536226,52,skeleton,1.0000,0.5000,1.0000
0408,منوبة,وادي الليل,Mannouba,Oued Ellil,1453,TUN025007,Nord Est,36.8401513758151,10.0397242481703,48,skeleton,1.0000,0.6000,1.0000
2301,مدنين,بنقردان,Medenine,Ben Guerdane,5254,TUN013001,Sud Est,33.1403580125653,11.217000561645,70,skeleton,1.0000,0.2727,1.0000
2302,مدنين,بني خداش,Medenine,Beni Khedech,5253,TUN013002,Sud Est,33.251374,10.199604,40,skeleton,1.0000,0.2727,1.0000
2303,مدنين,جربة أجيم,Medenine,Djerba Ajim,5258,TUN013003,Sud Est,33.7294139259302,10.7581680786595,25,skeleton,1.0000,0.3333,0.6667
2304,مدنين,جربة حومة السوق,Medenine,Djerba Houmet Souk,5256,TUN013004,Sud Est,33.876668,10.857715,62,skeleton,0.9474,0.3759,0.7778
2305,مدنين,جربة ميدون,Medenine,Djerba Midoun,5257,TUN013005,Sud Est,33.7435729582705,10.9198066449476,55,skeleton,1.0000,0.3333,0.7692
2306,مدنين,جرجيس,Medenine,Zarzis,5255,TUN013009,Sud Est,33.5048670056365,11.1058979500037,81,manual,1.0000,,1.0000
2307,مدنين,سيدي مخلوف,Medenine,Sidi Makhloulf,5259,TUN013008,Sud Est,33.5059301511192,10.4798143842559,31,skeleton,0.9333,0.6476,0.9333
2308,مدنين,مدنين الجنوبية,Medenine,Medenine Sud,5252,TUN013007,Sud Est,33.3431296638086,10.4937865091156,62,skeleton,1.0000,0.5714,1.0000
2309,مدنين,مدنين الشمالية,Medenine,Medenine Nord,5251,TUN013006,Sud Est,33.3467171016568,10.4887980008468,50,skeleton,1.0000,0.5385,1.0000
2001,المنستير,البقالطة,Monastir,Bekalta,3259,TUN014001,Centre Est,35.6195053129999,10.9937058017188,15,skeleton,1.0000,0.5000,1.0000
2002,المنستير,الساحلين,Monastir,Sahline,3253,TUN014010,Centre Est,35.75,10.71,21,skeleton,1.0000,0.3333,1.0000
2003,المنستير,المكنين,Monastir,Moknine,3258,TUN014007,Centre Est,35.6291571362094,10.8995551460143,81,skeleton,1.0000,0.5000,1.0000
2004,المنستير,المنستير,Monastir,Monastir,3251,TUN014008,Centre Est,35.7732238521516,10.832591925042,77,skeleton,1.0000,0.5000,1.0000
2005,المنستير,الوردانين,Monastir,Ouerdanine,3252,TUN014009,Centre Est,35.708893,10.678494,18,skeleton,1.0000,0.3333,1.0000
2006,المنستير,بنبلة,Monastir,Bembla,3257,TUN014002,Centre Est,35.6957293947799,10.7931994766716,25,skeleton,0.7500,0.2500,0.7500
2007,المنستير,بني حسان,Monastir,Beni Hassen,3255,TUN014003,Centre Est,35.567307,10.808129,11,skeleton,1.0000,0.6000,1.0000
2008,المنستير,جمال,Monastir,Jammel,3256,TUN014004,Centre Est,35.6245572209159,10.7586081388034,50,skeleton,1.0000,0.4286,1.0000
2009,المنستير,زرمدين,Monastir,Zermadine,3254,TUN014013,Centre Est,35.5736062221467,10.7323337781867,25,skeleton,1.0000,0.3333,1.0000
2010,المنستير,صيادة - لمطة - بوحجر,Monastir,Sayada-Lamta Bou-Hjar,3263,TUN014011,Centre Est,35.6708121890023,10.8757745547852,23,skeleton,1.0000,0.6000,0.6667
2011,المنستير,طبلبة,Monastir,Teboulba,3260,TUN014012,Centre Est,35.6419874123447,10.9656835176345,27,skeleton,0.8889,0.3889,0.8889
2012,المنستير,قصر هلال,Monastir,Ksar Helal,3261,TUN014005,Centre Est,35.6444361807978,10.8891169004473,41,skeleton,1.0000,0.3333,1.0000
2013,المنستير,قصيبة المديوني,Monastir,Ksibet El Mediouni,3262,TUN014006,Centre Est,35.6868200266063,10.8422631248666,27,skeleton,0.9333,0.4333,0.9412
1001,نابل,الحمامات,Nabeul,Hammamet,1566,TUN015009,Nord Est,36.4055692330087,10.612743792791,77,skeleton,1.0000,0.4286,1.0000
1002,نابل,الميدة,Nabeul,El Mida,1556,TUN015006,Nord Est,36.7261444990245,10.8353968501018,24,skeleton,1.0000,0.6000,1.0000
1003,نابل,الهوارية,Nabeul,El Haouaria,1559,TUN015005,Nord Est,37.050188274086,11.0121552196301,38,skeleton,1.0000,0.5556,1.0000
1004,نابل,بني خلاد,Nabeul,Beni Khalled,1563,TUN015001,Nord Est,36.6496137822061,10.5916925981674,32,skeleton,1.0000,0.3333,1.0000
1005,نابل,بني خيار,Nabeul,Beni Khiar,1553,TUN015002,Nord Est,36.463940426163,10.7829219430725,33,skeleton,1.0000,0.3333,1.0000
1006,نابل,بوعرقوب,Nabeul,Bou Argoub,1565,TUN015003,Nord Est,36.5305220996837,10.5524184109618,28,skeleton,1.0000,0.5556,1.0000
1007,نابل,تاكلسة,Nabeul,Takelsa,1560,TUN015016,Nord Est,36.7935032325283,10.6259469655728,21,skeleton,1.0000,0.4286,1.0000
1008,نابل,حمام الغزاز,Nabeul,Hammam El Guezaz,1558,TUN015008,Nord Est,36.8759888890026,11.1084896360594,15,skeleton,0.7500,0.1786,0.7500
1009,نابل,دار شعبان الفهري,Nabeul,Dar Chaabane El Fehri,1552,TUN015004,Nord Est,36.4657510563857,10.7483082963228,43,skeleton,1.0000,0.5000,0.8000
1010,نابل,سليمان,Nabeul,Soliman,1561,TUN015015,Nord Est,36.693775513182,10.4922186704527,41,skeleton,1.0000,0.6000,1.0000
1011,نابل,قربة,Nabeul,Korba,1554,TUN015011,Nord Est,36.5751538196369,10.8589507564242,55,skeleton,1.0000,0.2500,1.0000
1012,نابل,قرنبالية,Nabeul,Grombalia,1564,TUN015007,Nord Est,36.6003345984905,10.4337978191084,50,skeleton,0.8000,0.0500,1.0000
1013,نابل,قليبية,Nabeul,Kelibia,1557,TUN015010,Nord Est,36.8456415637367,11.0936428864264,47,skeleton,1.0000,0.3333,1.0000
1014,نابل,منزل بوزلفة,Nabeul,Menzel Bouzelfa,1562,TUN015012,Nord Est,36.683053,10.58443,31,skeleton,1.0000,0.4667,1.0000
1015,نابل,منزل تميم,Nabeul,Menzel Temime,1555,TUN015013,Nord Est,36.780817149896,10.9938499644427,52,skeleton,1.0000,0.4667,0.8000
1016,نابل,نابل,Nabeul,Nabeul,1551,TUN015014,Nord Est,36.4513379639031,10.7353999245707,58,skeleton,1.0000,0.5000,1.0000
2101,صفاقس,الحنشة,Sfax,El Hencha,3460,TUN016005,Centre Est,35.1231058215717,10.7414044653295,45,skeleton,1.0000,0.6000,1.0000
2102,صفاقس,الصخيرة,Sfax,Skhira,3464,TUN016015,Centre Est,34.298136,10.074742,43,skeleton,1.0000,0.2500,1.0000
2103,صفاقس,العامرة,Sfax,El Amra,3459,TUN016004,Centre Est,34.9403315315361,10.8630852433,26,skeleton,1.0000,0.3333,0.8000
2104,صفاقس,الغريبة,Sfax,Ghraiba,3462,TUN016006,Centre Est,34.4960168043569,10.2122639599576,15,skeleton,1.0000,0.3333,1.0000
2105,صفاقس,المحرس,Sfax,Mahres,3465,TUN016008,Centre Est,34.5231736534753,10.4978654680511,33,skeleton,1.0000,0.3333,1.0000
2106,صفاقس,بئر علي بن خليفة,Sfax,Bir ali Ben Kelifa,3463,TUN016002,Centre Est,34.7362004110653,10.0931107702423,66,skeleton,1.0000,0.6364,1.0000
2107,صفاقس,جبنيانة,Sfax,Djebeniana,3458,TUN016003,Centre Est,35.0351829492338,10.9090045793756,42,skeleton,1.0000,0.6000,1.0000
2108,صفاقس,ساقية الداير,Sfax,Sakiet Eddaier,3454,TUN016010,Centre Est,34.8004766443581,10.7837038117689,81,skeleton,0.8889,0.0317,1.0000
2109,صفاقس,ساقية الزيت,Sfax,Sakiet Ezzit,3453,TUN016011,Centre Est,34.8031749934018,10.7611886650031,78,skeleton,0.8889,0.2222,1.0000
2110,صفاقس,صفاقس الجنوبية,Sfax,Sfax Sud,3455,TUN016013,Centre Est,34.7832508860101,10.7226492980779,87,skeleton,1.0000,0.6364,0.6667
2111,صفاقس,صفاقس الغربية,Sfax,Sfax Ouest,3452,TUN016012,Centre Est,34.7358108294936,10.7413416412841,77,skeleton,1.0000,0.4000,0.5714
2112,صفاقس,صفاقس المدينة,Sfax,Sfax Ville,3451,TUN016014,Centre Est,34.7405076015418,10.7585036091073,76,skeleton,1.0000,0.5000,1.0000
2113,صفاقس,طينة,Sfax,Tina,3456,TUN016016,Centre Est,34.6850507056166,10.704446108615,40,skeleton,1.0000,0.6000,1.0000
2114,صفاقس,عقارب,Sfax,Agareb,3457,TUN016001,Centre Est,34.7411957114028,10.5282151066633,40,skeleton,1.0000,0.3333,1.0000
2115,صفاقس,قرقنة,Sfax,Kerkenah,3466,TUN016007,Centre Est,34.7439886328436,11.2281662000524,18,skeleton,0.8889,0.3175,0.6667
2116,صفاقس,منزل شاكر,Sfax,Menzel Chaker,3461,TUN016009,Centre Est,34.9700549040926,10.3715552273507,39,skeleton,1.0000,0.5556,1.0000
1406,سيدي بوزيد,أولاد حفوز,Sidi Bouzid,Ouled Haffouz,4362,TUN017007,Centre Ouest,35.0821358757475,9.87136562153227,26,skeleton,1.0000,0.6000,1.0000
1401,سيدي بوزيد,الرقاب,Sidi Bouzid,Regueb,4361,TUN017008,Centre Ouest,34.859309489074,9.78673275444985,44,skeleton,1.0000,0.7143,1.0000
1402,سيدي بوزيد,السعيدة,Sidi Bouzid,,,,,,,22,no_ins_counterpart,0.5714,0.1270,
1403,سيدي بوزيد,المزونة,Sidi Bouzid,Mezzouna,4360,TUN017006,Centre Ouest,34.577528,9.841839,28,skeleton,1.0000,0.3333,1.0000
1404,سيدي بوزيد,المكناسي,Sidi Bouzid,Meknassy,4358,TUN017004,Centre Ouest,34.6387523866969,9.613793576544,24,skeleton,1.0000,0.5000,1.0000
1405,سيدي بوزيد,الهيشرية,Sidi Bouzid,,,,,,,14,no_ins_counterpart,0.3333,0.0476,
1407,سيدي بوزيد,بئر الحفي,Sidi Bouzid,Bir El Hafey,4355,TUN017001,Centre Ouest,34.9275226502715,9.19224276367583,36,skeleton,1.0000,0.6364,1.0000
1408,سيدي بوزيد,جلمة,Sidi Bouzid,Jilma,4353,TUN017003,Centre Ouest,35.2718010704354,9.42244379262345,37,skeleton,1.0000,0.7143,1.0000
1409,سيدي بوزيد,سبالة اولاد عسكر,Sidi Bouzid,Cebalet Ouled Asker,4354,TUN017002,Centre Ouest,35.178217,9.280102,21,skeleton,0.9474,0.5188,0.5333
1410,سيدي بوزيد,سوق الجديد,Sidi Bouzid,Souk Jedid,4359,TUN017012,Centre Ouest,34.9379222756398,9.56226687296103,25,skeleton,1.0000,0.6000,1.0000
1411,سيدي بوزيد,سيدي بوزيد الشرقية,Sidi Bouzid,Sidi Bouzid Est,4352,TUN017011,Centre Ouest,35.0397031758561,9.49380591151303,43,skeleton,1.0000,0.5000,0.6667
1412,سيدي بوزيد,سيدي بوزيد الغربية,Sidi Bouzid,Sidi Bouzid Ouest,4351,TUN017010,Centre Ouest,35.0397031758561,9.49380591151303,59,skeleton,1.0000,0.5000,1.0000
1413,سيدي بوزيد,سيدي علي بن عون,Sidi Bouzid,Sidi Ali Ben Aoun,4356,TUN017009,Centre Ouest,34.85114,9.143586,26,skeleton,1.0000,0.6000,1.0000
1414,سيدي بوزيد,منزل بوزيان,Sidi Bouzid,Menzel Bouzaienne,4357,TUN017005,Centre Ouest,34.5731116183406,9.42739043759074,35,skeleton,1.0000,0.4667,1.0000
0701,سليانة,الروحية,Siliana,Er-Rouhia,2458,TUN018006,Nord Ouest,35.6523901735895,9.05595243150605,32,skeleton,1.0000,0.3333,1.0000
0702,سليانة,العروسة,Siliana,El Aroussa,2461,TUN018004,Nord Ouest,36.378945,9.451544,11,skeleton,1.0000,0.2500,1.0000
0703,سليانة,الكريب,Siliana,El Krib,2455,TUN018005,Nord Ouest,36.3548703978182,9.10154096582791,21,skeleton,1.0000,0.3333,1.0000
0704,سليانة,برقو,Siliana,Bargou,2460,TUN018001,Nord Ouest,36.1058897903336,9.61445905126772,18,skeleton,1.0000,0.3333,1.0000
0705,سليانة,بورويس,Siliana,Bourouis,2456,TUN018003,Nord Ouest,36.1784367325395,9.12645691334766,15,skeleton,1.0000,0.2500,1.0000
0706,سليانة,بوعرادة,Siliana,Bou Arada,2453,TUN018002,Nord Ouest,36.3510515449576,9.62416773848199,21,skeleton,1.0000,0.3333,1.0000
0707,سليانة,سليانة الجنوبية,Siliana,Siliana Sud,2452,TUN018011,Nord Ouest,36.081947169998,9.36711466728733,38,skeleton,1.0000,0.8000,1.0000
0708,سليانة,سليانة الشمالية,Siliana,Siliana Nord,2451,TUN018010,Nord Ouest,36.0873716577026,9.37332169276958,35,skeleton,1.0000,0.7778,1.0000
0709,سليانة,قعفور,Siliana,Gaafour,2454,TUN018007,Nord Ouest,36.3233249948678,9.32396738205966,18,skeleton,1.0000,0.4286,1.0000
0710,سليانة,كسرى,Siliana,Kesra,2459,TUN018008,Nord Ouest,35.813648821385,9.36525393614045,19,skeleton,1.0000,0.3333,
0711,سليانة,مكثر,Siliana,Makthar,2457,TUN018009,Nord Ouest,35.8559175992508,9.20571678516091,31,skeleton,1.0000,0.4286,
1801,سوسة,أكودة,Sousse,Akouda,3156,TUN019001,Centre Est,35.8660120291262,10.5710186372875,28,skeleton,1.0000,0.4286,1.0000
1802,سوسة,الزاوية - القصيبة - الثريات,Sousse,Zaouia - Ksiba - Thrayet,3166,TUN019017,Centre Est,35.778312620476,10.6256070207299,24,skeleton,1.0000,0.5385,0.6667
1803,سوسة,القلعة الصغرى,Sousse,Kalaâ Seghira,3165,TUN019007,Centre Est,35.8227621922752,10.5688951300585,28,skeleton,1.0000,0.4000,1.0000
1804,سوسة,القلعة الكبرى,Sousse,Kalaâ Kebira,3157,TUN019006,Centre Est,35.869876,10.53492,37,skeleton,1.0000,0.4000,1.0000
1805,سوسة,النفيضة,Sousse,Enfidha,3160,TUN019003,Centre Est,36.133818,10.377455,42,skeleton,1.0000,0.4286,1.0000
1806,سوسة,بوفيشة,Sousse,Bouficha,3161,TUN019002,Centre Est,36.301785518236,10.4534159878753,23,skeleton,1.0000,0.5556,1.0000
1807,سوسة,حمام سوسة,Sousse,Hammam Sousse,3155,TUN019004,Centre Est,35.8901178181063,10.5949035981062,43,skeleton,1.0000,0.4000,1.0000
1808,سوسة,سوسة الرياض,Sousse,Sousse Riadh,3152,TUN019016,Centre Est,35.801726483001,10.5989280646154,49,skeleton,1.0000,0.3333,0.7500
1809,سوسة,سوسة المدينة,Sousse,Sousse Medina,3151,TUN019013,Centre Est,35.8280120700423,10.6334156303084,31,skeleton,1.0000,0.2727,1.0000
1810,سوسة,سوسة جوهرة,Sousse,Sousse Jawhara,3153,TUN019012,Centre Est,35.82492,10.6233,57,skeleton,1.0000,0.3333,0.7273
1811,سوسة,سوسة سيدي عبد الحميد,Sousse,Sousse Sidi Abdelhamid,3154,TUN019015,Centre Est,35.81021,10.63634,35,skeleton,0.9474,0.3759,0.8889
1812,سوسة,سيدي الهاني,Sousse,Sidi El Héni,3163,TUN019011,Centre Est,35.6812389980323,10.3139822488314,15,skeleton,1.0000,0.5000,0.8889
1813,سوسة,سيدي بوعلي,Sousse,Sidi Bou Ali,3158,TUN019010,Centre Est,35.956279912271,10.4705292427312,16,skeleton,1.0000,0.4667,1.0000
1814,سوسة,كندار,Sousse,Kondar,3162,TUN019008,Centre Est,35.9326166410087,10.3001004220143,12,skeleton,1.0000,0.4286,1.0000
1815,سوسة,مساكن,Sousse,M’saken,3164,TUN019009,Centre Est,35.7269654532678,10.5821376310443,65,skeleton,1.0000,0.5000,1.0000
1816,سوسة,هرقلة,Sousse,Hergla,3159,TUN019005,Centre Est,36.0299167392221,10.5081369331873,8,skeleton,1.0000,0.5556,1.0000
2401,تطاوين,البئر الأحمر,Tataouine,Bir Lahmar,5354,TUN020001,Sud Est,33.2171637522279,10.4867021903497,12,skeleton,0.9091,0.4091,1.0000
2402,تطاوين,الصمار,Tataouine,Smâr,5353,TUN020005,Sud Est,32.9966879530769,10.8221352487705,10,skeleton,1.0000,0.5000,1.0000
2403,تطاوين,بني مهيرة,Tataouine,,,,,,,12,no_ins_counterpart,0.5455,0.0455,
2404,تطاوين,تطاوين الجنوبية,Tataouine,Tataouine Sud,5352,TUN020007,Sud Est,32.9254443510444,10.4398464692002,40,skeleton,1.0000,0.8000,1.0000
2405,تطاوين,تطاوين الشمالية,Tataouine,Tataouine Nord,5351,TUN020006,Sud Est,32.9318629503354,10.4543517285844,65,skeleton,1.0000,0.7778,1.0000
2406,تطاوين,ذهيبة,Tataouine,Dhehiba,5356,TUN020002,Sud Est,32.0104044734881,10.7000814529898,8,skeleton,1.0000,0.6667,0.8000
2407,تطاوين,رمادة,Tataouine,Remada,5357,TUN020004,Sud Est,32.3161333848832,10.3977575567299,16,skeleton,1.0000,0.5556,1.0000
2408,تطاوين,غمراسن,Tataouine,Ghomrassen,5355,TUN020003,Sud Est,33.059043143807,10.3367650970179,23,skeleton,1.0000,0.5000,1.0000
1601,توزر,تمغزة,Tozeur,Tameghza,6253,TUN021004,Sud Ouest,34.3871121154121,7.93601835333243,11,skeleton,1.0000,0.4286,1.0000
1602,توزر,توزر,Tozeur,Tozeur,6251,TUN021005,Sud Ouest,33.9223527256091,8.13242483922399,36,skeleton,0.8571,0.3571,1.0000
1603,توزر,حامة الجريد,Tozeur,,,,,,,7,no_ins_counterpart,0.2500,0.0000,
1604,توزر,حزوة,Tozeur,Hazoua,6255,TUN021002,Sud Ouest,33.7372926213532,7.59401828522382,6,skeleton,1.0000,0.6667,1.0000
1605,توزر,دقاش,Tozeur,Degach,6252,TUN021001,Sud Ouest,33.9925416973667,8.22865770453533,22,skeleton,1.0000,1.0000,1.0000
1606,توزر,نفطة,Tozeur,Nefta,6254,TUN021003,Sud Ouest,33.8709224621563,7.87916061274792,19,skeleton,1.0000,0.6667,1.0000
0101,تونس,التحرير,Tunis,Ettahrir,1157,TUN022012,Nord Est,36.825026981616,10.127204906943,14,skeleton,1.0000,0.2000,1.0000
0102,تونس,الحرائرية,Tunis,El Hrairia,1163,TUN022006,Nord Est,36.793533013278,10.0955289359938,68,skeleton,1.0000,0.2000,1.0000
0103,تونس,الزهور,Tunis,Ezzouhour,1162,TUN022013,Nord Est,36.79573,10.13825,29,skeleton,0.8889,0.2222,
0104,تونس,السيجومي,Tunis,Sijoumi,1161,TUN022021,Nord Est,36.7942159370355,10.1589662690431,22,skeleton,1.0000,0.5000,1.0000
0105,تونس,العمران,Tunis,El Omrane,1155,TUN022009,Nord Est,36.8155818385841,10.1638297803619,34,skeleton,1.0000,0.3333,1.0000
0106,تونس,العمران الاعلى,Tunis,El Omrane Supérieur,1156,TUN022010,Nord Est,36.835452108814,10.1289367719072,38,skeleton,1.0000,0.1429,1.0000
0107,تونس,الكبارية,Tunis,El Kabaria,1166,TUN022007,Nord Est,36.7594525975666,10.1942315991145,50,skeleton,1.0000,0.3333,1.0000
0108,تونس,الكرم,Tunis,Le Kram,1170,TUN022018,Nord Est,36.8331915062167,10.3162119072237,40,skeleton,1.0000,0.3333,1.0000
0109,تونس,المدينة,Tunis,La Medina,1152,TUN022016,Nord Est,36.7978614436867,10.1723838327023,35,skeleton,1.0000,0.3333,
0110,تونس,المرسى,Tunis,La Marsa,1171,TUN022015,Nord Est,36.8848899403142,10.3121523601272,72,skeleton,1.0000,0.3333,1.0000
0111,تونس,المنزه,Tunis,El Menzah,1158,TUN022008,Nord Est,36.8453019294121,10.1649631552314,36,skeleton,1.0000,0.4286,
0112,تونس,الوردية,Tunis,El Ouardia,1165,TUN022011,Nord Est,36.7728241035916,10.1799121925657,30,skeleton,1.0000,0.3333,1.0000
0113,تونس,باب البحر,Tunis,Bab El Bhar,1153,TUN022001,Nord Est,36.8126749456466,10.1768408192353,32,skeleton,1.0000,0.2000,1.0000
0114,تونس,باب سويقة,Tunis,Bab Souika,1154,TUN022002,Nord Est,36.8063267587731,10.165256925284,35,skeleton,1.0000,0.5000,1.0000
0115,تونس,باردو,Tunis,Le Bardo,1160,TUN022017,Nord Est,36.812910749583,10.1363540125863,63,skeleton,0.8571,0.2857,1.0000
0116,تونس,جبل الجلود,Tunis,Djebel Djelloud,1168,TUN022005,Nord Est,36.7715567596733,10.2087020390659,18,skeleton,1.0000,0.6000,1.0000
0117,تونس,حلق الوادي,Tunis,La Goulette,1169,TUN022014,Nord Est,36.8167095164562,10.3035763109548,34,manual,1.0000,,1.0000
0118,تونس,حي الخضراء,Tunis,Cité El Khadhra,1159,TUN022004,Nord Est,36.8308238753058,10.1959103506223,26,skeleton,1.0000,0.3333,1.0000
0119,تونس,سيدي البشير,Tunis,Sidi El Béchir,1167,TUN022019,Nord Est,36.7922478679224,10.1766698605798,20,skeleton,1.0000,0.5000,0.5714
0120,تونس,سيدي حسين,Tunis,Sidi Hassine,1164,TUN022020,Nord Est,36.7571524458503,10.0734110209145,65,skeleton,1.0000,0.6000,1.0000
0121,تونس,قرطاج,Tunis,Carthage,1151,TUN022003,Nord Est,36.8572717787441,10.3227442480325,25,skeleton,0.7500,0.1786,1.0000
1101,زغوان,الزريبة,Zaghouan,Ez-Zeriba,1652,TUN023004,Nord Est,36.2990610525496,10.266702161424,19,skeleton,1.0000,0.7143,1.0000
1102,زغوان,الفحص,Zaghouan,El Fahs,1654,TUN023002,Nord Est,36.373244137808,9.90326666407591,48,skeleton,1.0000,0.6667,1.0000
1103,زغوان,الناظور,Zaghouan,En-Nadhour,1655,TUN023003,Nord Est,36.123892,10.093099,29,skeleton,0.7500,0.1786,1.0000
1104,زغوان,بئر مشارقة,Zaghouan,Bir Mchergua,1653,TUN023001,Nord Est,36.514335758592,9.95780629278914,22,skeleton,1.0000,0.7778,1.0000
1105,زغوان,زغوان,Zaghouan,Zaghouan,1651,TUN023006,Nord Est,36.4011746051643,10.1436140152118,37,skeleton,1.0000,0.7143,1.0000
1106,زغوان,صواف,Zaghouan,Saouaf,1656,TUN023005,Nord Est,36.2272812860595,10.1725093460014,15,skeleton,1.0000,0.6667,1.0000
