pcode,name,governorate_name,region_name,n_neighbours,island_bridged,region_cluster,region_saied_mean,region_zammel_mean,region_maghzaoui_mean,saied_lisa_class,saied_lisa_i,saied_lisa_p,saied_lisa_sig,saied_gi_z,saied_gi_p,saied_gi_sig,zammel_lisa_class,zammel_lisa_i,zammel_lisa_p,zammel_lisa_sig,zammel_gi_z,zammel_gi_p,zammel_gi_sig,maghzaoui_lisa_class,maghzaoui_lisa_i,maghzaoui_lisa_p,maghzaoui_lisa_sig,maghzaoui_gi_z,maghzaoui_gi_p,maghzaoui_gi_sig
TN1151,Carthage,Tunis,North East,2,0,3,84.8237,12.5625,2.6138,ns,4.976325,0.019900,0,-2.610119,0.019900,0,ns,5.414933,0.019100,0,2.677956,0.019100,0,ns,0.747091,0.074200,0,1.234200,0.074200,0
TN1152,Médina,Tunis,North East,4,0,3,84.8237,12.5625,2.6138,ns,0.805776,0.085800,0,-1.558369,0.085800,0,ns,0.856540,0.069700,0,1.642989,0.069700,0,ns,0.147042,0.498700,0,0.513690,0.498700,0
TN1153,Bab Bhar,Tunis,North East,9,0,3,84.8237,12.5625,2.6138,LL,2.440593,0.000200,1,-5.344584,0.000200,1,HH,2.476173,0.000200,1,5.623787,0.000200,1,ns,0.591135,0.041800,0,1.928011,0.041800,0
TN1154,Bab Souika,Tunis,North East,6,0,3,84.8237,12.5625,2.6138,ns,0.710798,0.045400,0,-1.970659,0.045400,0,ns,0.790506,0.040900,0,2.040564,0.040900,0,ns,0.086272,0.288400,0,0.846619,0.288400,0
TN1155,Omrane,Tunis,North East,6,0,3,84.8237,12.5625,2.6138,LL,1.201904,0.000100,1,-5.157213,0.000100,1,HH,1.271373,0.000100,1,5.337293,0.000100,1,ns,0.239428,0.025900,0,2.217699,0.025900,0
TN1156,Omrane Supérieur,Tunis,North East,6,0,3,84.8237,12.5625,2.6138,ns,0.737607,0.001900,0,-3.945155,0.001900,0,HH,0.903233,0.001400,1,4.154169,0.001400,1,ns,-0.003701,0.072800,0,1.358699,0.072800,0
TN1157,El Tahrir,Tunis,North East,4,0,3,84.8237,12.5625,2.6138,ns,0.729732,0.167100,0,-1.273562,0.167100,0,ns,0.845488,0.120100,0,1.393572,0.120100,0,ns,0.053863,0.715900,0,0.283912,0.715900,0
TN1158,El Menzah,Tunis,North East,6,0,5,59.7318,35.1268,5.1413,LL,11.013039,0.000300,1,-4.633689,0.000300,1,HH,11.932607,0.000300,1,4.872033,0.000300,1,ns,1.777592,0.039300,0,1.650158,0.039300,0
TN1159,Cité El Khadra,Tunis,North East,6,0,3,84.8237,12.5625,2.6138,LL,10.290723,0.000100,1,-7.817737,0.000100,1,HH,10.989684,0.000100,1,8.039147,0.000100,1,ns,1.867868,0.022300,0,3.542788,0.022300,0
TN1160,Bardo,Tunis,North East,8,0,3,84.8237,12.5625,2.6138,ns,1.100654,0.075800,0,-1.704247,0.075800,0,ns,1.209420,0.055200,0,1.872944,0.055200,0,ns,0.117960,0.683100,0,0.323394,0.683100,0
TN1161,Sijoumi,Tunis,North East,5,0,0,94.4028,4.2834,1.3138,ns,-0.329459,0.045300,0,-1.892972,0.045300,0,ns,-0.221285,0.039700,0,2.027960,0.039700,0,ns,-0.179359,0.482100,0,0.536674,0.482100,0
TN1162,Ezzouhour,Tunis,North East,5,0,0,94.4028,4.2834,1.3138,ns,0.086365,0.358300,0,-0.875571,0.358300,0,ns,0.134456,0.263300,0,1.045088,0.263300,0,ns,0.006977,0.873700,0,-0.133411,0.873700,0
TN1163,Hrairia,Tunis,North East,7,0,0,94.4028,4.2834,1.3138,ns,0.042247,0.300800,0,-0.980603,0.300800,0,ns,0.080804,0.235300,0,1.129459,0.235300,0,ns,0.000040,0.991900,0,0.006636,0.992000,0
TN1164,Sidi Hassine,Tunis,North East,5,0,0,94.4028,4.2834,1.3138,ns,0.010536,0.961900,0,0.046778,0.961900,0,ns,-0.038883,0.863800,0,0.173904,0.863800,0,ns,0.231734,0.294600,0,-0.812855,0.294600,0
TN1165,El Ouardia,Tunis,North East,5,0,3,84.8237,12.5625,2.6138,ns,0.318779,0.354600,0,-0.888816,0.354600,0,ns,0.418957,0.295200,0,0.980412,0.295200,0,ns,-0.005969,0.857600,0,0.144091,0.857600,0
TN1166,Kabaria,Tunis,North East,5,0,3,84.8237,12.5625,2.6138,ns,0.168590,0.201500,0,-1.214158,0.201500,0,ns,0.188113,0.124800,0,1.418601,0.124800,0,ns,-0.007441,0.946300,0,-0.053493,0.946400,0
TN1167,Sidi El Béchir,Tunis,North East,4,0,3,84.8237,12.5625,2.6138,ns,0.806975,0.092700,0,-1.530839,0.092700,0,ns,0.885842,0.065100,0,1.670683,0.065100,0,ns,0.096763,0.645000,0,0.349620,0.645100,0
TN1168,Jebel Jelloud,Tunis,North East,5,0,3,84.8237,12.5625,2.6138,ns,-0.526412,0.025900,0,-2.360438,0.025900,0,ns,-0.420514,0.024200,0,2.463247,0.024200,0,ns,-0.286099,0.221200,0,0.939782,0.221200,0
TN1169,La Goulette,Tunis,North East,4,0,3,84.8237,12.5625,2.6138,ns,5.424580,0.003300,0,-4.011139,0.003300,0,ns,5.399257,0.003100,0,4.174052,0.003100,0,ns,1.544952,0.035200,0,1.610422,0.035200,0
TN1170,Le Kram,Tunis,North East,4,0,3,84.8237,12.5625,2.6138,LL,3.294824,0.000800,1,-4.631277,0.000800,1,HH,3.422887,0.000900,1,4.739900,0.000900,1,ns,0.757374,0.019700,0,2.206477,0.019700,0
TN1171,La Marsa,Tunis,North East,3,0,3,84.8237,12.5625,2.6138,ns,4.178014,0.008800,0,-3.407152,0.008800,0,ns,4.496577,0.008400,0,3.570042,0.008400,0,ns,0.712440,0.066200,0,1.255318,0.066200,0
TN1251,Ariana Médina,Ariana,North East,6,0,3,84.8237,12.5625,2.6138,LL,9.335557,0.000200,1,-5.432677,0.000200,1,HH,10.212966,0.000100,1,5.745349,0.000100,1,ns,1.373649,0.034200,0,1.823505,0.034200,0
TN1252,Soukra,Ariana,North East,6,0,3,84.8237,12.5625,2.6138,LL,4.083853,0.000100,1,-6.612945,0.000100,1,HH,4.364870,0.000100,1,6.759521,0.000100,1,ns,0.736040,0.021300,0,3.161793,0.021300,0
TN1253,Raoued,Ariana,North East,3,0,3,84.8237,12.5625,2.6138,ns,2.987282,0.011200,0,-3.256825,0.011200,0,ns,3.202104,0.011000,0,3.445205,0.011000,0,ns,0.513323,0.111100,0,1.129361,0.111100,0
TN1254,Kalaat El Andalous,Ariana,North East,5,0,0,94.4028,4.2834,1.3138,ns,-0.371920,0.031400,0,-2.191728,0.031400,0,ns,-0.326607,0.028000,0,2.353230,0.028000,0,ns,-0.123761,0.440100,0,0.612892,0.440100,0
TN1255,Sidi Thabet,Ariana,North East,5,0,0,94.4028,4.2834,1.3138,ns,0.084345,0.333200,0,0.927391,0.333200,0,ns,0.056669,0.410700,0,-0.780129,0.410700,0,ns,0.118845,0.170600,0,-1.002227,0.170600,0
TN1256,Ettadhamen,Ariana,North East,6,0,0,94.4028,4.2834,1.3138,ns,-0.380154,0.058300,0,-1.808786,0.058300,0,ns,-0.306865,0.045500,0,1.942995,0.045500,0,ns,-0.156182,0.521000,0,0.516831,0.521000,0
TN1257,Mnihla,Ariana,North East,8,0,0,94.4028,4.2834,1.3138,ns,-0.351958,0.003700,0,-3.501442,0.003700,0,ns,-0.264881,0.001900,0,3.808911,0.001900,0,ns,-0.127964,0.321300,0,0.776608,0.321300,0
TN1351,Ben Arous,Ben Arous,North East,6,0,3,84.8237,12.5625,2.6138,ns,0.842199,0.022800,0,-2.426866,0.022800,0,ns,0.930974,0.019600,0,2.549018,0.019600,0,ns,0.112022,0.239400,0,0.910126,0.239400,0
TN1352,Nouvelle Médina,Ben Arous,North East,6,0,3,84.8237,12.5625,2.6138,ns,1.356021,0.012000,0,-2.965362,0.012000,0,ns,1.464340,0.010400,0,3.121788,0.010400,0,ns,0.220646,0.164600,0,1.058430,0.164600,0
TN1353,El Mourouj,Ben Arous,North East,5,0,3,84.8237,12.5625,2.6138,ns,0.605475,0.376900,0,-0.842411,0.376900,0,ns,0.703967,0.303600,0,0.964724,0.303600,0,ns,-0.002168,0.992000,0,0.009242,0.992200,0
TN1354,Hammam Lif,Ben Arous,North East,4,0,3,84.8237,12.5625,2.6138,ns,0.835747,0.036600,0,-2.112562,0.036600,0,ns,0.928770,0.034600,0,2.170015,0.034600,0,ns,0.096878,0.205100,0,0.941983,0.205100,0
TN1355,Hammam Chott,Ben Arous,North East,4,0,3,84.8237,12.5625,2.6138,ns,0.047038,0.911700,0,-0.107780,0.911700,0,ns,0.092195,0.807500,0,0.231825,0.807500,0,ns,-0.161215,0.622900,0,-0.374366,0.622900,0
TN1356,Boumhel,Ben Arous,North East,5,0,3,84.8237,12.5625,2.6138,ns,1.650396,0.030800,0,-2.263210,0.030800,0,ns,1.834621,0.028600,0,2.384357,0.028600,0,ns,0.207131,0.294900,0,0.808530,0.294900,0
TN1357,Ezzahra,Ben Arous,North East,3,0,3,84.8237,12.5625,2.6138,ns,2.463183,0.029400,0,-2.257309,0.029400,0,ns,2.609862,0.026200,0,2.383885,0.026200,0,ns,0.463759,0.294100,0,0.775395,0.294100,0
TN1358,Radès,Ben Arous,North East,7,0,3,84.8237,12.5625,2.6138,LL,2.789112,0.000200,1,-5.236725,0.000200,1,HH,2.953829,0.000200,1,5.359650,0.000200,1,ns,0.549136,0.027900,0,2.420007,0.027900,0
TN1359,Mégrine,Ben Arous,North East,5,0,3,84.8237,12.5625,2.6138,ns,1.592479,0.043700,0,-1.977793,0.043700,0,ns,1.747860,0.041000,0,2.057794,0.041000,0,ns,0.227474,0.312300,0,0.792795,0.312300,0
TN1360,M'Hamdia,Ben Arous,North East,5,0,0,94.4028,4.2834,1.3138,ns,0.075634,0.417500,0,0.782081,0.417500,0,ns,0.035146,0.587100,0,-0.522796,0.587100,0,ns,0.213843,0.073600,0,-1.354892,0.073600,0
TN1361,Fouchana,Ben Arous,North East,5,0,0,94.4028,4.2834,1.3138,ns,-0.041824,0.673700,0,-0.407263,0.673700,0,ns,-0.025845,0.578900,0,0.525466,0.578900,0,ns,0.047556,0.799300,0,-0.202406,0.799300,0
TN1362,Mornag,Ben Arous,North East,10,0,0,94.4028,4.2834,1.3138,ns,-0.115786,0.142700,0,-1.427189,0.142700,0,ns,-0.074902,0.098600,0,1.589508,0.098600,0,ns,-0.033144,0.808900,0,0.193192,0.808900,0
TN1451,Manouba,Manubah,North East,5,0,3,84.8237,12.5625,2.6138,ns,0.270953,0.679100,0,-0.402686,0.679100,0,ns,0.383811,0.551000,0,0.569867,0.551000,0,ns,-0.189583,0.633100,0,-0.383722,0.633000,0
TN1452,Douar Hicher,Manubah,North East,4,0,0,94.4028,4.2834,1.3138,ns,-0.104185,0.711100,0,-0.351558,0.711100,0,ns,-0.105972,0.623500,0,0.464301,0.623500,0,ns,0.072916,0.796400,0,-0.203037,0.796400,0
TN1453,Oued Ellil,Manubah,North East,7,0,0,94.4028,4.2834,1.3138,ns,-0.002459,0.962800,0,-0.042841,0.962800,0,ns,-0.006276,0.805700,0,0.241697,0.805700,0,ns,0.055713,0.387000,0,-0.683218,0.387000,0
TN1454,Mornaguia,Manubah,North East,8,0,0,94.4028,4.2834,1.3138,ns,-0.007847,0.146100,0,1.387456,0.146100,0,ns,-0.071915,0.206000,0,-1.209524,0.206000,0,ns,0.263889,0.075400,0,-1.407969,0.075400,0
TN1455,Borj El Amri,Manubah,North East,5,0,0,94.4028,4.2834,1.3138,ns,0.462496,0.165700,0,1.314825,0.165700,0,ns,0.390710,0.233200,0,-1.129727,0.233200,0,ns,0.294694,0.063600,0,-1.364366,0.063600,0
TN1456,Jedaida,Manubah,North East,8,0,0,94.4028,4.2834,1.3138,ns,0.220118,0.229800,0,1.157436,0.229800,0,ns,0.159294,0.307300,0,-0.979035,0.307300,0,ns,0.256743,0.102400,0,-1.292616,0.102400,0
TN1457,Tebourba,Manubah,North East,6,0,0,94.4028,4.2834,1.3138,ns,0.434240,0.057000,0,1.833794,0.057000,0,ns,0.370734,0.075400,0,-1.674645,0.075400,0,ns,0.290438,0.045000,0,-1.590038,0.045000,0
TN1458,El Battan,Manubah,North East,4,0,0,94.4028,4.2834,1.3138,ns,0.534540,0.198300,0,1.196287,0.198300,0,ns,0.442226,0.233600,0,-1.099099,0.233600,0,ns,0.404495,0.175900,0,-1.013420,0.175900,0
TN1551,Nabeul,Nabeul,North East,3,0,0,94.4028,4.2834,1.3138,ns,-0.044859,0.907500,0,0.112821,0.907500,0,ns,-0.010652,0.990000,0,-0.012841,0.990000,0,ns,-0.096585,0.597600,0,-0.407052,0.597600,0
TN1552,Dar Chaabane El Fehri,Nabeul,North East,4,0,0,94.4028,4.2834,1.3138,ns,-0.063926,0.798600,0,0.243189,0.798600,0,ns,-0.046103,0.873100,0,-0.151308,0.873100,0,ns,-0.024877,0.558900,0,-0.444644,0.558900,0
TN1553,Beni Khiar,Nabeul,North East,3,0,0,94.4028,4.2834,1.3138,ns,-0.035049,0.849300,0,0.192031,0.849300,0,ns,-0.029350,0.900000,0,-0.123387,0.900000,0,ns,0.013446,0.661400,0,-0.340192,0.661400,0
TN1554,Korba,Nabeul,North East,4,0,0,94.4028,4.2834,1.3138,ns,0.096609,0.280500,0,1.022506,0.280500,0,ns,0.085586,0.339400,0,-0.906161,0.339400,0,ns,0.050456,0.190400,0,-0.993653,0.190400,0
TN1555,Menzel Temime,Nabeul,North East,4,0,0,94.4028,4.2834,1.3138,ns,0.480560,0.084700,0,1.549690,0.084700,0,ns,0.438152,0.099900,0,-1.467626,0.099900,0,ns,0.240959,0.118900,0,-1.136293,0.118900,0
TN1556,El Mida,Nabeul,North East,4,0,0,94.4028,4.2834,1.3138,ns,0.561692,0.193900,0,1.189229,0.193900,0,ns,0.515335,0.199800,0,-1.156845,0.199800,0,ns,0.271640,0.318500,0,-0.762347,0.318500,0
TN1557,Kelibia,Nabeul,North East,3,0,0,94.4028,4.2834,1.3138,ns,0.261891,0.109300,0,1.410173,0.109300,0,ns,0.193190,0.113300,0,-1.362121,0.113300,0,ns,0.244609,0.198400,0,-0.966644,0.198400,0
TN1558,Hammam Ghezaz,Nabeul,North East,2,0,0,94.4028,4.2834,1.3138,ns,0.546939,0.317500,0,0.909443,0.317500,0,ns,0.483690,0.366300,0,-0.826057,0.366300,0,ns,0.306832,0.278300,0,-0.816901,0.278300,0
TN1559,Haouaria,Nabeul,North East,4,0,0,94.4028,4.2834,1.3138,ns,0.621233,0.144100,0,1.330127,0.144100,0,ns,0.568961,0.156500,0,-1.270277,0.156500,0,ns,0.305553,0.206900,0,-0.918562,0.206900,0
TN1560,Takelsa,Nabeul,North East,5,0,0,94.4028,4.2834,1.3138,ns,0.527249,0.118500,0,1.465785,0.118500,0,ns,0.504629,0.133700,0,-1.389847,0.133700,0,ns,0.198793,0.159500,0,-1.064206,0.159500,0
TN1561,Soliman,Nabeul,North East,5,0,0,94.4028,4.2834,1.3138,ns,-0.013162,0.433000,0,0.762681,0.433000,0,ns,-0.012804,0.449000,0,-0.725380,0.449000,0,ns,-0.004430,0.484600,0,-0.546356,0.484600,0
TN1562,Menzel Bouzelfa,Nabeul,North East,5,0,0,94.4028,4.2834,1.3138,ns,0.367514,0.213900,0,1.165334,0.213900,0,ns,0.328354,0.229200,0,-1.113772,0.229200,0,ns,0.202556,0.275500,0,-0.853997,0.275500,0
TN1563,Beni Khalled,Nabeul,North East,7,0,0,94.4028,4.2834,1.3138,ns,0.114519,0.629800,0,0.469987,0.629800,0,ns,0.077952,0.711900,0,-0.361282,0.711900,0,ns,0.147740,0.405500,0,-0.649589,0.405500,0
TN1564,Grombalia,Nabeul,North East,7,0,0,94.4028,4.2834,1.3138,ns,0.045180,0.747100,0,0.323480,0.747100,0,ns,0.025453,0.820800,0,-0.219573,0.820800,0,ns,0.090828,0.488800,0,-0.538198,0.488800,0
TN1565,Bou Argoub,Nabeul,North East,5,0,0,94.4028,4.2834,1.3138,ns,-0.018956,0.967000,0,-0.040887,0.967000,0,ns,-0.048285,0.881900,0,0.137941,0.881900,0,ns,0.094223,0.675200,0,-0.332294,0.675200,0
TN1566,Hammamet,Nabeul,North East,5,0,0,94.4028,4.2834,1.3138,ns,-0.014611,0.550300,0,0.575389,0.550300,0,ns,-0.025823,0.596200,0,-0.505410,0.596200,0,ns,0.043722,0.464600,0,-0.568894,0.464600,0
TN1651,Zaghouan,Zaghouan,North East,7,0,0,94.4028,4.2834,1.3138,ns,0.086625,0.179100,0,1.294206,0.179100,0,ns,0.052548,0.240800,0,-1.119450,0.240800,0,ns,0.143401,0.085700,0,-1.357243,0.085700,0
TN1652,Zriba,Zaghouan,North East,5,0,0,94.4028,4.2834,1.3138,ns,0.551252,0.089600,0,1.568418,0.089600,0,ns,0.471325,0.099100,0,-1.498708,0.099100,0,ns,0.359080,0.139800,0,-1.109593,0.139800,0
TN1653,Bir Mchergua,Zaghouan,North East,7,0,0,94.4028,4.2834,1.3138,ns,0.287400,0.234600,0,1.146945,0.234600,0,ns,0.195280,0.336400,0,-0.919784,0.336400,0,ns,0.393629,0.065700,0,-1.448806,0.065700,0
TN1654,Fahs,Zaghouan,North East,10,0,0,94.4028,4.2834,1.3138,ns,0.522098,0.026300,0,2.265208,0.026300,0,ns,0.442183,0.043500,0,-2.027259,0.043500,0,ns,0.356639,0.039500,0,-2.086946,0.039500,0
TN1655,Nadhour,Zaghouan,North East,3,0,0,94.4028,4.2834,1.3138,ns,0.468091,0.068200,0,1.607017,0.068200,0,ns,0.429180,0.074700,0,-1.536885,0.074700,0,ns,0.228982,0.108400,0,-1.131986,0.108300,0
TN1656,Saouaf,Zaghouan,North East,5,0,0,94.4028,4.2834,1.3138,ns,0.824252,0.057800,0,1.763752,0.057800,0,ns,0.763852,0.076200,0,-1.624462,0.076200,0,ns,0.358570,0.055400,0,-1.418613,0.055400,0
TN1751,Bizerte Nord,Bizerte,North East,1,0,0,94.4028,4.2834,1.3138,ns,-1.218429,0.448800,0,0.717481,0.448800,0,ns,-1.102645,0.502800,0,-0.640366,0.502800,0,ns,-0.569979,0.339600,0,-0.680890,0.339600,0
TN1752,Jarzouna,Bizerte,North East,1,0,0,94.4028,4.2834,1.3138,ns,0.005832,0.950800,0,0.058598,0.950800,0,ns,-0.000563,0.995400,0,0.007997,0.995400,0,ns,0.069656,0.765900,0,-0.277839,0.765900,0
TN1753,Bizerte Sud,Bizerte,North East,4,0,0,94.4028,4.2834,1.3138,ns,0.131788,0.687700,0,0.381770,0.687700,0,ns,0.091634,0.753700,0,-0.299789,0.753700,0,ns,0.163439,0.524900,0,-0.506905,0.524900,0
TN1754,Sejnane,Bizerte,North East,4,0,0,94.4028,4.2834,1.3138,ns,0.792553,0.058200,0,1.752924,0.058200,0,ns,0.813911,0.053300,0,-1.785744,0.053300,0,ns,0.198324,0.268600,0,-0.852061,0.268600,0
TN1755,Joumine,Bizerte,North East,8,0,0,94.4028,4.2834,1.3138,ns,0.728532,0.051200,0,1.909584,0.051200,0,ns,0.683686,0.051900,0,-1.898741,0.051900,0,ns,0.307752,0.165200,0,-1.087056,0.165200,0
TN1756,Mateur,Bizerte,North East,6,0,0,94.4028,4.2834,1.3138,ns,0.583195,0.056700,0,1.832621,0.056700,0,ns,0.498399,0.076800,0,-1.679573,0.076800,0,ns,0.388898,0.046700,0,-1.571952,0.046700,0
TN1757,Ghazala,Bizerte,North East,5,0,0,94.4028,4.2834,1.3138,ns,0.867349,0.065200,0,1.746160,0.065200,0,ns,0.778642,0.083700,0,-1.608018,0.083700,0,ns,0.459221,0.057200,0,-1.427199,0.057200,0
TN1758,Menzel Bourguiba,Bizerte,North East,5,0,0,94.4028,4.2834,1.3138,ns,0.116073,0.616300,0,0.478185,0.616300,0,ns,0.064567,0.747300,0,-0.312247,0.747300,0,ns,0.222293,0.265800,0,-0.870050,0.265800,0
TN1759,Tinja,Bizerte,North East,4,0,0,94.4028,4.2834,1.3138,ns,0.299203,0.078800,0,1.614612,0.078800,0,ns,0.185736,0.095900,0,-1.492960,0.095900,0,ns,0.419513,0.068900,0,-1.318716,0.068900,0
TN1760,Utique,Bizerte,North East,8,0,0,94.4028,4.2834,1.3138,ns,0.174296,0.474200,0,0.694256,0.474200,0,ns,0.111081,0.630400,0,-0.467716,0.630400,0,ns,0.220969,0.125500,0,-1.194167,0.125500,0
TN1761,Ghar El Melh,Bizerte,North East,3,0,0,94.4028,4.2834,1.3138,ns,0.029311,0.837500,0,-0.211111,0.837500,0,ns,0.078111,0.752700,0,0.317432,0.752700,0,ns,0.076600,0.739000,0,-0.258493,0.739000,0
TN1762,Menzel Jemil,Bizerte,North East,4,0,0,94.4028,4.2834,1.3138,ns,-0.006349,0.813900,0,-0.228314,0.813900,0,ns,0.002134,0.705000,0,0.365935,0.705000,0,ns,0.050579,0.648400,0,-0.370084,0.648400,0
TN1763,El Alia,Bizerte,North East,5,0,0,94.4028,4.2834,1.3138,ns,-0.160227,0.679200,0,0.411783,0.679200,0,ns,-0.089565,0.832200,0,-0.208891,0.832200,0,ns,-0.083550,0.220600,0,-0.945930,0.220600,0
TN1764,Ras Jebel,Bizerte,North East,3,0,0,94.4028,4.2834,1.3138,ns,0.072703,0.537900,0,-0.593100,0.537900,0,ns,0.122175,0.401000,0,0.788028,0.401000,0,ns,0.018391,0.622000,0,-0.379990,0.622000,0
TN2151,Béja Nord,Béja,North West,5,0,0,94.4028,4.2834,1.3138,ns,0.287456,0.105300,0,1.515071,0.105300,0,ns,0.236027,0.088600,0,-1.573010,0.088600,0,ns,0.150243,0.427200,0,-0.624598,0.427200,0
TN2152,Béja Sud,Béja,North West,6,0,0,94.4028,4.2834,1.3138,ns,0.215119,0.062000,0,1.782863,0.062000,0,ns,0.158804,0.075200,0,-1.673468,0.075200,0,ns,0.215910,0.076900,0,-1.374512,0.076900,0
TN2153,Amdoun,Béja,North West,7,0,0,94.4028,4.2834,1.3138,ns,0.488135,0.088200,0,1.639168,0.088200,0,ns,0.502551,0.081100,0,-1.662484,0.081100,0,ns,0.120021,0.294300,0,-0.812817,0.294300,0
TN2154,Nefza,Béja,North West,5,0,0,94.4028,4.2834,1.3138,ns,0.414466,0.058200,0,1.754658,0.058200,0,ns,0.571221,0.063100,0,-1.692552,0.063100,0,ns,-0.277858,0.108000,0,-1.193936,0.108000,0
TN2155,Téboursouk,Béja,North West,6,0,0,94.4028,4.2834,1.3138,ns,0.560783,0.086600,0,1.639536,0.086600,0,ns,0.472379,0.106100,0,-1.517652,0.106100,0,ns,0.396136,0.082400,0,-1.352848,0.082400,0
TN2156,Thibar,Béja,North West,4,0,0,94.4028,4.2834,1.3138,ns,0.653578,0.152100,0,1.295351,0.152200,0,ns,0.541650,0.214200,0,-1.133517,0.214200,0,ns,0.478889,0.077100,0,-1.277113,0.077100,0
TN2157,Testour,Béja,North West,7,0,0,94.4028,4.2834,1.3138,ns,0.428621,0.057900,0,1.817644,0.057900,0,ns,0.400733,0.085100,0,-1.629777,0.085100,0,ns,0.154703,0.044700,0,-1.638739,0.044700,0
TN2158,Goubellat,Béja,North West,8,0,0,94.4028,4.2834,1.3138,ns,0.571113,0.099400,0,1.581342,0.099400,0,ns,0.483161,0.150200,0,-1.368516,0.150200,0,ns,0.367544,0.052800,0,-1.609402,0.052800,0
TN2159,Mejez El Bab,Béja,North West,6,0,0,94.4028,4.2834,1.3138,ns,0.344450,0.038300,0,2.052022,0.038300,0,ns,0.279190,0.044200,0,-1.977043,0.044200,0,ns,0.262082,0.066200,0,-1.408534,0.066200,0
TN2251,Jendouba Sud,Jendouba,North West,5,0,0,94.4028,4.2834,1.3138,ns,0.298892,0.042900,0,2.025613,0.042900,0,ns,0.296317,0.053000,0,-1.868775,0.053000,0,ns,0.069903,0.036200,0,-1.662003,0.036200,0
TN2252,Jendouba Nord,Jendouba,North West,6,0,0,94.4028,4.2834,1.3138,ns,0.782514,0.039900,0,2.035625,0.039900,0,ns,0.708549,0.046700,0,-1.939467,0.046700,0,ns,0.406416,0.058700,0,-1.465461,0.058700,0
TN2253,Bousalem,Jendouba,North West,7,0,0,94.4028,4.2834,1.3138,ns,0.429739,0.045900,0,1.966621,0.045900,0,ns,0.354441,0.052100,0,-1.889794,0.052100,0,ns,0.312017,0.080600,0,-1.359110,0.080600,0
TN2254,Tabarka,Jendouba,North West,3,0,0,94.4028,4.2834,1.3138,ns,0.506337,0.176800,0,1.210125,0.176800,0,ns,0.571006,0.104700,0,-1.388277,0.104700,0,ns,0.009150,0.965200,0,-0.035485,0.965200,0
TN2255,Aïn Draham,Jendouba,North West,4,0,0,94.4028,4.2834,1.3138,ns,0.687113,0.050700,0,1.823605,0.050700,0,ns,0.739955,0.054100,0,-1.807075,0.054100,0,ns,0.095958,0.151400,0,-1.060574,0.151400,0
TN2256,Fernana,Jendouba,North West,5,0,0,94.4028,4.2834,1.3138,ns,1.023723,0.039200,0,2.078381,0.039200,0,ns,0.956986,0.042500,0,-2.030750,0.042500,0,ns,0.452678,0.075900,0,-1.292330,0.075900,0
TN2257,Ghardimaou,Jendouba,North West,5,0,0,94.4028,4.2834,1.3138,ns,0.853345,0.031200,0,2.260700,0.031200,0,ns,0.735663,0.037000,0,-2.147613,0.037000,0,ns,0.544789,0.037200,0,-1.640977,0.037200,0
TN2258,Oued Mliz,Jendouba,North West,5,0,0,94.4028,4.2834,1.3138,ns,0.940275,0.046100,0,1.928777,0.046100,0,ns,0.843867,0.053800,0,-1.833109,0.053800,0,ns,0.508800,0.064800,0,-1.368022,0.064800,0
TN2259,Balta Bou Aouane,Jendouba,North West,5,0,0,94.4028,4.2834,1.3138,ns,0.805152,0.047800,0,1.907503,0.047800,0,ns,0.800578,0.052700,0,-1.859834,0.052700,0,ns,0.245556,0.106700,0,-1.216267,0.106700,0
TN2351,Kef Ouest,Le Kef,North West,5,0,0,94.4028,4.2834,1.3138,ns,0.418269,0.091100,0,1.562811,0.091100,0,ns,0.368809,0.104700,0,-1.487732,0.104700,0,ns,0.244321,0.126800,0,-1.135633,0.126800,0
TN2352,Kef Est,Le Kef,North West,6,0,0,94.4028,4.2834,1.3138,ns,0.232923,0.056200,0,1.848850,0.056200,0,ns,0.196004,0.075900,0,-1.687910,0.075900,0,ns,0.165381,0.046200,0,-1.548452,0.046200,0
TN2353,Nebeur,Le Kef,North West,7,0,0,94.4028,4.2834,1.3138,ns,0.732360,0.053600,0,1.870148,0.053600,0,ns,0.645815,0.068600,0,-1.749273,0.068600,0,ns,0.428590,0.064500,0,-1.436873,0.064500,0
TN2354,Sakiet Sidi Youssef,Le Kef,North West,5,0,0,94.4028,4.2834,1.3138,ns,0.626128,0.065300,0,1.737084,0.065300,0,ns,0.566877,0.075900,0,-1.651365,0.075900,0,ns,0.325406,0.094200,0,-1.244858,0.094200,0
TN2355,Tajerouine,Le Kef,North West,6,0,0,94.4028,4.2834,1.3138,ns,0.393450,0.057400,0,1.821402,0.057400,0,ns,0.387042,0.052100,0,-1.852613,0.052100,0,ns,0.126803,0.253000,0,-0.857332,0.253000,0
TN2356,Kalaat Senan,Le Kef,North West,4,0,0,94.4028,4.2834,1.3138,ns,0.541939,0.147700,0,1.325503,0.147700,0,ns,0.576143,0.121900,0,-1.386879,0.121900,0,ns,0.101693,0.515400,0,-0.504857,0.515400,0
TN2357,Kalaa Khesba,Le Kef,North West,5,0,0,94.4028,4.2834,1.3138,ns,0.460610,0.082200,0,1.645597,0.082200,0,ns,0.522703,0.063400,0,-1.755348,0.063400,0,ns,0.045753,0.518300,0,-0.513084,0.518300,0
TN2358,Jerissa,Le Kef,North West,4,0,0,94.4028,4.2834,1.3138,ns,0.563395,0.123700,0,1.396439,0.123700,0,ns,0.656645,0.121500,0,-1.380175,0.121500,0,ns,-0.038819,0.264200,0,-0.843976,0.264200,0
TN2359,Ksour,Le Kef,North West,6,0,0,94.4028,4.2834,1.3138,ns,0.414571,0.112100,0,1.497604,0.112100,0,ns,0.428549,0.140500,0,-1.371508,0.140500,0,ns,0.030650,0.096500,0,-1.255290,0.096500,0
TN2360,Dahmani,Le Kef,North West,7,0,0,94.4028,4.2834,1.3138,ns,0.502304,0.065800,0,1.772574,0.065800,0,ns,0.491848,0.060500,0,-1.808898,0.060500,0,ns,0.164025,0.285900,0,-0.827848,0.285900,0
TN2361,Es Sers,Le Kef,North West,6,0,0,94.4028,4.2834,1.3138,ns,0.239508,0.425100,0,0.776831,0.425100,0,ns,0.167228,0.570500,0,-0.557467,0.570500,0,ns,0.230509,0.106800,0,-1.228607,0.106800,0
TN2451,Siliana Nord,Siliana,North West,6,0,0,94.4028,4.2834,1.3138,ns,-0.023299,0.417000,0,0.772817,0.417000,0,ns,-0.049051,0.625900,0,-0.468957,0.625900,0,ns,0.369279,0.052600,0,-1.524302,0.052600,0
TN2452,Siliana Sud,Siliana,North West,5,0,0,94.4028,4.2834,1.3138,ns,-0.000617,0.575300,0,-0.539566,0.575300,0,ns,0.110144,0.226400,0,1.112278,0.226400,0,ns,0.613268,0.035100,0,-1.702919,0.035100,0
TN2453,Bouarada,Siliana,North West,6,0,0,94.4028,4.2834,1.3138,ns,0.348267,0.075500,0,1.682880,0.075500,0,ns,0.231190,0.106900,0,-1.518540,0.106900,0,ns,0.462687,0.054200,0,-1.479777,0.054200,0
TN2454,Gaafour,Siliana,North West,7,0,0,94.4028,4.2834,1.3138,ns,0.280428,0.147900,0,1.389563,0.147900,0,ns,0.215048,0.267900,0,-1.061463,0.267900,0,ns,0.203780,0.033600,0,-1.908193,0.033600,0
TN2455,El Krib,Siliana,North West,8,0,0,94.4028,4.2834,1.3138,ns,0.536583,0.060000,0,1.835499,0.060000,0,ns,0.437005,0.081200,0,-1.688418,0.081200,0,ns,0.427628,0.059300,0,-1.525814,0.059300,0
TN2456,Bourouis,Siliana,North West,5,0,0,94.4028,4.2834,1.3138,ns,0.187409,0.259300,0,1.082840,0.259300,0,ns,0.106521,0.323100,0,-0.941114,0.323100,0,ns,0.337923,0.144000,0,-1.114829,0.144000,0
TN2457,Makthar,Siliana,North West,6,0,0,94.4028,4.2834,1.3138,ns,0.001632,0.992700,0,-0.010552,0.992700,0,ns,0.070578,0.712900,0,0.354929,0.712900,0,ns,0.392396,0.103000,0,-1.215380,0.103000,0
TN2458,Rouhia,Siliana,North West,8,0,0,94.4028,4.2834,1.3138,ns,0.231919,0.360900,0,0.887792,0.360900,0,ns,0.153039,0.585800,0,-0.525690,0.585900,0,ns,0.062801,0.044700,0,-1.756938,0.044700,0
TN2459,Kesra,Siliana,North West,5,0,0,94.4028,4.2834,1.3138,ns,-1.059931,0.247300,0,1.089276,0.247300,0,ns,-1.051010,0.372600,0,-0.842155,0.372600,0,ns,0.605328,0.054900,0,-1.450749,0.054900,0
TN2460,Bargou,Siliana,North West,6,0,0,94.4028,4.2834,1.3138,ns,0.173172,0.270600,0,1.057241,0.270600,0,ns,0.091611,0.422100,0,-0.776982,0.422100,0,ns,0.399901,0.043000,0,-1.627343,0.043000,0
TN2461,Laroussa,Siliana,North West,5,0,0,94.4028,4.2834,1.3138,ns,0.452172,0.086600,0,1.578098,0.086600,0,ns,0.351502,0.097800,0,-1.490589,0.097800,0,ns,0.398665,0.106400,0,-1.192284,0.106400,0
TN3151,Sousse Médina,Sousse,Centre East,3,0,0,94.4028,4.2834,1.3138,ns,0.867919,0.185000,0,-1.184700,0.185000,0,ns,0.938883,0.168200,0,1.206684,0.168200,0,ns,0.137321,0.470300,0,0.551838,0.470300,0
TN3152,Sousse Riadh,Sousse,Centre East,5,0,0,94.4028,4.2834,1.3138,ns,0.027378,0.634200,0,-0.459556,0.634200,0,ns,0.062858,0.481400,0,0.668056,0.481400,0,ns,0.044312,0.551600,0,-0.458003,0.551600,0
TN3153,Sousse Jaouhara,Sousse,Centre East,6,0,0,94.4028,4.2834,1.3138,ns,0.347519,0.471300,0,-0.699543,0.471300,0,ns,0.437924,0.358100,0,0.870733,0.358100,0,ns,-0.072812,0.780900,0,-0.221632,0.780900,0
TN3154,Sousse Sidi Abdelhamid,Sousse,Centre East,6,0,0,94.4028,4.2834,1.3138,ns,-0.356068,0.200000,0,-1.216264,0.200000,0,ns,-0.356605,0.131800,0,1.403972,0.131800,0,ns,-0.000490,0.998700,0,0.000911,0.998700,0
TN3155,Hammam Sousse,Sousse,Centre East,4,0,0,94.4028,4.2834,1.3138,ns,0.985727,0.123000,0,-1.388383,0.123000,0,ns,1.005948,0.096200,0,1.467366,0.096200,0,ns,0.225926,0.537000,0,0.475076,0.537000,0
TN3156,Akouda,Sousse,Centre East,4,0,0,94.4028,4.2834,1.3138,ns,0.029259,0.837400,0,-0.196225,0.837400,0,ns,0.028888,0.834300,0,0.195450,0.834300,0,ns,0.009466,0.889500,0,0.109466,0.889500,0
TN3157,Kalaa Kebira,Sousse,Centre East,5,0,0,94.4028,4.2834,1.3138,ns,0.097299,0.326500,0,0.944489,0.326500,0,ns,0.081565,0.360700,0,-0.862031,0.360700,0,ns,0.070096,0.277000,0,-0.819644,0.277000,0
TN3158,Sidi Bou Ali,Sousse,Centre East,5,0,0,94.4028,4.2834,1.3138,ns,0.259612,0.345900,0,0.899206,0.345900,0,ns,0.255465,0.394200,0,-0.811207,0.394200,0,ns,0.056038,0.303800,0,-0.780223,0.303800,0
TN3159,Hergla,Sousse,Centre East,2,0,0,94.4028,4.2834,1.3138,ns,0.264890,0.206700,0,1.100487,0.206700,0,ns,0.260856,0.198300,0,-1.084149,0.198300,0,ns,0.087542,0.386800,0,-0.633854,0.386800,0
TN3160,Enfidha,Sousse,Centre East,7,0,0,94.4028,4.2834,1.3138,ns,0.656373,0.042200,0,1.986056,0.042200,0,ns,0.578338,0.050100,0,-1.915433,0.050100,0,ns,0.378760,0.084500,0,-1.324504,0.084500,0
TN3161,Bouficha,Sousse,Centre East,4,0,0,94.4028,4.2834,1.3138,ns,0.273693,0.345600,0,0.913121,0.345600,0,ns,0.237076,0.418500,0,-0.778908,0.418500,0,ns,0.141789,0.188400,0,-0.990116,0.188400,0
TN3162,Kondar,Sousse,Centre East,6,0,0,94.4028,4.2834,1.3138,ns,0.446509,0.136200,0,1.402952,0.136200,0,ns,0.349492,0.188800,0,-1.224735,0.188800,0,ns,0.410148,0.069100,0,-1.393938,0.069100,0
TN3163,Sidi El Heni,Sousse,Centre East,7,0,0,94.4028,4.2834,1.3138,ns,0.151251,0.584300,0,0.548163,0.584300,0,ns,0.067973,0.781900,0,-0.278382,0.781900,0,ns,0.313248,0.105800,0,-1.234336,0.105800,0
TN3164,M'Saken,Sousse,Centre East,7,0,0,94.4028,4.2834,1.3138,ns,-0.324291,0.344400,0,0.918268,0.344400,0,ns,-0.291567,0.459300,0,-0.716681,0.459300,0,ns,-0.012448,0.115100,0,-1.203747,0.115100,0
TN3165,Kalaa Sghira,Sousse,Centre East,7,0,0,94.4028,4.2834,1.3138,ns,-0.063568,0.209700,0,-1.199307,0.209700,0,ns,-0.029303,0.167800,0,1.303672,0.167800,0,ns,-0.042031,0.711200,0,0.296875,0.711200,0
TN3166,Zaouia Ksiba Thraya,Sousse,Centre East,6,0,0,94.4028,4.2834,1.3138,ns,-0.067941,0.684700,0,-0.392642,0.684700,0,ns,-0.072608,0.514400,0,0.629501,0.514400,0,ns,0.167750,0.431300,0,-0.595528,0.431200,0
TN3251,Monastir,Monastir,Centre East,4,0,0,94.4028,4.2834,1.3138,ns,-0.170080,0.620300,0,0.473086,0.620300,0,ns,-0.090349,0.796600,0,-0.240638,0.796600,0,ns,-0.184154,0.140500,0,-1.049152,0.140500,0
TN3252,Ouerdanine,Monastir,Centre East,5,0,0,94.4028,4.2834,1.3138,ns,-0.007370,0.985200,0,-0.017472,0.985200,0,ns,-0.087660,0.740100,0,0.311979,0.740100,0,ns,0.315708,0.165200,0,-1.029953,0.165200,0
TN3253,Sahline,Monastir,Centre East,5,0,0,94.4028,4.2834,1.3138,ns,-0.000915,0.572500,0,0.534357,0.572500,0,ns,-0.023152,0.731800,0,-0.324425,0.731800,0,ns,0.262619,0.162800,0,-1.059498,0.162800,0
TN3254,Zeramdine,Monastir,Centre East,4,0,0,94.4028,4.2834,1.3138,ns,0.028140,0.615500,0,0.491698,0.615500,0,ns,0.019375,0.743000,0,-0.320088,0.743000,0,ns,0.018383,0.253400,0,-0.861278,0.253400,0
TN3255,Beni Hassen,Monastir,Centre East,5,0,0,94.4028,4.2834,1.3138,ns,0.347808,0.313700,0,0.973072,0.313700,0,ns,0.281440,0.367200,0,-0.857086,0.367200,0,ns,0.283354,0.213700,0,-0.932821,0.213700,0
TN3256,Jammel,Monastir,Centre East,6,0,0,94.4028,4.2834,1.3138,ns,0.066770,0.680600,0,0.391737,0.680600,0,ns,0.026864,0.849100,0,-0.184813,0.849100,0,ns,0.189018,0.222800,0,-0.920729,0.222800,0
TN3257,Bembla,Monastir,Centre East,5,0,0,94.4028,4.2834,1.3138,ns,0.006821,0.768900,0,0.287035,0.769000,0,ns,-0.004080,0.906100,0,-0.110200,0.906100,0,ns,0.193713,0.301400,0,-0.785536,0.301400,0
TN3258,Moknine,Monastir,Centre East,7,0,0,94.4028,4.2834,1.3138,ns,0.208327,0.438500,0,0.743935,0.438500,0,ns,0.150193,0.530300,0,-0.596770,0.530300,0,ns,0.236959,0.222400,0,-0.947037,0.222400,0
TN3259,Bekalta,Monastir,Centre East,2,0,0,94.4028,4.2834,1.3138,ns,0.019806,0.945700,0,0.084208,0.945700,0,ns,0.003845,0.983000,0,-0.024563,0.983000,0,ns,0.068316,0.738100,0,-0.257168,0.738100,0
TN3260,Teboulba,Monastir,Centre East,4,0,0,94.4028,4.2834,1.3138,ns,0.094200,0.511800,0,0.647760,0.511800,0,ns,0.045184,0.592500,0,-0.520317,0.592500,0,ns,0.233326,0.288400,0,-0.813404,0.288300,0
TN3261,Ksar Hellal,Monastir,Centre East,4,0,0,94.4028,4.2834,1.3138,ns,0.065260,0.526300,0,0.614678,0.526300,0,ns,0.025969,0.622300,0,-0.472602,0.622300,0,ns,0.202684,0.272600,0,-0.833738,0.272600,0
TN3262,Ksibet El Mediouni,Monastir,Centre East,7,0,0,94.4028,4.2834,1.3138,ns,0.043691,0.553000,0,0.567152,0.553000,0,ns,0.020278,0.701300,0,-0.368407,0.701300,0,ns,0.123646,0.190100,0,-0.980902,0.190100,0
TN3263,Sayada-Lamta-Bou Hjar,Monastir,Centre East,4,0,0,94.4028,4.2834,1.3138,ns,-0.009984,0.460700,0,0.708126,0.460700,0,ns,-0.013931,0.576300,0,-0.529344,0.576300,0,ns,0.035591,0.155900,0,-1.031506,0.155900,0
TN3351,Mahdia,Mahdia,Centre East,5,0,0,94.4028,4.2834,1.3138,ns,-0.104838,0.169200,0,1.279119,0.169200,0,ns,-0.078212,0.215400,0,-1.147890,0.215400,0,ns,-0.109793,0.119500,0,-1.172089,0.119500,0
TN3352,Boumerdès,Mahdia,Centre East,7,0,0,94.4028,4.2834,1.3138,ns,0.283602,0.215900,0,1.182318,0.215900,0,ns,0.231488,0.267600,0,-1.046705,0.267600,0,ns,0.223893,0.137400,0,-1.113430,0.137400,0
TN3353,Ouled Chamekh,Mahdia,Centre East,5,0,0,94.4028,4.2834,1.3138,ns,0.562637,0.115700,0,1.449258,0.115700,0,ns,0.486210,0.161000,0,-1.268353,0.161000,0,ns,0.334548,0.056400,0,-1.451157,0.056400,0
TN3354,Chorbane,Mahdia,Centre East,3,0,0,94.4028,4.2834,1.3138,ns,0.303079,0.298400,0,0.977952,0.298400,0,ns,0.301789,0.338600,0,-0.903954,0.338600,0,ns,0.065768,0.291600,0,-0.832924,0.291600,0
TN3355,Hbira,Mahdia,Centre East,6,0,0,94.4028,4.2834,1.3138,ns,0.428564,0.085500,0,1.626766,0.085500,0,ns,0.355466,0.093200,0,-1.569827,0.093200,0,ns,0.302355,0.146700,0,-1.102713,0.146700,0
TN3356,Souassi,Mahdia,Centre East,7,0,0,94.4028,4.2834,1.3138,ns,0.303559,0.113000,0,1.504477,0.113000,0,ns,0.262061,0.144200,0,-1.363985,0.144200,0,ns,0.192551,0.088000,0,-1.311303,0.088000,0
TN3357,El Jem,Mahdia,Centre East,5,0,0,94.4028,4.2834,1.3138,ns,0.119015,0.142300,0,1.367189,0.142300,0,ns,0.030490,0.177800,0,-1.245510,0.177800,0,ns,0.318053,0.115400,0,-1.147152,0.115400,0
TN3358,Chebba,Mahdia,Centre East,2,0,0,94.4028,4.2834,1.3138,ns,0.041954,0.425000,0,0.775889,0.425000,0,ns,0.047190,0.427400,0,-0.755712,0.427400,0,ns,-0.000541,0.528000,0,-0.502266,0.528000,0
TN3359,Melloulech,Mahdia,Centre East,4,0,0,94.4028,4.2834,1.3138,ns,0.172525,0.632200,0,0.462894,0.632200,0,ns,0.152039,0.670400,0,-0.405224,0.670400,0,ns,0.090974,0.561000,0,-0.446811,0.561000,0
TN3360,Sidi Alouane,Mahdia,Centre East,7,0,0,94.4028,4.2834,1.3138,ns,0.225865,0.426200,0,0.780825,0.426200,0,ns,0.173431,0.492000,0,-0.672621,0.492000,0,ns,0.219046,0.285900,0,-0.816627,0.285900,0
TN3361,Ksour Essef,Mahdia,Centre East,4,0,0,94.4028,4.2834,1.3138,ns,0.124629,0.459900,0,0.720248,0.459900,0,ns,0.109114,0.469900,0,-0.698927,0.469900,0,ns,0.072236,0.549000,0,-0.468451,0.549000,0
TN3451,Sfax Médina,Sfax,Centre East,6,1,2,86.8210,10.7444,2.4346,ns,1.374065,0.023600,0,-2.447437,0.023600,0,ns,1.499552,0.021500,0,2.566775,0.021500,0,ns,0.207303,0.228300,0,0.939514,0.228300,0
TN3452,Sfax Ouest,Sfax,Centre East,3,0,2,86.8210,10.7444,2.4346,ns,1.005235,0.063800,0,-1.627775,0.063800,0,ns,1.108932,0.053300,0,1.744208,0.053300,0,ns,0.131722,0.520100,0,0.485643,0.520100,0
TN3453,Sakiet Ezzit,Sfax,Centre East,5,0,2,86.8210,10.7444,2.4346,ns,1.380814,0.074600,0,-1.651012,0.074600,0,ns,1.654203,0.052200,0,1.849855,0.052200,0,ns,0.047218,0.790800,0,0.207969,0.790800,0
TN3454,Sakiet Eddaier,Sfax,Centre East,4,0,2,86.8210,10.7444,2.4346,ns,1.258112,0.050700,0,-1.798270,0.050700,0,ns,1.441843,0.046900,0,1.863992,0.046900,0,ns,0.089343,0.332400,0,0.737701,0.332400,0
TN3455,Sfax Sud,Sfax,Centre East,6,0,2,86.8210,10.7444,2.4346,ns,1.137333,0.090500,0,-1.590598,0.090500,0,ns,1.317856,0.066000,0,1.726615,0.066000,0,ns,0.085874,0.606500,0,0.401652,0.606500,0
TN3456,Thyna,Sfax,Centre East,4,0,0,94.4028,4.2834,1.3138,ns,-0.323150,0.033500,0,-2.209893,0.033500,0,ns,-0.321670,0.030400,0,2.345175,0.030400,0,ns,-0.081551,0.328800,0,0.739367,0.328800,0
TN3457,Agareb,Sfax,Centre East,6,0,0,94.4028,4.2834,1.3138,ns,0.001921,0.976300,0,-0.026427,0.976300,0,ns,0.002489,0.977400,0,0.028238,0.977400,0,ns,-0.000425,0.991600,0,0.008234,0.991600,0
TN3458,Jebeniana,Sfax,Centre East,4,0,2,86.8210,10.7444,2.4346,ns,-0.105015,0.495600,0,0.656513,0.495600,0,ns,-0.105089,0.498400,0,-0.646991,0.498400,0,ns,-0.030992,0.618400,0,-0.395791,0.618400,0
TN3459,El Amra,Sfax,Centre East,3,0,2,86.8210,10.7444,2.4346,ns,0.305785,0.463900,0,-0.710246,0.463900,0,ns,0.295780,0.357800,0,0.853239,0.357800,0,ns,-0.068747,0.873700,0,-0.123070,0.873700,0
TN3460,Hencha,Sfax,Centre East,8,0,0,94.4028,4.2834,1.3138,ns,-0.155092,0.394200,0,-0.828355,0.394200,0,ns,-0.149357,0.307300,0,0.974278,0.307300,0,ns,0.009390,0.936900,0,-0.065096,0.936900,0
TN3461,Menzel Chaker,Sfax,Centre East,11,0,0,94.4028,4.2834,1.3138,ns,0.008172,0.954300,0,0.059243,0.954300,0,ns,-0.024895,0.861700,0,0.167227,0.861700,0,ns,0.081080,0.296700,0,-0.827784,0.296700,0
TN3462,El Ghraiba,Sfax,Centre East,5,0,0,94.4028,4.2834,1.3138,ns,0.011135,0.831300,0,0.209104,0.831300,0,ns,0.031309,0.696200,0,-0.376340,0.696200,0,ns,0.038334,0.544400,0,0.472149,0.544400,0
TN3463,Bir Ali Ben Khélifa,Sfax,Centre East,6,0,0,94.4028,4.2834,1.3138,ns,0.054620,0.687000,0,0.403565,0.687000,0,ns,0.075213,0.601100,0,-0.517524,0.601100,0,ns,-0.005585,0.817400,0,0.185516,0.817400,0
TN3464,Skhira,Sfax,Centre East,5,0,1,90.2834,6.9589,2.7577,ns,-0.200513,0.629300,0,0.465576,0.629300,0,ns,-0.146064,0.547200,0,-0.571057,0.547300,0,ns,0.095364,0.868000,0,0.128511,0.868000,0
TN3465,Mahres,Sfax,Centre East,2,0,0,94.4028,4.2834,1.3138,ns,-0.027091,0.959400,0,-0.059444,0.959400,0,ns,-0.027827,0.961600,0,0.054451,0.961600,0,ns,-0.002589,0.947900,0,0.048802,0.947900,0
TN3466,Kerkennah,Sfax,Centre East,1,1,2,86.8210,10.7444,2.4346,ns,0.070382,0.107200,0,-1.344171,0.107200,0,ns,-0.162521,0.093900,0,1.403258,0.093900,0,ns,0.344122,0.522500,0,0.507377,0.522500,0
TN4151,Kairouan Nord,Kairouan,Centre West,5,0,0,94.4028,4.2834,1.3138,ns,-0.087258,0.061300,0,1.734159,0.061300,0,ns,-0.225804,0.094700,0,-1.528909,0.094700,0,ns,0.525317,0.037900,0,-1.666430,0.037900,0
TN4152,Kairouan Sud,Kairouan,Centre West,6,0,0,94.4028,4.2834,1.3138,ns,0.283526,0.062200,0,1.792959,0.062200,0,ns,0.159171,0.086300,0,-1.599773,0.086300,0,ns,0.494796,0.038700,0,-1.694715,0.038700,0
TN4153,Chebika,Kairouan,Centre West,6,0,0,94.4028,4.2834,1.3138,ns,0.641732,0.078400,0,1.672256,0.078400,0,ns,0.490692,0.148500,0,-1.358279,0.148500,0,ns,0.584319,0.027000,0,-2.071459,0.027000,0
TN4154,Sbikha,Kairouan,Centre West,8,0,0,94.4028,4.2834,1.3138,ns,0.675691,0.040000,0,2.041286,0.040000,0,ns,0.549275,0.060500,0,-1.818108,0.060500,0,ns,0.545302,0.036400,0,-1.922478,0.036400,0
TN4155,Oueslatia,Kairouan,Centre West,8,0,0,94.4028,4.2834,1.3138,ns,0.308924,0.284300,0,1.035619,0.284300,0,ns,0.146722,0.556800,0,-0.565065,0.556800,0,ns,0.676693,0.033600,0,-2.255638,0.033600,0
TN4156,Haffouz,Kairouan,Centre West,5,0,0,94.4028,4.2834,1.3138,ns,0.920661,0.035000,0,2.145230,0.035000,0,ns,0.729539,0.041600,0,-2.033904,0.041600,0,ns,0.766885,0.040000,0,-1.587355,0.040000,0
TN4157,Alaa,Kairouan,Centre West,5,0,0,94.4028,4.2834,1.3138,ns,0.274318,0.542500,0,0.606086,0.542500,0,ns,0.109347,0.794700,0,-0.260132,0.794700,0,ns,0.475128,0.042400,0,-1.595322,0.042400,0
TN4158,Hajeb El Ayoun,Kairouan,Centre West,6,0,0,94.4028,4.2834,1.3138,ns,0.861169,0.027900,0,2.283270,0.027900,0,ns,0.833975,0.032800,0,-2.215070,0.032800,0,ns,0.312200,0.054300,0,-1.501815,0.054300,0
TN4159,Nasrallah,Kairouan,Centre West,8,0,0,94.4028,4.2834,1.3138,ns,0.804577,0.023900,0,2.339972,0.023900,0,ns,0.704637,0.034600,0,-2.175108,0.034600,0,ns,0.485229,0.040800,0,-1.837676,0.040800,0
TN4160,Chrarda,Kairouan,Centre West,6,0,0,94.4028,4.2834,1.3138,ns,0.485110,0.046300,0,1.916801,0.046300,0,ns,0.405445,0.058000,0,-1.789567,0.058000,0,ns,0.349313,0.059300,0,-1.476475,0.059300,0
TN4161,Bouhajla,Kairouan,Centre West,5,0,0,94.4028,4.2834,1.3138,ns,0.621336,0.086000,0,1.584704,0.086000,0,ns,0.518966,0.117500,0,-1.419090,0.117500,0,ns,0.449735,0.055200,0,-1.512566,0.055200,0
TN4251,Kasserine Nord,Kassérine,Centre West,3,0,0,94.4028,4.2834,1.3138,ns,0.087242,0.213700,0,1.130618,0.213700,0,ns,0.122735,0.225000,0,-1.082667,0.225000,0,ns,-0.066825,0.300800,0,-0.779790,0.300800,0
TN4252,Kasserine Sud,Kassérine,Centre West,7,0,0,94.4028,4.2834,1.3138,ns,0.410542,0.086500,0,1.640455,0.086500,0,ns,0.391914,0.096100,0,-1.582997,0.096100,0,ns,0.162343,0.158000,0,-1.077491,0.158000,0
TN4253,Ezzouhour,Kassérine,Centre West,2,0,0,94.4028,4.2834,1.3138,ns,0.245638,0.572500,0,0.573551,0.572500,0,ns,0.234963,0.538200,0,-0.608815,0.538200,0,ns,0.070602,0.806200,0,-0.189448,0.806200,0
TN4254,Hassi El Ferid,Kassérine,Centre West,6,0,0,94.4028,4.2834,1.3138,ns,0.492030,0.047400,0,1.928690,0.047400,0,ns,0.484799,0.049000,0,-1.909676,0.049000,0,ns,0.162069,0.135600,0,-1.129088,0.135600,0
TN4255,Sbeitla,Kassérine,Centre West,8,0,0,94.4028,4.2834,1.3138,ns,0.491991,0.042000,0,2.037599,0.042000,0,ns,0.427031,0.042300,0,-2.038607,0.042300,0,ns,0.274244,0.145700,0,-1.119025,0.145700,0
TN4256,Sbiba,Kassérine,Centre West,6,0,0,94.4028,4.2834,1.3138,ns,0.503089,0.042400,0,1.974182,0.042400,0,ns,0.400059,0.045700,0,-1.933013,0.045700,0,ns,0.380670,0.106000,0,-1.224470,0.106000,0
TN4257,Jedeliane,Kassérine,Centre West,5,0,0,94.4028,4.2834,1.3138,ns,0.490691,0.073100,0,1.664732,0.073100,0,ns,0.454170,0.070700,0,-1.676858,0.070700,0,ns,0.214403,0.253700,0,-0.870669,0.253700,0
TN4258,Ayoun,Kassérine,Centre West,5,0,0,94.4028,4.2834,1.3138,ns,0.520952,0.092800,0,1.584219,0.092800,0,ns,0.478283,0.115500,0,-1.453934,0.115500,0,ns,0.236475,0.069900,0,-1.338805,0.069900,0
TN4259,Thala,Kassérine,Centre West,8,0,0,94.4028,4.2834,1.3138,ns,0.606165,0.042000,0,2.042527,0.042000,0,ns,0.616220,0.035700,0,-2.164049,0.035700,0,ns,0.141626,0.376600,0,-0.690283,0.376600,0
TN4260,Hidra,Kassérine,Centre West,4,0,0,94.4028,4.2834,1.3138,ns,0.485552,0.094300,0,1.499818,0.094300,0,ns,0.594320,0.086900,0,-1.508446,0.086900,0,ns,-0.061306,0.280600,0,-0.803058,0.280600,0
TN4261,Foussana,Kassérine,Centre West,7,0,0,94.4028,4.2834,1.3138,ns,0.427878,0.075900,0,1.687581,0.075900,0,ns,0.422303,0.075400,0,-1.685059,0.075400,0,ns,0.139609,0.224400,0,-0.945306,0.224400,0
TN4262,Feriana,Kassérine,Centre West,3,0,0,94.4028,4.2834,1.3138,ns,0.495743,0.155200,0,1.252081,0.155200,0,ns,0.439641,0.138300,0,-1.267931,0.138300,0,ns,0.244647,0.414600,0,-0.635571,0.414600,0
TN4263,Majel Belabbes,Kassérine,Centre West,6,0,0,94.4028,4.2834,1.3138,ns,0.356051,0.255000,0,1.086724,0.255000,0,ns,0.409653,0.207200,0,-1.178256,0.207200,0,ns,0.028944,0.730100,0,-0.275477,0.730100,0
TN4351,Sidi Bouzid Ouest,Sidi Bou Zid,Centre West,6,0,0,94.4028,4.2834,1.3138,ns,0.330138,0.029700,0,2.259060,0.029700,0,ns,0.408746,0.032400,0,-2.219491,0.032400,0,ns,-0.079001,0.067400,0,-1.427056,0.067400,0
TN4352,Sidi Bouzid Est,Sidi Bou Zid,Centre West,7,0,0,94.4028,4.2834,1.3138,ns,0.732312,0.027000,0,2.265803,0.027000,0,ns,0.745013,0.028800,0,-2.224003,0.028800,0,ns,0.186589,0.072900,0,-1.427278,0.072900,0
TN4353,Jelma,Sidi Bou Zid,Centre West,6,0,0,94.4028,4.2834,1.3138,ns,0.704485,0.054500,0,1.868890,0.054500,0,ns,0.685590,0.050500,0,-1.908252,0.050500,0,ns,0.238487,0.244500,0,-0.886570,0.244500,0
TN4354,Sabalat Ouled Asker,Sidi Bou Zid,Centre West,4,0,0,94.4028,4.2834,1.3138,ns,0.668215,0.157600,0,1.290909,0.157600,0,ns,0.627509,0.178000,0,-1.213593,0.178000,0,ns,0.279936,0.180100,0,-1.009572,0.180100,0
TN4355,Bir El Hfay,Sidi Bou Zid,Centre West,6,0,0,94.4028,4.2834,1.3138,ns,0.670157,0.067400,0,1.743285,0.067400,0,ns,0.744206,0.054700,0,-1.853560,0.054700,0,ns,0.083772,0.491300,0,-0.554736,0.491300,0
TN4356,Sidi Ali Ben Aoun,Sidi Bou Zid,Centre West,6,0,0,94.4028,4.2834,1.3138,ns,0.506478,0.163600,0,1.311166,0.163600,0,ns,0.592941,0.076700,0,-1.634793,0.076700,0,ns,-0.137154,0.568900,0,0.447192,0.568900,0
TN4357,Menzel Bouzaiene,Sidi Bou Zid,Centre West,7,0,1,90.2834,6.9589,2.7577,ns,0.267419,0.075200,0,1.689088,0.075200,0,ns,0.610290,0.040400,0,-2.032819,0.040400,0,ns,0.105169,0.739800,0,0.267592,0.739800,0
TN4358,Meknassi,Sidi Bou Zid,Centre West,4,0,1,90.2834,6.9589,2.7577,ns,0.139187,0.094200,0,1.523149,0.094200,0,ns,0.567348,0.067800,0,-1.644373,0.067800,0,ns,-0.361466,0.595600,0,-0.408933,0.595600,0
TN4359,Souk Jedid,Sidi Bou Zid,Centre West,6,0,0,94.4028,4.2834,1.3138,ns,0.638093,0.122000,0,1.458195,0.122000,0,ns,0.781909,0.050600,0,-1.869961,0.050600,0,ns,-0.207966,0.385500,0,0.680617,0.385500,0
TN4360,Mazzouna,Sidi Bou Zid,Centre West,8,0,0,94.4028,4.2834,1.3138,ns,0.146502,0.587400,0,0.533261,0.587400,0,ns,0.294424,0.240200,0,-1.121166,0.240200,0,ns,-0.360907,0.043500,0,1.786605,0.043500,0
TN4361,Regueb,Sidi Bou Zid,Centre West,8,0,0,94.4028,4.2834,1.3138,ns,0.477024,0.054500,0,1.876986,0.054500,0,ns,0.468579,0.042400,0,-2.023674,0.042400,0,ns,0.112496,0.513700,0,-0.512550,0.513500,0
TN4362,Ouled Haffouz,Sidi Bou Zid,Centre West,4,0,0,94.4028,4.2834,1.3138,ns,0.680473,0.071200,0,1.646044,0.071200,0,ns,0.648183,0.080300,0,-1.564904,0.080300,0,ns,0.266645,0.103800,0,-1.176395,0.103800,0
TN5151,Gabès Médina,Gabès,South East,3,0,1,90.2834,6.9589,2.7577,ns,0.669370,0.109500,0,-1.387225,0.109500,0,ns,0.774691,0.086100,0,1.464288,0.086100,0,ns,0.048488,0.527600,0,0.484673,0.527600,0
TN5152,Gabès Ouest,Gabès,South East,5,0,1,90.2834,6.9589,2.7577,ns,0.557347,0.048800,0,-1.886458,0.048800,0,ns,0.566629,0.057200,0,1.774750,0.057200,0,ns,0.104638,0.054900,0,1.414163,0.054900,0
TN5153,Gabès Sud,Gabès,South East,5,0,1,90.2834,6.9589,2.7577,ns,0.780029,0.151000,0,-1.337925,0.151000,0,ns,0.559700,0.267300,0,1.040418,0.267300,0,ns,0.865740,0.030800,0,1.829973,0.030800,0
TN5154,Ghannouch,Gabès,South East,3,0,1,90.2834,6.9589,2.7577,ns,0.261289,0.249500,0,-1.060003,0.249500,0,ns,0.410778,0.190200,0,1.154854,0.190200,0,ns,-0.056820,0.770100,0,0.228743,0.770100,0
TN5155,Metouia,Gabès,South East,5,0,1,90.2834,6.9589,2.7577,ns,0.223663,0.138400,0,-1.372558,0.138400,0,ns,0.180923,0.277700,0,1.010307,0.277700,0,ns,0.058675,0.025600,0,2.076092,0.025600,0
TN5156,Menzel Habib,Gabès,South East,6,0,1,90.2834,6.9589,2.7577,ns,-0.060748,0.449100,0,-0.737331,0.449100,0,ns,-0.016401,0.930500,0,0.088651,0.930500,0,ns,0.737059,0.021100,0,2.797819,0.021100,0
TN5157,Hamma,Gabès,South East,8,0,1,90.2834,6.9589,2.7577,ns,0.861283,0.038000,0,-2.069491,0.038000,0,ns,0.347179,0.158400,0,1.341564,0.158400,0,ns,2.943366,0.016700,0,3.858043,0.016700,0
TN5158,Matmata,Gabès,South East,4,0,1,90.2834,6.9589,2.7577,ns,-0.098039,0.408700,0,-0.779206,0.408700,0,ns,-0.140786,0.637000,0,0.444922,0.637000,0,ns,1.017641,0.038600,0,1.590840,0.038600,0
TN5159,Matmata Nouvelle,Gabès,South East,6,0,1,90.2834,6.9589,2.7577,ns,0.284042,0.042700,0,-1.958588,0.042700,0,ns,0.058255,0.202900,0,1.190439,0.202900,0,ns,1.609348,0.020100,0,3.796205,0.020100,0
TN5160,Mareth,Gabès,South East,6,0,1,90.2834,6.9589,2.7577,ns,-0.031301,0.338300,0,-0.918958,0.338300,0,ns,-0.042110,0.556900,0,0.565811,0.556900,0,ns,0.221040,0.035500,0,1.737011,0.035500,0
TN5251,Médenine Nord,Médenine,South East,4,0,1,90.2834,6.9589,2.7577,ns,0.336713,0.510300,0,-0.623478,0.510300,0,ns,0.263390,0.601000,0,0.494061,0.601000,0,ns,0.255460,0.282600,0,0.800809,0.282600,0
TN5252,Médenine Sud,Médenine,South East,6,0,1,90.2834,6.9589,2.7577,ns,0.877342,0.161400,0,-1.318524,0.161400,0,ns,0.694826,0.245900,0,1.088330,0.245900,0,ns,0.718729,0.051200,0,1.522248,0.051200,0
TN5253,Beni Khedache,Médenine,South East,7,0,1,90.2834,6.9589,2.7577,ns,-0.062227,0.028500,0,-2.259997,0.028500,0,ns,-0.084936,0.053700,0,1.860987,0.053700,0,ns,0.130488,0.026700,0,2.668627,0.026700,0
TN5254,Ben Guerdane,Médenine,South East,7,0,1,90.2834,6.9589,2.7577,ns,1.015331,0.029600,0,-2.213005,0.029600,0,ns,0.822387,0.049600,0,1.922682,0.049600,0,ns,0.815622,0.028100,0,2.284444,0.028100,0
TN5255,Zarzis,Médenine,South East,3,1,1,90.2834,6.9589,2.7577,ns,0.268509,0.049000,0,-1.856201,0.049000,0,ns,-0.078548,0.061900,0,1.677640,0.061900,0,ns,1.272909,0.033300,0,1.632184,0.033300,0
TN5256,Houmt Souk,Médenine,South East,2,0,1,90.2834,6.9589,2.7577,ns,0.399881,0.563900,0,-0.591867,0.563900,0,ns,0.263757,0.703200,0,0.403191,0.703200,0,ns,0.451994,0.131500,0,0.985212,0.131500,0
TN5257,Djerba Midoun,Médenine,South East,2,0,1,90.2834,6.9589,2.7577,ns,0.335894,0.318000,0,-0.896611,0.318000,0,ns,0.223106,0.410700,0,0.758579,0.410700,0,ns,0.482948,0.140300,0,0.993161,0.140300,0
TN5258,Djerba Ajim,Médenine,South East,3,1,1,90.2834,6.9589,2.7577,ns,0.187184,0.265500,0,-1.039448,0.265500,0,ns,0.070219,0.439100,0,0.751407,0.439100,0,ns,0.655075,0.039100,0,1.540642,0.039100,0
TN5259,Sidi Makhlouf,Médenine,South East,3,0,1,90.2834,6.9589,2.7577,ns,-0.206747,0.076400,0,-1.544556,0.076400,0,ns,-0.220987,0.093100,0,1.433963,0.093100,0,ns,-0.001597,0.073400,0,1.237250,0.073400,0
TN5351,Tataouine Nord,Tataouine,South East,6,0,1,90.2834,6.9589,2.7577,ns,0.794905,0.032700,0,-2.154721,0.032700,0,ns,0.656666,0.043000,0,1.997942,0.043000,0,ns,0.600425,0.035600,0,1.753024,0.035600,0
TN5352,Tataouine Sud,Tataouine,South East,5,0,1,90.2834,6.9589,2.7577,ns,1.279868,0.059300,0,-1.786606,0.059300,0,ns,0.886574,0.190400,0,1.209953,0.190400,0,ns,0.984272,0.018400,0,3.041427,0.018400,0
TN5353,Samar,Tataouine,South East,3,0,1,90.2834,6.9589,2.7577,ns,0.639551,0.160100,0,-1.239469,0.160100,0,ns,0.568302,0.230900,0,1.071269,0.230900,0,ns,0.290269,0.065200,0,1.273330,0.065200,0
TN5354,Bir Lahmar,Tataouine,South East,4,0,1,90.2834,6.9589,2.7577,ns,0.965339,0.038600,0,-2.017986,0.038600,0,ns,0.852876,0.047800,0,1.835037,0.047800,0,ns,0.549937,0.030800,0,1.814096,0.030800,0
TN5355,Ghomrassen,Tataouine,South East,6,0,1,90.2834,6.9589,2.7577,ns,1.183860,0.022500,0,-2.469616,0.022500,0,ns,0.961338,0.032300,0,2.262195,0.032300,0,ns,0.954868,0.029000,0,2.082821,0.029000,0
TN5356,Dhiba,Tataouine,South East,4,0,1,90.2834,6.9589,2.7577,ns,0.034079,0.071800,0,-1.629902,0.071800,0,ns,-0.054878,0.090900,0,1.493730,0.090900,0,ns,0.295870,0.057400,0,1.386235,0.057400,0
TN5357,Remada,Tataouine,South East,5,0,1,90.2834,6.9589,2.7577,ns,0.162739,0.127200,0,-1.396312,0.127200,0,ns,0.061386,0.339500,0,0.899593,0.339500,0,ns,0.599104,0.020800,0,2.530204,0.020800,0
TN6151,Gafsa Nord,Gafsa,South West,5,0,0,94.4028,4.2834,1.3138,ns,0.155909,0.535000,0,0.606801,0.535000,0,ns,0.233523,0.342800,0,-0.897493,0.342800,0,ns,-0.093476,0.372100,0,0.674202,0.372100,0
TN6152,Sidi Aich,Gafsa,South West,5,0,0,94.4028,4.2834,1.3138,ns,0.298650,0.169600,0,1.275350,0.169600,0,ns,0.319577,0.143800,0,-1.330835,0.143800,0,ns,0.053739,0.521200,0,-0.503049,0.521200,0
TN6153,Ksar,Gafsa,South West,5,0,1,90.2834,6.9589,2.7577,ns,-0.008774,0.744000,0,0.325803,0.744000,0,ns,0.035533,0.562100,0,-0.564805,0.562100,0,ns,0.219424,0.384200,0,0.662826,0.384200,0
TN6154,Gafsa Sud,Gafsa,South West,7,0,1,90.2834,6.9589,2.7577,ns,-0.029816,0.520300,0,0.620035,0.520300,0,ns,0.001146,0.409500,0,-0.796982,0.409500,0,ns,0.056299,0.702400,0,0.305742,0.702400,0
TN6155,Oum Larais,Gafsa,South West,5,0,1,90.2834,6.9589,2.7577,ns,0.062647,0.501200,0,0.654167,0.501200,0,ns,0.145762,0.374500,0,-0.842378,0.374500,0,ns,0.068757,0.702800,0,0.297271,0.702800,0
TN6156,Redeyef,Gafsa,South West,4,0,1,90.2834,6.9589,2.7577,ns,0.103994,0.538500,0,0.591141,0.538500,0,ns,0.171982,0.368000,0,-0.843105,0.368000,0,ns,-0.000881,0.453500,0,0.584636,0.453500,0
TN6157,Metlaoui,Gafsa,South West,5,0,1,90.2834,6.9589,2.7577,ns,0.004301,0.807000,0,0.233281,0.807000,0,ns,0.019058,0.640100,0,-0.446580,0.640100,0,ns,0.048019,0.410000,0,0.637151,0.410000,0
TN6158,Mdhilla,Gafsa,South West,6,0,1,90.2834,6.9589,2.7577,ns,0.099252,0.593400,0,-0.525290,0.593400,0,ns,-0.185912,0.362000,0,-0.878731,0.362000,0,ns,0.242310,0.002000,0,5.401652,0.002000,0
TN6159,Guetar,Gafsa,South West,6,0,1,90.2834,6.9589,2.7577,ns,-0.352554,0.184000,0,-1.255926,0.184000,0,ns,0.150923,0.625000,0,-0.468269,0.625000,0,LH,-0.373959,0.000300,1,6.952726,0.000300,1
TN6160,Belkhir,Gafsa,South West,7,0,1,90.2834,6.9589,2.7577,ns,-0.044452,0.779900,0,-0.275021,0.779900,0,ns,0.289710,0.124200,0,-1.456543,0.124200,0,HH,0.361088,0.000300,1,6.431341,0.000300,1
TN6161,Sened,Gafsa,South West,6,0,1,90.2834,6.9589,2.7577,ns,0.016924,0.185800,0,1.260482,0.185800,0,ns,0.243366,0.098400,0,-1.552853,0.098400,0,ns,0.177549,0.657600,0,0.346673,0.657600,0
TN6251,Tozeur,Tozeur,South West,4,0,1,90.2834,6.9589,2.7577,ns,0.025827,0.714600,0,0.349206,0.714600,0,ns,0.051051,0.521600,0,-0.611521,0.521600,0,ns,-0.010747,0.317000,0,0.761873,0.317000,0
TN6252,Degueche,Tozeur,South West,7,0,1,90.2834,6.9589,2.7577,ns,-0.175272,0.379900,0,-0.839367,0.379900,0,ns,0.107144,0.662700,0,-0.423763,0.662700,0,ns,0.445194,0.003900,0,4.967953,0.003900,0
TN6253,Tamaghza,Tozeur,South West,6,0,1,90.2834,6.9589,2.7577,ns,0.040917,0.756000,0,0.298519,0.756000,0,ns,0.091988,0.604600,0,-0.499968,0.604600,0,ns,0.052489,0.484900,0,0.545819,0.485000,0
TN6254,Nefta,Tozeur,South West,4,0,1,90.2834,6.9589,2.7577,ns,-0.002627,0.847500,0,-0.188427,0.847500,0,ns,0.000258,0.948400,0,-0.064146,0.948400,0,ns,-0.045941,0.187500,0,0.981037,0.187500,0
TN6255,Hazoua,Tozeur,South West,3,0,1,90.2834,6.9589,2.7577,ns,-0.023417,0.932900,0,0.078188,0.932900,0,ns,-0.085259,0.756000,0,-0.295946,0.756000,0,ns,0.280244,0.325200,0,0.756753,0.325200,0
TN6351,Kebili Sud,Kebili,South West,7,0,1,90.2834,6.9589,2.7577,ns,1.155447,0.022200,0,-2.393833,0.022200,0,ns,0.092901,0.733600,0,0.333172,0.733600,0,HH,8.552010,0.000100,1,8.463676,0.000100,1
TN6352,Kebili Nord,Kebili,South West,6,0,1,90.2834,6.9589,2.7577,ns,0.307011,0.118700,0,-1.485379,0.118700,0,ns,0.020442,0.791900,0,-0.255832,0.791900,0,HH,7.920264,0.000100,1,7.073246,0.000100,1
TN6353,Souk El Ahed,Kebili,South West,7,0,4,80.4965,4.2280,15.2755,ns,0.288235,0.720200,0,-0.341960,0.720200,0,ns,0.057335,0.695400,0,-0.379671,0.695400,0,HH,11.167637,0.000900,1,3.821289,0.000900,1
TN6354,Douz Nord,Kebili,South West,8,0,1,90.2834,6.9589,2.7577,ns,0.922476,0.040000,0,-2.023346,0.040000,0,ns,0.413568,0.230500,0,1.145911,0.230500,0,ns,2.486459,0.009200,0,4.341842,0.009200,0
TN6355,Douz Sud,Kebili,South West,5,0,1,90.2834,6.9589,2.7577,ns,0.192587,0.038100,0,-2.134319,0.038100,0,ns,-0.323350,0.080500,0,1.609244,0.080500,0,ns,3.262778,0.019500,0,3.064688,0.019500,0
TN6356,Faouar,Kebili,South West,8,0,1,90.2834,6.9589,2.7577,ns,0.130012,0.137600,0,-1.429765,0.137600,0,ns,0.000714,0.915400,0,-0.107592,0.915400,0,HH,2.491313,0.000100,1,6.327726,0.000100,1
