adm3_pcode,id_delegation,delegation_name,delegation_name_ar,governorate_name,governorate_name_ar,region_name,lat,lon,area_sqkm,n_stations,n_certified,registered,voters,valid,blank,spoilt,turnout_stations,turnout_registered,turnout_voters,saied,saied_share_pct,saied_margin_pp,zammel,zammel_share_pct,zammel_margin_pp,maghzaoui,maghzaoui_share_pct,maghzaoui_margin_pp,candidate_sum,winner,runner_up,margin_pp,turnout_pct,turnout_coverage_pct
TN1151,1151,Carthage,قرطاج,Tunis,تونس,North East,36.85703155,10.32781661,8.32874984,25,25,27990,9064,9025,168,480,24,27990,9064,7093,78.5928,60.0776,1671,18.5152,-60.0776,261,2.8920,-75.7008,9025,saied,zammel,60.0776,32.3830,96.0000
TN1152,1152,Médina,المدينة,Tunis,تونس,North East,36.79846664,10.16881647,1.50724641,35,35,34131,6230,6405,112,271,33,32991,6230,5565,86.8852,76.2685,680,10.6167,-76.2685,160,2.4980,-84.3872,6405,saied,zammel,76.2685,18.8839,94.2857
TN1153,1153,Bab Bhar,باب البحر,Tunis,تونس,North East,36.80063754,10.19925505,11.03775408,32,32,32387,9169,8722,124,323,31,32283,8913,7442,85.3245,73.6070,1022,11.7175,-73.6070,258,2.9580,-82.3664,8722,saied,zammel,73.6070,27.6090,96.8750
TN1154,1154,Bab Souika,باب سويقة,Tunis,تونس,North East,36.80623513,10.16239327,2.17304973,35,35,35436,7778,7347,119,312,35,35436,7778,6450,87.7909,77.7188,740,10.0721,-77.7188,157,2.1369,-85.6540,7347,saied,zammel,77.7188,21.9494,100.0000
TN1155,1155,Omrane,العمران,Tunis,تونس,North East,36.82127456,10.15307291,4.96174288,34,34,35801,9054,8508,132,414,34,35801,9054,7600,89.3277,80.7945,726,8.5331,-80.7945,182,2.1392,-87.1885,8508,saied,zammel,80.7945,25.2898,100.0000
TN1156,1156,Omrane Supérieur,العمران الاعلى,Tunis,تونس,North East,36.83489219,10.12944936,3.23951924,38,38,41158,13125,12746,147,427,36,40092,12753,11456,89.8792,81.5707,1059,8.3085,-81.5707,231,1.8123,-88.0668,12746,saied,zammel,81.5707,31.8093,94.7368
TN1157,1157,El Tahrir,التحرير,Tunis,تونس,North East,36.82708358,10.12682478,1.67828361,14,14,11605,4133,3945,58,130,12,11473,3679,3404,86.2864,74.8542,451,11.4322,-74.8542,90,2.2814,-84.0051,3945,saied,zammel,74.8542,32.0666,85.7143
TN1158,1158,El Menzah,المنزه,Tunis,تونس,North East,36.83562303,10.15827642,10.01727568,36,36,37379,12496,11709,322,465,35,37379,12062,6994,59.7318,24.6050,4113,35.1268,-24.6050,602,5.1413,-54.5905,11709,saied,zammel,24.6050,32.2695,97.2222
TN1159,1159,Cité El Khadra,حي الخضراء,Tunis,تونس,North East,36.83718686,10.21884965,36.83867933,26,26,26614,8331,7901,129,301,26,26614,8331,5965,75.4968,54.3602,1670,21.1366,-54.3602,266,3.3667,-72.1301,7901,saied,zammel,54.3602,31.3031,100.0000
TN1160,1160,Bardo,باردو,Tunis,تونس,North East,36.8135025,10.13206574,6.67463712,63,63,66232,20538,19960,331,694,61,66232,20000,16514,82.7355,68.5521,2831,14.1834,-68.5521,615,3.0812,-79.6543,19960,saied,zammel,68.5521,30.1969,96.8254
TN1161,1161,Sijoumi,السيجومي,Tunis,تونس,North East,36.78647361,10.16578422,1.80131469,22,22,26314,5955,5646,93,216,22,26314,5955,5316,94.1552,89.2313,278,4.9238,-89.2313,52,0.9210,-93.2341,5646,saied,zammel,89.2313,22.6305,100.0000
TN1162,1162,Ezzouhour,الزهور,Tunis,تونس,North East,36.79437867,10.13553522,2.79981569,29,29,30907,9683,9402,126,357,28,30907,9683,8564,91.0870,83.8545,680,7.2325,-83.8545,158,1.6805,-89.4065,9402,saied,zammel,83.8545,31.3295,96.5517
TN1163,1163,Hrairia,الحرائرية,Tunis,تونس,North East,36.78190203,10.06159255,23.98331303,68,68,76852,22283,21326,302,655,68,76852,22283,19538,91.6159,84.8026,1453,6.8133,-84.8026,335,1.5709,-90.0450,21326,saied,zammel,84.8026,28.9947,100.0000
TN1164,1164,Sidi Hassine,سيدي حسين,Tunis,تونس,North East,36.73976979,10.08416629,64.46976627,65,65,71237,22229,21374,261,594,64,71237,21997,20325,95.0922,91.2183,828,3.8739,-91.2183,221,1.0340,-94.0582,21374,saied,zammel,91.2183,30.8786,98.4615
TN1165,1165,El Ouardia,الوردية,Tunis,تونس,North East,36.77194443,10.18017486,4.01768343,30,30,27475,7744,7384,106,254,30,27475,7744,6506,88.1094,77.9252,752,10.1842,-77.9252,126,1.7064,-86.4030,7384,saied,zammel,77.9252,28.1856,100.0000
TN1166,1166,Kabaria,الكبارية,Tunis,تونس,North East,36.74242223,10.19172267,10.17936945,50,50,57374,17663,16876,251,535,50,57374,17663,15289,90.5961,83.2899,1233,7.3062,-83.2899,354,2.0977,-88.4985,16876,saied,zammel,83.2899,30.7857,100.0000
TN1167,1167,Sidi El Béchir,سيدي البشير,Tunis,تونس,North East,36.78469382,10.18001077,2.70068389,20,20,17895,4835,4611,67,157,20,17895,4835,3997,86.6840,75.8838,498,10.8003,-75.8838,116,2.5157,-84.1683,4611,saied,zammel,75.8838,27.0187,100.0000
TN1168,1168,Jebel Jelloud,جبل الجلود,Tunis,تونس,North East,36.76566139,10.20746229,5.27393908,18,18,18094,6296,5980,76,240,18,18094,6296,5661,94.6656,90.3177,260,4.3478,-90.3177,59,0.9866,-93.6789,5980,saied,zammel,90.3177,34.7961,100.0000
TN1169,1169,La Goulette,حلق الوادي,Tunis,تونس,North East,36.83441533,10.2828029,20.09625952,34,34,34845,10803,11179,235,423,29,32770,10380,8769,78.4417,61.0430,1945,17.3987,-61.0430,465,4.1596,-74.2821,11179,saied,zammel,61.0430,31.6753,85.2941
TN1170,1170,Le Kram,الكرم,Tunis,تونس,North East,36.84790264,10.29409379,9.58765297,40,40,46478,15148,14337,221,590,39,46478,14677,12212,85.1782,72.9999,1746,12.1783,-72.9999,379,2.6435,-82.5347,14337,saied,zammel,72.9999,31.5784,97.5000
TN1171,1171,La Marsa,المرسى,Tunis,تونس,North East,36.90089921,10.30135705,31.17530039,72,72,73931,25572,24662,421,980,66,73657,23730,20069,81.3762,65.7570,3852,15.6192,-65.7570,741,3.0046,-78.3716,24662,saied,zammel,65.7570,32.2169,91.6667
TN1251,1251,Ariana Médina,اريانة المدينة,Ariana,أريانة,North East,36.86586672,10.16997844,18.38782425,95,95,84226,26938,31799,679,1119,69,77057,24526,22236,69.9267,43.8756,8284,26.0511,-43.8756,1279,4.0221,-65.9046,31799,saied,zammel,43.8756,31.8284,72.6316
TN1252,1252,Soukra,سكرة,Ariana,أريانة,North East,36.8808589,10.23093966,28.30856325,80,80,69994,26232,26664,372,753,65,69982,22306,22550,84.5710,71.6659,3441,12.9050,-71.6659,673,2.5240,-82.0470,26664,saied,zammel,71.6659,31.8739,81.2500
TN1253,1253,Raoued,روّاد,Ariana,أريانة,North East,36.92915685,10.15014915,56.19258441,69,68,70985,22293,23064,314,707,60,68552,21240,19465,84.3956,71.5531,2962,12.8425,-71.5531,637,2.7619,-81.6337,23064,saied,zammel,71.5531,30.9838,86.9565
TN1254,1254,Kalaat El Andalous,قلعة الأندلس,Ariana,أريانة,North East,36.99723355,10.12430142,189.35317455,22,22,19950,6169,6457,76,168,20,18123,6169,6074,94.0685,89.4068,301,4.6616,-89.4068,82,1.2699,-92.7985,6457,saied,zammel,89.4068,34.0396,90.9091
TN1255,1255,Sidi Thabet,سيدي ثابت,Ariana,أريانة,North East,36.91152057,10.05613783,97.14306288,22,22,19068,6636,6371,70,195,22,19068,6636,5938,93.2036,87.9140,337,5.2896,-87.9140,96,1.5068,-91.6968,6371,saied,zammel,87.9140,34.8018,100.0000
TN1256,1256,Ettadhamen,حي التضامن,Ariana,أريانة,North East,36.83337754,10.10609275,3.29273932,56,56,60804,17866,17566,227,509,54,59724,17434,16647,94.7683,90.4588,757,4.3095,-90.4588,162,0.9222,-93.8461,17566,saied,zammel,90.4588,29.1909,96.4286
TN1257,1257,Mnihla,المنيهلة,Ariana,أريانة,North East,36.86373541,10.10901203,23.56950222,57,57,47538,15785,19079,249,483,39,40890,13028,17860,93.6108,88.4690,981,5.1418,-88.4690,238,1.2474,-92.3633,19079,saied,zammel,88.4690,31.8611,68.4211
TN1351,1351,Ben Arous,بن عروس,Ben Arous,بن عروس,North East,36.74884674,10.22458655,6.47964011,28,28,28552,8803,8380,99,324,27,28552,8507,7371,87.9594,78.1026,826,9.8568,-78.1026,183,2.1838,-85.7757,8380,saied,zammel,78.1026,29.7948,96.4286
TN1352,1352,Nouvelle Médina,المدينة الجديدة,Ben Arous,بن عروس,North East,36.7341232,10.24342925,8.08262215,44,44,45103,13601,13227,208,435,40,43855,12388,11455,86.6032,75.6634,1447,10.9397,-75.6634,325,2.4571,-84.1461,13227,saied,zammel,75.6634,28.2476,90.9091
TN1353,1353,El Mourouj,المروج,Ben Arous,بن عروس,North East,36.71982547,10.21923666,16.00333257,72,72,70782,23935,22938,346,650,65,70782,21750,19268,84.0003,70.8693,3012,13.1310,-70.8693,658,2.8686,-81.1317,22938,saied,zammel,70.8693,30.7282,90.2778
TN1354,1354,Hammam Lif,حمام الأنف,Ben Arous,بن عروس,North East,36.71880141,10.33778717,11.34495848,35,35,34410,11488,10887,144,457,32,34410,10421,9609,88.2612,78.5891,1053,9.6721,-78.5891,225,2.0667,-86.1945,10887,saied,zammel,78.5891,30.2848,91.4286
TN1355,1355,Hammam Chott,حمام الشط,Ben Arous,بن عروس,North East,36.68351027,10.38056869,26.71619993,25,25,27174,9555,9111,123,321,24,27174,9149,7990,87.6962,78.2241,863,9.4721,-78.2241,258,2.8317,-84.8644,9111,saied,zammel,78.2241,33.6682,96.0000
TN1356,1356,Boumhel,بومهل البساتين,Ben Arous,بن عروس,North East,36.71551902,10.2963154,20.17221781,28,28,28187,9957,9909,161,277,25,28187,9157,8330,84.0650,70.6328,1331,13.4322,-70.6328,248,2.5028,-81.5622,9909,saied,zammel,70.6328,32.4866,89.2857
TN1357,1357,Ezzahra,الزهراء,Ben Arous,بن عروس,North East,36.74737277,10.29866945,7.00143456,28,28,29759,9810,9313,161,336,27,29759,9324,7711,82.7982,68.6245,1320,14.1737,-68.6245,282,3.0280,-79.7702,9313,saied,zammel,68.6245,31.3317,96.4286
TN1358,1358,Radès,رادس,Ben Arous,بن عروس,North East,36.77614073,10.28021496,19.74220279,44,44,44246,14575,13880,225,468,42,44246,14007,11809,85.0793,72.7089,1717,12.3703,-72.7089,354,2.5504,-82.5288,13880,saied,zammel,72.7089,31.6571,95.4545
TN1359,1359,Mégrine,مقرين,Ben Arous,بن عروس,North East,36.77165002,10.23867873,10.67819522,23,21,16706,6509,7008,142,221,16,15653,5699,5823,83.0908,68.8071,1001,14.2837,-68.8071,184,2.6256,-80.4652,7008,saied,zammel,68.8071,36.4084,69.5652
TN1360,1360,M'Hamdia,المحمدية,Ben Arous,بن عروس,North East,36.64530811,10.11454557,98.38290589,51,51,46153,14845,15187,174,431,46,44114,14233,14163,93.2574,87.9107,812,5.3467,-87.9107,212,1.3959,-91.8615,15187,saied,zammel,87.9107,32.2641,90.1961
TN1361,1361,Fouchana,فوشانة,Ben Arous,بن عروس,North East,36.69370937,10.17962846,38.80286809,55,55,51280,18393,18557,203,584,49,51280,17109,17316,93.3125,87.7890,1025,5.5235,-87.7890,216,1.1640,-92.1485,18557,saied,zammel,87.7890,33.3639,89.0909
TN1362,1362,Mornag,مرناق,Ben Arous,بن عروس,North East,36.58568423,10.24428338,397.70297537,52,52,45967,16723,16286,210,518,46,45967,14569,15222,93.4668,88.1186,871,5.3482,-88.1186,193,1.1851,-92.2817,16286,saied,zammel,88.1186,31.6945,88.4615
TN1451,1451,Manouba,منوبة,Manubah,منوبة,North East,36.81171581,10.08612267,12.16741506,52,52,51170,15994,16849,269,577,42,46022,14497,14165,84.0703,71.2386,2162,12.8316,-71.2386,522,3.0981,-80.9722,16849,saied,zammel,71.2386,31.5002,80.7692
TN1452,1452,Douar Hicher,دوار هيشر,Manubah,منوبة,North East,36.83626606,10.08003051,9.08885764,51,51,52239,14878,16591,168,732,40,44042,13861,15766,95.0274,90.9590,675,4.0685,-90.9590,150,0.9041,-94.1233,16591,saied,zammel,90.9590,31.4722,78.4314
TN1453,1453,Oued Ellil,وادي الليل,Manubah,منوبة,North East,36.82980222,10.01340073,57.78983676,48,48,49719,16020,16642,205,718,42,45872,15299,15432,92.7292,87.0148,951,5.7145,-87.0148,259,1.5563,-91.1729,16642,saied,zammel,87.0148,33.3515,87.5000
TN1454,1454,Mornaguia,المرناقية,Manubah,منوبة,North East,36.67651945,9.99855715,260.51598117,32,32,31860,9324,10504,166,470,27,27323,9324,9675,92.1078,85.3865,706,6.7212,-85.3865,123,1.1710,-90.9368,10504,saied,zammel,85.3865,34.1251,84.3750
TN1455,1455,Borj El Amri,برج العامري,Manubah,منوبة,North East,36.67676519,9.84484015,175.84816523,18,18,14247,4834,5324,44,271,15,13178,4631,5118,96.1307,93.5011,140,2.6296,-93.5011,66,1.2397,-94.8911,5324,saied,zammel,93.5011,35.1419,83.3333
TN1456,1456,Jedaida,الجديدة,Manubah,منوبة,North East,36.85413432,9.92761596,182.90945316,34,34,34143,10295,10795,118,550,31,30706,10295,10245,94.9050,90.9310,429,3.9741,-90.9310,121,1.1209,-93.7842,10795,saied,zammel,90.9310,33.5276,91.1765
TN1457,1457,Tebourba,طبربة,Manubah,منوبة,North East,36.87532976,9.76209748,287.47007895,34,34,31804,10501,11300,119,477,29,30577,10133,10743,95.0708,91.4159,413,3.6549,-91.4159,144,1.2743,-93.7965,11300,saied,zammel,91.4159,33.1393,85.2941
TN1458,1458,El Battan,البطان,Manubah,منوبة,North East,36.77059057,9.73668832,156.85580468,15,15,15027,4499,5013,52,283,13,12819,4499,4847,96.6886,94.2150,124,2.4736,-94.2150,42,0.8378,-95.8508,5013,saied,zammel,94.2150,35.0963,86.6667
TN1551,1551,Nabeul,نابل,Nabeul,نابل,North East,36.48243457,10.67070376,72.66016171,58,58,58739,20074,20420,291,629,48,56049,17579,18211,89.1822,80.6709,1738,8.5113,-80.6709,471,2.3066,-86.8756,20420,saied,zammel,80.6709,31.3636,82.7586
TN1552,1552,Dar Chaabane El Fehri,دار شعبان الفهري,Nabeul,نابل,North East,36.51808715,10.71547098,69.35076615,43,43,46422,12951,12563,151,325,41,46422,12500,11279,89.7795,81.5092,1039,8.2703,-81.5092,245,1.9502,-87.8293,12563,saied,zammel,81.5092,26.9269,95.3488
TN1553,1553,Beni Khiar,بني خيار,Nabeul,نابل,North East,36.52323326,10.77420178,106.34131733,33,33,30329,12116,12414,162,346,29,29224,11277,11266,90.7524,83.2447,932,7.5077,-83.2447,216,1.7400,-89.0124,12414,saied,zammel,83.2447,38.5881,87.8788
TN1554,1554,Korba,قربة,Nabeul,نابل,North East,36.60597286,10.79840676,205.92117184,55,55,48655,17248,17924,166,525,47,46193,15081,16692,93.1265,87.9491,928,5.1774,-87.9491,304,1.6960,-91.4305,17924,saied,zammel,87.9491,32.6478,85.4545
TN1555,1555,Menzel Temime,منزل تميم,Nabeul,نابل,North East,36.8075042,10.88955083,259.90661403,52,52,44782,15190,14922,156,451,48,44782,14031,14222,95.3089,91.9247,505,3.3843,-91.9247,195,1.3068,-94.0021,14922,saied,zammel,91.9247,31.3318,92.3077
TN1556,1556,El Mida,الميدة,Nabeul,نابل,North East,36.72063068,10.8584158,155.20936919,24,23,19887,6748,7339,76,197,19,17236,6252,6788,96.8884,94.7331,151,2.1553,-94.7331,67,0.9563,-95.9321,7006,saied,zammel,94.7331,36.2729,79.1667
TN1557,1557,Kelibia,قليبية,Nabeul,نابل,North East,36.87935765,11.00535266,125.35452247,47,47,47047,15711,15572,144,383,45,47047,15305,14603,93.7773,88.8389,769,4.9384,-88.8389,200,1.2844,-92.4929,15572,saied,zammel,88.8389,32.5313,95.7447
TN1558,1558,Hammam Ghezaz,حمام الأغزاز,Nabeul,نابل,North East,36.93326404,11.06813832,93.73836598,15,15,11034,4703,4503,44,156,12,11027,3546,4344,96.4690,94.0928,107,2.3762,-94.0928,52,1.1548,-95.3142,4503,saied,zammel,94.0928,32.1574,80.0000
TN1559,1559,Haouaria,الهوارية,Nabeul,نابل,North East,36.9545203,10.91316317,309.97085484,38,38,29837,10572,11943,112,290,33,29177,10572,11563,96.8182,94.6663,257,2.1519,-94.6663,123,1.0299,-95.7883,11943,saied,zammel,94.6663,36.2340,86.8421
TN1560,1560,Takelsa,تاكلسة,Nabeul,نابل,North East,36.79357242,10.67518744,278.43156977,21,21,15971,7526,7246,63,217,20,15971,7152,6975,96.2600,93.8311,176,2.4289,-93.8311,95,1.3111,-94.9489,7246,saied,zammel,93.8311,44.7812,95.2381
TN1561,1561,Soliman,سليمان,Nabeul,نابل,North East,36.74959488,10.55682039,142.28627011,41,41,38309,13815,14110,189,432,36,38309,13143,12980,91.9915,85.8257,870,6.1658,-85.8257,260,1.8427,-90.1488,14110,saied,zammel,85.8257,34.3079,87.8049
TN1562,1562,Menzel Bouzelfa,منزل بوزلفة,Nabeul,نابل,North East,36.70450814,10.60013568,132.38911291,31,31,28462,9496,10444,101,283,24,23690,8379,9994,95.6913,92.5412,329,3.1501,-92.5412,121,1.1586,-94.5327,10444,saied,zammel,92.5412,35.3694,77.4194
TN1563,1563,Beni Khalled,بني خلاد,Nabeul,نابل,North East,36.62490183,10.63492693,114.6323248,32,32,30791,10533,10418,103,342,31,30791,10533,9943,95.4406,91.9754,361,3.4652,-91.9754,114,1.0943,-94.3463,10418,saied,zammel,91.9754,34.2080,96.8750
TN1564,1564,Grombalia,قرمبالية,Nabeul,نابل,North East,36.5933146,10.46316342,297.27077334,50,50,41918,17251,18036,192,507,42,40743,15453,16956,94.0120,89.2936,851,4.7183,-89.2936,229,1.2697,-92.7423,18036,saied,zammel,89.2936,37.9280,84.0000
TN1565,1565,Bou Argoub,بوعرقوب,Nabeul,نابل,North East,36.52836071,10.57017213,131.5710453,28,28,21074,9577,9259,73,245,25,21074,8494,8885,95.9607,92.9582,278,3.0025,-92.9582,96,1.0368,-94.9239,9259,saied,zammel,92.9582,40.3056,89.2857
TN1566,1566,Hammamet,الحمامات,Nabeul,نابل,North East,36.40855103,10.50852043,322.20994466,77,77,76129,23458,25424,266,780,64,67691,22323,23368,91.9132,85.4429,1645,6.4703,-85.4429,411,1.6166,-90.2966,25424,saied,zammel,85.4429,32.9778,83.1169
TN1651,1651,Zaghouan,زغوان,Zaghouan,زغوان,North East,36.41433327,10.2027051,420.1027271,37,37,31895,11812,11321,159,332,35,31895,10985,10536,93.0660,87.6071,618,5.4589,-87.6071,167,1.4751,-91.5908,11321,saied,zammel,87.6071,34.4411,94.5946
TN1652,1652,Zriba,الزريبة,Zaghouan,زغوان,North East,36.31414904,10.22297504,339.42691661,19,19,18090,8042,7764,88,190,18,17879,7435,7461,96.0974,93.1350,230,2.9624,-93.1350,73,0.9402,-95.1571,7764,saied,zammel,93.1350,41.5851,94.7368
TN1653,1653,Bir Mchergua,بئر مشارقة,Zaghouan,زغوان,North East,36.52811289,9.99805805,534.82514288,22,20,16751,6347,6110,55,182,20,16474,5923,5583,95.5666,92.0575,205,3.5091,-92.0575,54,0.9243,-94.6422,5842,saied,zammel,92.0575,35.9536,90.9091
TN1654,1654,Fahs,الفحص,Zaghouan,زغوان,North East,36.27018181,9.83275369,926.58824848,48,44,32097,11089,10661,126,302,42,32097,10743,10221,95.8728,92.8994,317,2.9735,-92.8994,123,1.1537,-94.7191,10661,saied,zammel,92.8994,33.4704,87.5000
TN1655,1655,Nadhour,الناظور,Zaghouan,زغوان,North East,36.11174591,9.98726581,355.63888104,29,29,24367,8708,8452,104,152,29,24367,8708,8004,94.6995,90.7951,330,3.9044,-90.7951,118,1.3961,-93.3034,8452,saied,zammel,90.7951,35.7369,100.0000
TN1656,1656,Saouaf,صواف,Zaghouan,زغوان,North East,36.21554523,10.15004468,260.99377931,15,12,6975,2816,2684,45,87,12,6975,2816,2615,97.4292,96.0134,38,1.4158,-96.0134,31,1.1550,-96.2742,2684,saied,zammel,96.0134,40.3728,80.0000
TN1751,1751,Bizerte Nord,بنزرت الشمالية,Bizerte,بنزرت,North East,37.30096604,9.82578078,54.46742304,74,73,71833,17792,17728,349,780,65,69396,17231,14870,83.8786,70.6002,2354,13.2784,-70.6002,504,2.8430,-81.0356,17728,saied,zammel,70.6002,24.8300,87.8378
TN1752,1752,Jarzouna,جرزونة,Bizerte,بنزرت,North East,37.25783517,9.88542248,5.53885403,20,20,19337,5859,5855,76,299,18,19337,5577,5427,92.6900,86.9001,339,5.7899,-86.9001,89,1.5201,-91.1699,5855,saied,zammel,86.9001,28.8411,90.0000
TN1753,1753,Bizerte Sud,بنزرت الجنوبية,Bizerte,بنزرت,North East,37.25837604,9.66796043,406.17535643,42,42,39762,12018,11196,142,680,40,39575,11354,10721,95.7574,92.5330,361,3.2244,-92.5330,114,1.0182,-94.7392,11196,saied,zammel,92.5330,28.6898,95.2381
TN1754,1754,Sejnane,سجنان,Bizerte,بنزرت,North East,37.13705026,9.23608518,626.83871136,40,40,30268,9036,8607,101,475,36,29424,8473,8326,96.7352,94.7252,173,2.0100,-94.7252,108,1.2548,-95.4804,8607,saied,zammel,94.7252,28.7962,90.0000
TN1755,1755,Joumine,جومين,Bizerte,بنزرت,North East,36.87807766,9.44760978,552.12554169,32,32,22902,7355,6806,92,457,31,22902,7269,6636,97.5022,95.8419,113,1.6603,-95.8419,57,0.8375,-96.6647,6806,saied,zammel,95.8419,31.7396,96.8750
TN1756,1756,Mateur,ماطر,Bizerte,بنزرت,North East,36.98609659,9.67091596,564.40204392,40,40,33906,11245,10970,118,517,35,32614,10372,10541,96.0893,93.2543,311,2.8350,-93.2543,118,1.0757,-95.0137,10970,saied,zammel,93.2543,31.8023,87.5000
TN1757,1757,Ghazala,غزالة,Bizerte,بنزرت,North East,37.07913556,9.48563124,409.79317859,29,29,19049,5934,5584,86,396,26,18353,5288,5455,97.6898,96.3467,75,1.3431,-96.3467,54,0.9670,-96.7228,5584,saied,zammel,96.3467,28.8127,89.6552
TN1758,1758,Menzel Bourguiba,منزل بورقيبة,Bizerte,بنزرت,North East,37.10670497,9.85806737,128.49862656,47,47,45900,13530,13707,151,670,44,45704,13233,13011,94.9223,90.9535,544,3.9688,-90.9535,152,1.1089,-93.8134,13707,saied,zammel,90.9535,28.9537,93.6170
TN1759,1759,Tinja,تينجة,Bizerte,بنزرت,North East,37.12975971,9.66529718,60.82918998,17,17,16595,5465,5170,85,210,16,16595,5026,4862,94.0426,89.1296,254,4.9130,-89.1296,54,1.0445,-92.9981,5170,saied,zammel,89.1296,30.2862,94.1176
TN1760,1760,Utique,أوتيك,Bizerte,بنزرت,North East,37.03454052,9.95989981,381.34889498,19,19,13433,4880,4569,52,235,16,13433,4217,4374,95.7321,92.6461,141,3.0860,-92.6461,54,1.1819,-94.5502,4569,saied,zammel,92.6461,31.3928,84.2105
TN1761,1761,Ghar El Melh,غار الملح,Bizerte,بنزرت,North East,37.14481391,10.09282519,92.32732974,18,18,14421,4745,4491,67,187,15,14297,3913,4089,91.0488,83.2554,350,7.7934,-83.2554,52,1.1579,-89.8909,4491,saied,zammel,83.2554,27.3694,83.3333
TN1762,1762,Menzel Jemil,منزل جميل,Bizerte,بنزرت,North East,37.203524,9.98220405,82.51266613,40,40,35675,9667,10492,99,476,34,35675,9085,9702,92.4705,86.4278,634,6.0427,-86.4278,156,1.4868,-90.9836,10492,saied,zammel,86.4278,25.4660,85.0000
TN1763,1763,El Alia,العالية,Bizerte,بنزرت,North East,37.15822259,9.9992804,84.94324263,24,23,18823,5020,4841,86,207,20,18183,4581,4249,87.7711,77.6079,492,10.1632,-77.6079,100,2.0657,-85.7054,4841,saied,zammel,77.6079,25.1939,83.3333
TN1764,1764,Ras Jebel,راس الجبل,Bizerte,بنزرت,North East,37.2225953,10.08563187,84.11798391,51,51,46872,14398,13879,166,552,46,46872,13125,12655,91.1809,84.0767,986,7.1043,-84.0767,238,1.7148,-89.4661,13879,saied,zammel,84.0767,28.0018,90.1961
TN2151,2151,Béja Nord,باجة الشمالية,Béja,باجة,North West,36.80427185,9.24308319,427.80458594,62,62,59563,18017,17434,271,713,60,58678,17897,16443,94.3157,89.7786,791,4.5371,-89.7786,200,1.1472,-93.1685,17434,saied,zammel,89.7786,30.5004,96.7742
TN2152,2152,Béja Sud,باجة الجنوبية,Béja,باجة,North West,36.63597585,9.17643322,364.56110333,31,31,29961,10007,9411,137,459,30,29961,9716,8815,93.6670,88.6835,469,4.9835,-88.6835,127,1.3495,-92.3175,9411,saied,zammel,88.6835,32.4288,96.7742
TN2153,2153,Amdoun,عمدون,Béja,باجة,North West,36.77729656,9.028602,238.3557492,23,23,16789,5916,5494,61,361,22,16720,5589,5281,96.1230,93.5930,139,2.5300,-93.5930,74,1.3469,-94.7761,5494,saied,zammel,93.5930,33.4270,95.6522
TN2154,2154,Nefza,نفزة,Béja,باجة,North West,36.98823737,9.06923051,592.92172065,47,47,42378,12637,11880,164,593,47,42378,12637,11259,94.7727,91.9865,331,2.7862,-91.9865,290,2.4411,-92.3316,11880,saied,zammel,91.9865,29.8197,100.0000
TN2155,2155,Téboursouk,تبرسق,Béja,باجة,North West,36.45975879,9.23495187,395.45059172,24,24,19347,5675,5329,89,257,24,19347,5675,5135,96.3595,93.6573,144,2.7022,-93.6573,50,0.9383,-95.4213,5329,saied,zammel,93.6573,29.3327,100.0000
TN2156,2156,Thibar,تيبار,Béja,باجة,North West,36.51865164,9.10885056,114.42067392,10,10,8858,3033,2834,32,167,10,8858,3033,2755,97.2124,95.3423,53,1.8701,-95.3423,26,0.9174,-96.2950,2834,saied,zammel,95.3423,34.2402,100.0000
TN2157,2157,Testour,تستور,Béja,باجة,North West,36.5932285,9.41087402,642.6782112,36,36,26018,9783,9331,131,321,35,26018,9475,8894,95.3167,92.1552,295,3.1615,-92.1552,142,1.5218,-93.7949,9331,saied,zammel,92.1552,36.4171,97.2222
TN2158,2158,Goubellat,قبلاط,Béja,باجة,North West,36.52830567,9.68761683,415.57994341,17,17,13097,3150,2969,59,122,17,13097,3150,2889,97.3055,95.6551,49,1.6504,-95.6551,31,1.0441,-96.2614,2969,saied,zammel,95.6551,24.0513,100.0000
TN2159,2159,Mejez El Bab,مجاز الباب,Béja,باجة,North West,36.7089281,9.63854093,460.07015205,39,39,34761,11196,10724,144,328,39,34761,11196,10103,94.2093,89.6960,484,4.5132,-89.6960,137,1.2775,-92.9317,10724,saied,zammel,89.6960,32.2085,100.0000
TN2251,2251,Jendouba Sud,جندوبة,Jendouba,جندوبة,North West,36.48449651,8.83024459,254.29033679,65,65,52595,17098,17448,227,571,53,51389,14458,16369,93.8159,89.3398,781,4.4762,-89.3398,298,1.7079,-92.1080,17448,saied,zammel,89.3398,28.1344,81.5385
TN2252,2252,Jendouba Nord,جندوبة الشمالية,Jendouba,جندوبة,North West,36.53415211,8.67366659,289.44910725,39,38,31233,9567,9742,105,335,32,30467,8445,9440,96.9000,94.7855,206,2.1146,-94.7855,96,0.9854,-95.9146,9742,saied,zammel,94.7855,27.7185,82.0513
TN2253,2253,Bousalem,بوسالم,Jendouba,جندوبة,North West,36.55837835,8.9843135,296.5558523,35,35,34911,10372,9881,108,383,34,34911,10171,9391,95.0410,91.1750,382,3.8660,-91.1750,108,1.0930,-93.9480,9881,saied,zammel,91.1750,29.1341,97.1429
TN2254,2254,Tabarka,طبرقة,Jendouba,جندوبة,North West,36.90686981,8.82277942,376.35373628,47,46,35825,12109,11514,144,451,40,35762,10452,11028,95.7791,92.8522,337,2.9269,-92.8522,149,1.2941,-94.4850,11514,saied,zammel,92.8522,29.2266,85.1064
TN2255,2255,Aïn Draham,عين دراهم,Jendouba,جندوبة,North West,36.79361203,8.77474646,489.29784102,41,41,28299,9131,8821,101,434,39,28299,8999,8465,95.9642,93.5268,215,2.4374,-93.5268,141,1.5985,-94.3657,8821,saied,zammel,93.5268,31.7997,95.1220
TN2256,2256,Fernana,فرنانة,Jendouba,جندوبة,North West,36.65266441,8.62153808,397.89110773,49,49,37621,10406,10613,133,703,43,37621,9752,10364,97.6538,96.1933,155,1.4605,-96.1933,94,0.8857,-96.7681,10613,saied,zammel,96.1933,25.9217,87.7551
TN2257,2257,Ghardimaou,غار الدماء,Jendouba,جندوبة,North West,36.48459855,8.33952213,518.53997332,62,62,48356,13440,13114,160,486,54,46939,11935,12639,96.3779,93.6861,353,2.6918,-93.6861,122,0.9303,-95.4476,13114,saied,zammel,93.6861,25.4266,87.0968
TN2258,2258,Oued Mliz,وادي مليز,Jendouba,جندوبة,North West,36.48525515,8.62310544,198.35942495,18,18,14017,4278,4423,55,132,16,13175,3913,4316,97.5808,95.9982,70,1.5826,-95.9982,37,0.8365,-96.7443,4423,saied,zammel,95.9982,29.7002,88.8889
TN2259,2259,Balta Bou Aouane,بلطة بوعوان,Jendouba,جندوبة,North West,36.69214744,8.91535547,289.14350985,33,32,23445,7186,6866,100,310,29,22499,6465,6654,96.9123,95.0918,125,1.8206,-95.0918,87,1.2671,-95.6452,6866,saied,zammel,95.0918,28.7346,87.8788
TN2351,2351,Kef Ouest,الكاف الغربية,Le Kef,الكاف,North West,36.15363991,8.60819629,210.70937888,27,27,22135,8462,8454,83,284,23,22135,7249,8044,95.1502,91.5425,305,3.6078,-91.5425,105,1.2420,-93.9082,8454,saied,zammel,91.5425,32.7490,85.1852
TN2352,2352,Kef Est,الكاف الشرقية,Le Kef,الكاف,North West,36.18385246,8.86582506,395.47236262,39,39,34924,10478,10359,152,360,37,34888,10360,9711,93.7446,88.9951,492,4.7495,-88.9951,156,1.5059,-92.2386,10359,saied,zammel,88.9951,29.6950,94.8718
TN2353,2353,Nebeur,نبر,Le Kef,الكاف,North West,36.3293719,8.7421409,719.41569011,33,33,20231,7216,6764,110,342,32,20231,7145,6589,97.4128,95.6978,116,1.7150,-95.6978,59,0.8723,-96.5405,6764,saied,zammel,95.6978,35.3171,96.9697
TN2354,2354,Sakiet Sidi Youssef,ساقية سيدي يوسف,Le Kef,الكاف,North West,36.1686435,8.42624578,730.72679573,23,23,12915,3875,3665,40,170,23,12915,3875,3525,96.1801,93.4789,99,2.7012,-93.4789,41,1.1187,-95.0614,3665,saied,zammel,93.4789,30.0039,100.0000
TN2355,2355,Tajerouine,تاجروين,Le Kef,الكاف,North West,35.96573229,8.54661801,722.28107243,34,34,21350,7296,6899,82,314,34,21350,7296,6541,94.8108,91.0132,262,3.7977,-91.0132,96,1.3915,-93.4193,6899,saied,zammel,91.0132,34.1733,100.0000
TN2356,2356,Kalaat Senan,قلعة سنان,Le Kef,الكاف,North West,35.79732089,8.40778806,515.50015128,22,22,11261,3547,3384,52,111,20,11261,3267,3258,96.2766,93.8830,81,2.3936,-93.8830,45,1.3298,-94.9468,3384,saied,zammel,93.8830,29.0116,90.9091
TN2357,2357,Kalaa Khesba,القلعة الخصباء,Le Kef,الكاف,North West,35.72742577,8.51853062,206.47911466,8,8,5045,1725,1651,21,53,8,5045,1725,1573,95.2756,92.1260,52,3.1496,-92.1260,26,1.5748,-93.7008,1651,saied,zammel,92.1260,34.1923,100.0000
TN2358,2358,Jerissa,الجريصة,Le Kef,الكاف,North West,35.81677081,8.64351944,176.37869524,14,14,7894,2847,2642,31,174,13,7894,2400,2541,96.1771,94.2468,50,1.8925,-94.2846,51,1.9304,-94.2468,2642,saied,maghzaoui,94.2468,30.4028,92.8571
TN2359,2359,Ksour,القصور,Le Kef,الكاف,North West,35.83013578,8.94159024,450.40123114,20,20,13156,4018,3775,72,171,20,13156,4018,3609,95.6026,92.9536,100,2.6490,-92.9536,66,1.7483,-93.8543,3775,saied,zammel,92.9536,30.5412,100.0000
TN2360,2360,Dahmani,الدهماني,Le Kef,الكاف,North West,35.93529065,8.79479725,550.38448582,33,33,20692,6546,6213,85,248,32,20692,6288,5963,95.9762,93.1273,177,2.8489,-93.1273,73,1.1750,-94.8012,6213,saied,zammel,93.1273,30.3886,96.9697
TN2361,2361,Es Sers,السرس,Le Kef,الكاف,North West,36.06278794,9.04856927,430.76650484,23,23,17518,6113,5800,67,246,23,17518,6113,5567,95.9828,93.2241,160,2.7586,-93.2241,73,1.2586,-94.7241,5800,saied,zammel,93.2241,34.8955,100.0000
TN2451,2451,Siliana Nord,سليانة الشمالية,Siliana,سليانـــة,North West,36.03059878,9.22358875,386.3263561,35,34,25461,7396,7949,114,209,29,22734,7286,7299,91.8229,84.7402,563,7.0827,-84.7402,87,1.0945,-90.7284,7949,saied,zammel,84.7402,32.0489,82.8571
TN2452,2452,Siliana Sud,سليانة الجنوبية,Siliana,سليانـــة,North West,35.96968988,9.42981161,493.17727843,38,38,26771,8306,8167,101,260,36,26771,8306,7530,92.2003,85.2577,567,6.9426,-85.2577,70,0.8571,-91.3432,8167,saied,zammel,85.2577,31.0261,94.7368
TN2453,2453,Bouarada,بوعرادة,Siliana,سليانـــة,North West,36.31348704,9.63153076,376.76092567,21,21,16093,5480,5259,42,179,21,16093,5480,4982,94.7328,90.3594,230,4.3735,-90.3594,47,0.8937,-93.8391,5259,saied,zammel,90.3594,34.0521,100.0000
TN2454,2454,Gaafour,قعفور,Siliana,سليانـــة,North West,36.25215736,9.33247916,461.11133925,18,18,11743,4224,4741,66,162,15,10962,3803,4500,94.9167,91.3099,171,3.6068,-91.3099,70,1.4765,-93.4402,4741,saied,zammel,91.3099,34.6926,83.3333
TN2455,2455,El Krib,الكريب,Siliana,سليانـــة,North West,36.34814834,9.12632324,424.34574993,21,21,14587,5119,5068,50,167,20,14100,5119,4883,96.3496,93.5478,142,2.8019,-93.5478,43,0.8485,-95.5012,5068,saied,zammel,93.5478,36.3050,95.2381
TN2456,2456,Bourouis,بورويس,Siliana,سليانـــة,North West,36.1884572,9.13198962,274.41894678,15,15,7314,2170,3140,33,86,10,5487,1707,2955,94.1083,89.2038,154,4.9045,-89.2038,31,0.9873,-93.1210,3140,saied,zammel,89.2038,31.1099,66.6667
TN2457,2457,Makthar,مكثر,Siliana,سليانـــة,North West,35.87022672,9.16367859,347.30971736,31,31,17069,6049,7475,109,200,27,17069,6049,6809,91.0903,83.0502,601,8.0401,-83.0502,65,0.8696,-90.2207,7475,saied,zammel,83.0502,35.4385,87.0968
TN2458,2458,Rouhia,الروحية,Siliana,سليانـــة,North West,35.65717545,9.1480848,662.06496428,32,32,21399,6340,6415,59,194,30,20358,6073,6151,95.8846,93.4684,155,2.4162,-93.4684,109,1.6991,-94.1855,6415,saied,zammel,93.4684,29.8310,93.7500
TN2459,2459,Kesra,كسرى,Siliana,سليانـــة,North West,35.80336615,9.39187393,439.48168526,19,19,11370,4518,4843,43,119,15,10570,3928,3943,81.4165,63.5350,866,17.8815,-63.5350,34,0.7020,-80.7144,4843,saied,zammel,63.5350,37.1618,78.9474
TN2460,2460,Bargou,برقو,Siliana,سليانـــة,North West,36.1002164,9.62313788,457.88224477,18,18,9151,3993,3883,42,137,16,9151,3628,3656,94.1540,89.3896,185,4.7644,-89.3896,42,1.0816,-93.0724,3883,saied,zammel,89.3896,39.6459,88.8889
TN2461,2461,Laroussa,العروسة,Siliana,سليانـــة,North West,36.35383202,9.44913357,360.60947566,11,10,6154,2061,2361,27,88,9,6154,2061,2250,95.2986,91.5290,89,3.7696,-91.5290,22,0.9318,-94.3668,2361,saied,zammel,91.5290,33.4904,81.8182
TN3151,3151,Sousse Médina,سوسة المدينة,Sousse,سوسة,Centre East,35.83648301,10.63198215,6.66062497,31,31,30914,9390,9593,146,392,27,30914,8889,8243,85.9272,74.1791,1127,11.7481,-74.1791,223,2.3246,-83.6026,9593,saied,zammel,74.1791,28.7540,87.0968
TN3152,3152,Sousse Riadh,سوسة الرياض,Sousse,سوسة,Centre East,35.80479345,10.59675987,10.08914116,49,49,51722,15065,14695,177,412,46,51722,14477,13446,91.5005,84.5662,1019,6.9343,-84.5662,230,1.5652,-89.9354,14695,saied,zammel,84.5662,27.9900,93.8776
TN3153,3153,Sousse Jaouhara,سوسة جوهرة,Sousse,سوسة,Centre East,35.82876075,10.61194751,13.84949061,57,57,53478,15405,16262,243,580,44,47889,13301,13937,85.7029,74.0930,1888,11.6099,-74.0930,437,2.6872,-83.0156,16262,saied,zammel,74.0930,27.7746,77.1930
TN3154,3154,Sousse Sidi Abdelhamid,سوسة سيدي عبد الحميد,Sousse,سوسة,Centre East,35.79614679,10.66088157,12.41659161,35,35,37180,9992,9520,119,353,33,37180,9420,9109,95.6828,92.3214,320,3.3613,-92.3214,91,0.9559,-94.7269,9520,saied,zammel,92.3214,25.3362,94.2857
TN3155,3155,Hammam Sousse,حمام سوسة,Sousse,سوسة,Centre East,35.874696,10.59389321,17.9956384,43,43,45275,11268,11220,219,428,40,45101,10972,9543,85.0535,73.1016,1341,11.9519,-73.1016,336,2.9947,-82.0588,11220,saied,zammel,73.1016,24.3276,93.0233
TN3156,3156,Akouda,اكودة,Sousse,سوسة,Centre East,35.90522496,10.56218201,44.76255132,28,28,25787,8458,8446,121,274,24,24694,7446,7667,90.7767,83.5543,610,7.2224,-83.5543,169,2.0009,-88.7758,8446,saied,zammel,83.5543,30.1531,85.7143
TN3157,3157,Kalaa Kebira,القلعة الكبرى,Sousse,سوسة,Centre East,35.86843854,10.45277894,238.38553272,37,37,35608,10601,10970,129,335,32,33838,9813,10240,93.3455,88.2771,556,5.0684,-88.2771,174,1.5861,-91.7593,10970,saied,zammel,88.2771,28.9999,86.4865
TN3158,3158,Sidi Bou Ali,سيدي بوعلي,Sousse,سوسة,Centre East,35.96929495,10.42554516,129.51880447,16,16,15922,5047,5288,53,182,14,14540,4680,5047,95.4425,92.5113,155,2.9312,-92.5113,86,1.6263,-93.8162,5288,saied,zammel,92.5113,32.1871,87.5000
TN3159,3159,Hergla,هرقلة,Sousse,سوسة,Centre East,36.02827808,10.44593077,95.46069802,8,8,6744,2558,2387,32,139,7,6528,2065,2241,93.8835,89.3590,108,4.5245,-89.3590,38,1.5920,-92.2916,2387,saied,zammel,89.3590,31.6330,87.5000
TN3160,3160,Enfidha,النفيضة,Sousse,سوسة,Centre East,36.12779542,10.33587033,377.86781458,42,42,33841,13241,13925,138,431,35,32745,11604,13443,96.5386,93.9892,355,2.5494,-93.9892,127,0.9120,-95.6266,13925,saied,zammel,93.9892,35.4375,83.3333
TN3161,3161,Bouficha,بوفيشة,Sousse,سوسة,Centre East,36.27436497,10.42620837,261.2003376,23,23,18390,7405,7408,87,261,20,18390,6811,7052,95.1944,91.8602,247,3.3342,-91.8602,109,1.4714,-93.7230,7408,saied,zammel,91.8602,37.0364,86.9565
TN3162,3162,Kondar,كندار,Sousse,سوسة,Centre East,35.90446809,10.24502975,178.32285752,12,12,7723,3089,3208,23,98,10,7723,2736,3083,96.1035,93.1421,95,2.9613,-93.1421,30,0.9352,-95.1683,3208,saied,zammel,93.1421,35.4266,83.3333
TN3163,3163,Sidi El Heni,سيدي الهاني,Sousse,سوسة,Centre East,35.69931118,10.31891555,320.90729538,15,15,10706,3010,2868,40,102,14,10706,2843,2752,95.9554,92.9219,87,3.0335,-92.9219,29,1.0112,-94.9442,2868,saied,zammel,92.9219,26.5552,93.3333
TN3164,3164,M'Saken,مساكن,Sousse,سوسة,Centre East,35.67310176,10.53876788,334.23815292,65,65,64390,17795,17698,257,522,58,61537,17143,15498,87.5692,76.9918,1872,10.5775,-76.9918,328,1.8533,-85.7159,17698,saied,zammel,76.9918,27.8580,89.2308
TN3165,3165,Kalaa Sghira,القلعة الصغرى,Sousse,سوسة,Centre East,35.79798875,10.47091273,102.52871571,28,28,27756,8952,8932,93,317,27,27756,8952,8297,92.8907,87.1585,512,5.7322,-87.1585,123,1.3771,-91.5137,8932,saied,zammel,87.1585,32.2525,96.4286
TN3166,3166,Zaouia Ksiba Thraya,الزاوية - القصيبة - الثريات,Sousse,سوسة,Centre East,35.76801713,10.63817848,37.03676266,24,24,22247,8974,8775,95,312,21,21409,8121,8270,94.2450,89.4701,419,4.7749,-89.4701,86,0.9801,-93.2650,8775,saied,zammel,89.4701,37.9326,87.5000
TN3251,3251,Monastir,المنستير,Monastir,المنستير,Centre East,35.73950189,10.79882403,60.60367128,77,77,79689,24212,23792,345,731,73,78558,23522,21104,88.7021,79.6318,2158,9.0703,-79.6318,530,2.2276,-86.4744,23792,saied,zammel,79.6318,29.9422,94.8052
TN3252,3252,Ouerdanine,الوردانين,Monastir,المنستير,Centre East,35.70105815,10.6771591,51.31668602,18,18,15190,5517,5832,62,165,16,15190,5127,5580,95.6790,92.3525,194,3.3265,-92.3525,58,0.9945,-94.6845,5832,saied,zammel,92.3525,33.7525,88.8889
TN3253,3253,Sahline,الساحلين,Monastir,المنستير,Centre East,35.74194675,10.7225846,42.28398251,21,21,21864,8494,8134,75,285,20,21864,8015,7497,92.1687,85.4807,544,6.6880,-85.4807,93,1.1433,-91.0253,8134,saied,zammel,85.4807,36.6584,95.2381
TN3254,3254,Zeramdine,زرمدين,Monastir,المنستير,Centre East,35.56441494,10.69497274,248.74362868,25,25,22038,5719,5768,50,138,22,21144,5242,5351,92.7705,87.3093,315,5.4612,-87.3093,102,1.7684,-91.0021,5768,saied,zammel,87.3093,24.7919,88.0000
TN3255,3255,Beni Hassen,بني حسان,Monastir,المنستير,Centre East,35.53502935,10.77838073,86.31287931,11,11,9795,4123,3988,40,95,9,9795,3404,3837,96.2136,93.4303,111,2.7834,-93.4303,40,1.0030,-95.2106,3988,saied,zammel,93.4303,34.7524,81.8182
TN3256,3256,Jammel,جمال,Monastir,المنستير,Centre East,35.60671711,10.77325531,156.56427281,50,50,45080,15206,14735,124,347,45,45080,13467,13886,94.2382,89.6980,669,4.5402,-89.6980,180,1.2216,-93.0166,14735,saied,zammel,89.6980,29.8736,90.0000
TN3257,3257,Bembla,بنبلة,Monastir,المنستير,Centre East,35.68150803,10.7585481,48.91967258,25,25,23732,7667,7627,113,237,24,23732,7667,7052,92.4610,86.0758,487,6.3852,-86.0758,88,1.1538,-91.3072,7627,saied,zammel,86.0758,32.3066,96.0000
TN3258,3258,Moknine,المكنين,Monastir,المنستير,Centre East,35.53680325,10.87785753,197.28033251,81,81,66427,22858,22842,196,385,77,65889,22629,21888,95.8235,92.6670,721,3.1565,-92.6670,233,1.0201,-94.8034,22842,saied,zammel,92.6670,34.3441,95.0617
TN3259,3259,Bekalta,البقالطة,Monastir,المنستير,Centre East,35.5966003,11.00993816,43.99039503,15,15,13156,3542,3971,57,86,13,11304,3542,3729,93.9058,89.1967,187,4.7091,-89.1967,55,1.3850,-92.5208,3971,saied,zammel,89.1967,31.3340,86.6667
TN3260,3260,Teboulba,طبلبة,Monastir,المنستير,Centre East,35.63980231,10.96125119,19.47028279,27,26,27078,10800,10484,109,205,25,26950,10261,9818,93.6475,88.4109,549,5.2366,-88.4109,117,1.1160,-92.5315,10484,saied,zammel,88.4109,38.0742,92.5926
TN3261,3261,Ksar Hellal,قصر هلال,Monastir,المنستير,Centre East,35.6374095,10.86979348,22.01455758,41,41,38254,13847,13311,160,376,38,38254,12750,12413,93.2537,87.7395,734,5.5142,-87.7395,164,1.2321,-92.0216,13311,saied,zammel,87.7395,33.3298,92.6829
TN3262,3262,Ksibet El Mediouni,قصيبة المديوني,Monastir,المنستير,Centre East,35.64458546,10.81614473,37.12382847,27,27,24981,10243,9897,104,242,23,24981,8699,9223,93.1899,87.8044,533,5.3855,-87.8044,141,1.4247,-91.7652,9897,saied,zammel,87.8044,34.8225,85.1852
TN3263,3263,Sayada-Lamta-Bou Hjar,صيادة - لمطة - بوحجر,Monastir,المنستير,Centre East,35.6672541,10.88621845,12.78186636,23,23,20534,7352,7134,81,137,20,20534,6496,6567,92.0521,85.8424,443,6.2097,-85.8424,124,1.7382,-90.3140,7134,saied,zammel,85.8424,31.6353,86.9565
TN3351,3351,Mahdia,المهدية,Mahdia,المهدية,Centre East,35.48768806,10.96268589,165.97474201,69,68,69729,19955,19195,317,443,67,69729,19638,17523,91.2894,84.6523,1274,6.6371,-84.6523,398,2.0735,-89.2159,19195,saied,zammel,84.6523,28.1633,97.1014
TN3352,3352,Boumerdès,بومرداس,Mahdia,المهدية,Centre East,35.42431899,10.69654898,191.0238934,28,28,23842,8543,8692,101,243,25,23066,8251,8295,95.4326,92.0387,295,3.3939,-92.0387,102,1.1735,-94.2591,8692,saied,zammel,92.0387,35.7713,89.2857
TN3353,3353,Ouled Chamekh,أولاد شامخ,Mahdia,المهدية,Centre East,35.47809665,10.33924434,357.75482849,23,23,18253,5483,5314,52,117,21,18253,4871,5128,96.4998,94.1852,123,2.3146,-94.1852,63,1.1855,-95.3143,5314,saied,zammel,94.1852,26.6860,91.3043
TN3354,3354,Chorbane,شربان,Mahdia,المهدية,Centre East,35.22691807,10.43534304,444.48624656,26,26,20641,7420,7084,109,227,25,20641,6943,6718,94.8334,91.3185,249,3.5150,-91.3185,117,1.6516,-93.1818,7084,saied,zammel,91.3185,33.6369,96.1538
TN3355,3355,Hbira,هبيرة,Mahdia,المهدية,Centre East,35.2775832,10.22640718,315.81617663,12,12,8831,2834,2687,35,112,12,8831,2834,2563,95.3852,91.7752,97,3.6100,-91.7752,27,1.0048,-94.3803,2687,saied,zammel,91.7752,32.0915,100.0000
TN3356,3356,Souassi,السواسي,Mahdia,المهدية,Centre East,35.34081133,10.50319365,343.10951094,48,48,40739,11798,11545,172,347,47,39547,11798,10950,94.8463,91.0437,439,3.8025,-91.0437,156,1.3512,-93.4950,11545,saied,zammel,91.0437,29.8329,97.9167
TN3357,3357,El Jem,الجم,Mahdia,المهدية,Centre East,35.31584753,10.72427929,286.43385667,40,40,35929,9607,9400,181,210,37,35929,8851,8757,93.1596,87.4043,541,5.7553,-87.4043,102,1.0851,-92.0745,9400,saied,zammel,87.4043,24.6347,92.5000
TN3358,3358,Chebba,الشابة,Mahdia,المهدية,Centre East,35.224897,11.06111603,116.48201848,26,26,26089,8288,7957,173,158,26,26089,8288,7365,92.5600,86.9423,447,5.6177,-86.9423,145,1.8223,-90.7377,7957,saied,zammel,86.9423,31.7682,100.0000
TN3359,3359,Melloulech,ملولش,Mahdia,المهدية,Centre East,35.18003874,10.98821703,160.31186872,19,19,16597,4505,4836,103,104,17,15538,4505,4642,95.9884,93.3002,130,2.6882,-93.3002,64,1.3234,-94.6650,4836,saied,zammel,93.3002,28.9934,89.4737
TN3360,3360,Sidi Alouane,سيدي علوان,Mahdia,المهدية,Centre East,35.28774526,10.89055667,288.90772779,36,36,31376,8844,8473,102,269,36,31376,8844,8143,96.1053,93.1665,249,2.9387,-93.1665,81,0.9560,-95.1493,8473,saied,zammel,93.1665,28.1871,100.0000
TN3361,3361,Ksour Essef,قصور الساف,Mahdia,المهدية,Centre East,35.35635043,10.99511969,220.48409822,46,46,39620,11493,11282,199,214,43,38637,11085,10591,93.8752,89.1952,528,4.6800,-89.1952,163,1.4448,-92.4304,11282,saied,zammel,89.1952,28.6901,93.4783
TN3451,3451,Sfax Médina,صفاقس المدينة,Sfax,صفاقس,Centre East,34.7331952,10.76344228,27.826265,76,76,78305,28320,28653,317,838,70,78302,27319,24458,85.3593,73.2140,3480,12.1453,-73.2140,715,2.4954,-82.8639,28653,saied,zammel,73.2140,34.8893,92.1053
TN3452,3452,Sfax Ouest,صفاقس الغريبة,Sfax,صفاقس,Centre East,34.73515586,10.72175679,16.19578994,77,77,81230,28271,28410,342,743,72,80085,27521,24737,87.0715,76.5048,3002,10.5667,-76.5048,671,2.3618,-84.7096,28410,saied,zammel,76.5048,34.3647,93.5065
TN3453,3453,Sakiet Ezzit,ساقية الزيت,Sfax,صفاقس,Centre East,34.86032463,10.73997151,92.76021166,78,78,79454,28647,28336,342,727,74,78235,27837,23433,82.6969,67.9277,4185,14.7692,-67.9277,718,2.5339,-80.1630,28336,saied,zammel,67.9277,35.5813,94.8718
TN3454,3454,Sakiet Eddaier,ساقية الدائر,Sfax,صفاقس,Centre East,34.83648386,10.82974727,113.15858097,81,81,84284,28746,28122,311,690,76,83217,27221,23953,85.1753,72.4593,3576,12.7160,-72.4593,593,2.1087,-83.0666,28122,saied,zammel,72.4593,32.7109,93.8272
TN3455,3455,Sfax Sud,صفاقس الجنوبية,Sfax,صفاقس,Centre East,34.83368276,10.65911936,196.08770685,87,87,82414,33297,31965,419,913,79,82373,29578,26606,83.2348,68.9348,4571,14.3000,-68.9348,788,2.4652,-80.7696,31965,saied,zammel,68.9348,35.9074,90.8046
TN3456,3456,Thyna,طينة,Sfax,صفاقس,Centre East,34.6817095,10.68336588,102.37106053,40,40,42117,15660,15080,134,446,39,42117,15178,14118,93.6207,88.7931,728,4.8276,-88.7931,234,1.5517,-92.0690,15080,saied,zammel,88.7931,36.0377,97.5000
TN3457,3457,Agareb,عقارب,Sfax,صفاقس,Centre East,34.74480888,10.46034943,735.43585798,40,40,29555,11826,11370,129,327,38,29462,10927,10361,91.1258,83.9578,815,7.1680,-83.9578,194,1.7062,-89.4195,11370,saied,zammel,83.9578,37.0885,95.0000
TN3458,3458,Jebeniana,جبنيانة,Sfax,صفاقس,Centre East,35.09400799,10.88963308,253.32381366,42,42,39575,9993,9574,150,267,41,39575,9688,8677,90.6309,83.2672,705,7.3637,-83.2672,192,2.0054,-88.6254,9574,saied,zammel,83.2672,24.4801,97.6190
TN3459,3459,El Amra,العامرة,Sfax,صفاقس,Centre East,34.93615941,10.86073695,180.26191149,26,26,21816,5743,5521,74,148,25,21816,5324,4884,88.4622,79.8768,474,8.5854,-79.8768,163,2.9524,-85.5099,5521,saied,zammel,79.8768,24.4041,96.1538
TN3460,3460,Hencha,الحنشة,Sfax,صفاقس,Centre East,35.08732284,10.71489345,526.76367495,45,45,39559,12531,12164,105,262,44,39559,12268,11527,94.7632,90.6116,505,4.1516,-90.6116,132,1.0852,-93.6781,12164,saied,zammel,90.6116,31.0119,97.7778
TN3461,3461,Menzel Chaker,منزل شاكر,Sfax,صفاقس,Centre East,35.02909922,10.38337903,1636.28387674,39,39,28440,9172,8846,79,247,39,28440,9172,8377,94.6982,90.8207,343,3.8775,-90.8207,126,1.4244,-93.2738,8846,saied,zammel,90.8207,32.2504,100.0000
TN3462,3462,El Ghraiba,الغريبة,Sfax,صفاقس,Centre East,34.48491901,10.20076365,431.48054635,15,15,12863,3484,3332,47,105,15,12863,3484,3090,92.7371,87.5150,174,5.2221,-87.5150,68,2.0408,-90.6963,3332,saied,zammel,87.5150,27.0854,100.0000
TN3463,3463,Bir Ali Ben Khélifa,بئر علي بن خليفة,Sfax,صفاقس,Centre East,34.76329638,10.11976176,1208.06652612,66,66,44132,11719,11376,110,233,66,44132,11719,10672,93.8115,89.3460,508,4.4655,-89.3460,196,1.7229,-92.0886,11376,saied,zammel,89.3460,26.5544,100.0000
TN3464,3464,Skhira,الصخيرة,Sfax,صفاقس,Centre East,34.34530262,9.97053351,909.30629044,43,43,25573,9886,9564,87,235,40,25377,8872,8376,87.5784,79.2033,801,8.3752,-79.2033,387,4.0464,-83.5320,9564,saied,zammel,79.2033,34.9608,93.0233
TN3465,3465,Mahres,المحرس,Sfax,صفاقس,Centre East,34.52832744,10.46421443,435.907112,33,33,30220,9307,9199,78,246,30,29277,8476,8717,94.7603,91.2708,321,3.4895,-91.2708,161,1.7502,-93.0101,9199,saied,zammel,91.2708,28.9511,90.9091
TN3466,3466,Kerkennah,قرقنة,Sfax,صفاقس,Centre East,34.643407,11.03777065,152.16641536,18,18,15742,4674,4502,51,121,18,15742,4674,4139,91.9369,86.4283,248,5.5087,-86.4283,115,2.5544,-89.3825,4502,saied,zammel,86.4283,29.6913,100.0000
TN4151,4151,Kairouan Nord,القيروان الشمالية,Kairouan,القيروان,Centre West,35.74265368,10.09261841,250.85850481,29,28,25943,6564,6331,71,162,27,25943,6442,5801,91.6285,84.2205,469,7.4080,-84.2205,61,0.9635,-90.6650,6331,saied,zammel,84.2205,24.8314,93.1034
TN4152,4152,Kairouan Sud,القيروان الجنوبية,Kairouan,القيروان,Centre West,35.57633803,10.15938702,519.02787779,37,37,35007,8925,8586,98,241,35,35007,8478,8081,94.1183,89.1801,424,4.9383,-89.1801,81,0.9434,-93.1749,8586,saied,zammel,89.1801,24.2180,94.5946
TN4153,4153,Chebika,الشبيكة,Kairouan,القيروان,Centre West,35.65887244,9.92764933,512.62957308,26,26,18285,6144,5928,41,175,24,18285,5789,5743,96.8792,94.7368,127,2.1424,-94.7368,58,0.9784,-95.9008,5928,saied,zammel,94.7368,31.6598,92.3077
TN4154,4154,Sbikha,السبيخة,Kairouan,القيروان,Centre West,35.95098906,10.02598148,1058.21705885,39,39,33324,9342,9110,92,228,38,33324,9342,8825,96.8716,94.5664,210,2.3052,-94.5664,75,0.8233,-96.0483,9110,saied,zammel,94.5664,28.0338,97.4359
TN4155,4155,Oueslatia,الوسلاتية,Kairouan,القيروان,Centre West,35.89336582,9.63111328,912.46411075,34,34,20843,6985,6977,53,254,32,20843,6843,6729,96.4455,93.6649,194,2.7806,-93.6649,54,0.7740,-95.6715,6977,saied,zammel,93.6649,32.8312,94.1176
TN4156,4156,Haffouz,حفوز,Kairouan,القيروان,Centre West,35.61649856,9.73591571,611.3089221,26,26,19258,6634,6607,81,232,24,18719,6422,6405,96.9426,94.3999,168,2.5428,-94.3999,34,0.5146,-96.4280,6607,saied,zammel,94.3999,34.3074,92.3077
TN4157,4157,Alaa,العلاء,Kairouan,القيروان,Centre West,35.62919793,9.48259407,361.29397153,31,31,19629,6600,6249,92,259,29,19629,6112,6080,97.2956,95.5993,106,1.6963,-95.5993,63,1.0082,-96.2874,6249,saied,zammel,95.5993,31.1376,93.5484
TN4158,4158,Hajeb El Ayoun,حاجب العيون,Kairouan,القيروان,Centre West,35.41660296,9.59947577,582.93813888,39,39,28946,10018,9554,126,338,38,28946,9789,9247,96.7867,94.7771,192,2.0096,-94.7771,115,1.2037,-95.5830,9554,saied,zammel,94.7771,33.8181,97.4359
TN4159,4159,Nasrallah,نصر اللّه,Kairouan,القيروان,Centre West,35.33767325,9.81266761,685.09858898,33,33,24848,7431,7344,60,180,31,23896,7263,7131,97.0997,95.1117,146,1.9880,-95.1117,67,0.9123,-96.1874,7344,saied,zammel,95.1117,30.3942,93.9394
TN4160,4160,Chrarda,الشراردة,Kairouan,القيروان,Centre West,35.15057191,10.1051927,329.89130678,27,27,15970,4455,4329,43,84,26,15970,4276,4126,95.3107,91.7302,155,3.5805,-91.7302,48,1.1088,-94.2019,4329,saied,zammel,91.7302,26.7752,96.2963
TN4161,4161,Bouhajla,بوحجلة,Kairouan,القيروان,Centre West,35.38307695,10.04219578,689.45800584,44,44,34859,8612,8294,60,258,42,34859,8259,8005,96.5156,94.0318,206,2.4837,-94.0318,83,1.0007,-95.5148,8294,saied,zammel,94.0318,23.6926,95.4545
TN4251,4251,Kasserine Nord,القصرين الشمالية,Kassérine,القصرين,Centre West,35.21578591,8.76988714,97.77942176,56,56,43259,15498,18664,206,500,38,39581,13396,17329,92.8472,87.6929,962,5.1543,-87.6929,373,1.9985,-90.8487,18664,saied,zammel,87.6929,33.8445,67.8571
TN4252,4252,Kasserine Sud,القصرين الجنوبية,Kassérine,القصرين,Centre West,35.09786841,8.79065127,865.48082244,18,18,8765,4233,5389,77,127,13,8765,3846,5148,95.5279,92.3919,169,3.1360,-92.3919,72,1.3361,-94.1919,5389,saied,zammel,92.3919,43.8791,72.2222
TN4253,4253,Ezzouhour,الزهور,Kassérine,القصرين,Centre West,35.15881205,8.83077981,3.17056637,22,22,15102,6993,6740,76,177,18,15019,5439,6415,95.1780,91.5134,247,3.6647,-91.5134,78,1.1573,-94.0208,6740,saied,zammel,91.5134,36.2141,81.8182
TN4254,4254,Hassi El Ferid,حاسي الفريد,Kassérine,القصرين,Centre West,34.96267984,8.91025045,969.11277235,25,25,9198,4372,4584,47,108,19,9198,3086,4370,95.3316,92.0593,150,3.2723,-92.0593,64,1.3962,-93.9354,4584,saied,zammel,92.0593,33.5508,76.0000
TN4255,4255,Sbeitla,سبيطلة,Kassérine,القصرين,Centre West,35.24214293,9.05779248,1115.30091584,75,75,51618,15726,16477,159,433,63,48713,14284,15750,95.5878,92.1527,566,3.4351,-92.1527,161,0.9771,-94.6107,16477,saied,zammel,92.1527,29.3228,84.0000
TN4256,4256,Sbiba,سبيبة,Kassérine,القصرين,Centre West,35.49605282,9.16933877,447.46984355,44,44,25022,8747,9216,96,232,34,25022,7628,8782,95.2908,91.4822,351,3.8086,-91.4822,83,0.9006,-94.3902,9216,saied,zammel,91.4822,30.4852,77.2727
TN4257,4257,Jedeliane,جدليان,Kassérine,القصرين,Centre West,35.65703618,8.8863631,275.10332083,17,17,7909,2840,3743,32,87,14,6747,2561,3574,95.4849,92.1186,126,3.3663,-92.1186,43,1.1488,-94.3361,3743,saied,zammel,92.1186,37.9576,82.3529
TN4258,4258,Ayoun,العيون,Kassérine,القصرين,Centre West,35.48989943,8.90936122,411.57670123,22,22,8893,3874,4442,37,136,15,8893,2917,4257,95.8352,93.0212,125,2.8140,-93.0212,60,1.3507,-94.4845,4442,saied,zammel,93.0212,32.8011,68.1818
TN4259,4259,Thala,تالة,Kassérine,القصرين,Centre West,35.57671385,8.66070548,716.65673253,35,35,20866,7435,7950,101,238,28,20259,6825,7667,96.4403,93.9874,195,2.4528,-93.9874,88,1.1069,-95.3333,7950,saied,zammel,93.9874,33.6887,80.0000
TN4260,4260,Hidra,حيدرة,Kassérine,القصرين,Centre West,35.54079882,8.46685708,496.0466956,12,12,6161,2479,2495,24,74,11,6161,2479,2380,95.3908,92.7856,65,2.6052,-92.7856,50,2.0040,-93.3868,2495,saied,zammel,92.7856,40.2370,91.6667
TN4261,4261,Foussana,فوسانة,Kassérine,القصرين,Centre West,35.34079749,8.56584108,913.11931304,44,44,29212,9872,10245,84,286,40,28315,9464,9786,95.5198,92.3865,321,3.1332,-92.3865,138,1.3470,-94.1728,10245,saied,zammel,92.3865,33.4240,90.9091
TN4262,4262,Feriana,فريانة,Kassérine,القصرين,Centre West,35.03021087,8.44992289,1005.98627422,55,55,33415,9312,10401,82,269,45,30784,8988,9940,95.5677,92.1354,357,3.4324,-92.1354,104,0.9999,-94.5678,10401,saied,zammel,92.1354,29.1970,81.8182
TN4263,4263,Majel Belabbes,ماجل بلعباس,Kassérine,القصرين,Centre West,34.76401021,8.55077207,887.23282073,29,29,14038,5677,6706,72,120,21,14038,5092,6453,96.2273,93.9457,153,2.2815,-93.9457,100,1.4912,-94.7361,6706,saied,zammel,93.9457,36.2730,72.4138
TN4351,4351,Sidi Bouzid Ouest,سيدي بوزيد الغربية,Sidi Bou Zid,سيدي بوزيد,Centre West,34.98576128,9.41296118,423.28965067,69,69,68385,18442,17926,144,372,68,68385,18036,16840,93.9418,89.8695,730,4.0723,-89.8695,356,1.9859,-91.9558,17926,saied,zammel,89.8695,26.3742,98.5507
TN4352,4352,Sidi Bouzid Est,سيدي بوزيد الشرقية,Sidi Bou Zid,سيدي بوزيد,Centre West,35.07232939,9.60452269,795.20309555,47,47,32852,9795,9492,67,236,44,32852,9080,9160,96.5023,94.3953,200,2.1070,-94.3953,132,1.3906,-95.1117,9492,saied,zammel,94.3953,27.6391,93.6170
TN4353,4353,Jelma,جلمة,Sidi Bou Zid,سيدي بوزيد,Centre West,35.32942675,9.39451025,669.24612064,37,37,31666,8786,8468,76,242,37,31666,8786,8193,96.7525,94.5324,188,2.2201,-94.5324,87,1.0274,-95.7251,8468,saied,zammel,94.5324,27.7458,100.0000
TN4354,4354,Sabalat Ouled Asker,سبالة أولاد عسكر,Sidi Bou Zid,سيدي بوزيد,Centre West,35.22836674,9.31273826,295.56236047,21,21,17568,4269,4274,32,110,20,16843,4269,4157,97.2625,95.6715,68,1.5910,-95.6715,49,1.1465,-96.1161,4274,saied,zammel,95.6715,25.3458,95.2381
TN4355,4355,Bir El Hfay,بئر الحفي,Sidi Bou Zid,سيدي بوزيد,Centre West,34.87419259,9.28437663,515.09440178,36,36,31054,9545,9284,68,193,36,31054,9545,9003,96.9733,95.3037,155,1.6695,-95.3037,126,1.3572,-95.6161,9284,saied,zammel,95.3037,30.7368,100.0000
TN4356,4356,Sidi Ali Ben Aoun,سيدي علي بن عون,Sidi Bou Zid,سيدي بوزيد,Centre West,34.82336654,9.09979232,614.60876497,26,26,19646,6455,6269,32,154,25,19646,6258,6076,96.9214,94.7679,135,2.1535,-94.7679,58,0.9252,-95.9962,6269,saied,zammel,94.7679,31.8538,96.1538
TN4357,4357,Menzel Bouzaiene,منزل بوزيان,Sidi Bou Zid,سيدي بوزيد,Centre West,34.6285044,9.38720972,554.93176084,35,35,21591,7856,7646,69,141,35,21591,7856,7207,94.2584,91.0803,196,2.5634,-91.6950,243,3.1781,-91.0803,7646,saied,maghzaoui,91.0803,36.3855,100.0000
TN4358,4358,Meknassi,المكناسي,Sidi Bou Zid,سيدي بوزيد,Centre West,34.63557401,9.66263792,623.74662642,24,24,18522,6401,6169,49,182,24,18522,6401,5743,93.0945,89.2041,186,3.0151,-90.0794,240,3.8904,-89.2041,6169,saied,maghzaoui,89.2041,34.5589,100.0000
TN4359,4359,Souk Jedid,سوق الجديد,Sidi Bou Zid,سيدي بوزيد,Centre West,34.86709245,9.54903339,346.34914589,25,25,16611,6085,5894,50,141,24,16611,5873,5749,97.5399,95.9790,92,1.5609,-95.9790,53,0.8992,-96.6407,5894,saied,zammel,95.9790,35.3561,96.0000
TN4360,4360,Mazzouna,المزونة,Sidi Bou Zid,سيدي بوزيد,Centre West,34.46276272,9.68983465,1137.71566281,28,28,17490,7248,7262,51,118,25,17490,6580,6981,96.1305,93.3903,199,2.7403,-93.3903,82,1.1292,-95.0014,7262,saied,zammel,93.3903,37.6215,89.2857
TN4361,4361,Regueb,الرقاب,Sidi Bou Zid,سيدي بوزيد,Centre West,34.85419178,9.80156282,1035.10905908,66,66,50483,16154,15698,146,310,64,50483,15799,15034,95.7702,92.6105,496,3.1596,-92.6105,168,1.0702,-94.7000,15698,saied,zammel,92.6105,31.2957,96.9697
TN4362,4362,Ouled Haffouz,أولاد حفوز,Sidi Bou Zid,سيدي بوزيد,Centre West,35.09971112,9.86073322,422.36123651,26,26,16346,5751,5502,48,201,26,16346,5751,5301,96.3468,93.9658,131,2.3810,-93.9658,70,1.2723,-95.0745,5502,saied,zammel,93.9658,35.1829,100.0000
TN5151,5151,Gabès Médina,قابس المدينة,Gabès,قابس,South East,33.90385931,10.09519438,16.51543832,37,37,39121,11523,11116,91,316,35,38892,10864,9786,88.0353,78.1036,1104,9.9316,-78.1036,226,2.0331,-86.0022,11116,saied,zammel,78.1036,27.9338,94.5946
TN5152,5152,Gabès Ouest,قابس الغربية,Gabès,قابس,South East,33.87804328,9.99809613,154.37095686,25,25,22140,7635,7342,79,214,24,22140,7343,6525,88.8722,79.7603,669,9.1120,-79.7603,148,2.0158,-86.8564,7342,saied,zammel,79.7603,33.1662,96.0000
TN5153,5153,Gabès Sud,قابس الجنوبية,Gabès,قابس,South East,33.77953621,10.0525453,293.43532876,56,56,56218,15487,15564,162,401,53,55212,15114,13352,85.7877,74.6916,1727,11.0961,-74.6916,485,3.1162,-82.6715,15564,saied,zammel,74.6916,27.3745,94.6429
TN5154,5154,Ghannouch,غنوش,Gabès,قابس,South East,33.94781641,10.05442872,20.05707203,22,22,18769,4812,4641,32,139,21,18769,4449,4183,90.1314,81.5772,397,8.5542,-81.5772,61,1.3144,-88.8171,4641,saied,zammel,81.5772,23.7040,95.4545
TN5155,5155,Metouia,المطوية,Gabès,قابس,South East,34.06137965,9.95185115,412.33412882,26,26,21865,7544,7326,43,175,26,21865,7544,6621,90.3767,82.6508,566,7.7259,-82.6508,139,1.8974,-88.4794,7326,saied,zammel,82.6508,34.5026,100.0000
TN5156,5156,Menzel Habib,منزل الحبيب,Gabès,قابس,South East,34.15372612,9.58828403,952.09536712,20,20,8525,2293,2404,24,70,18,8056,2211,2240,93.1780,88.9767,101,4.2013,-88.9767,63,2.6206,-90.5574,2404,saied,zammel,88.9767,27.4454,90.0000
TN5157,5157,Hamma,الحامة,Gabès,قابس,South East,33.86020252,9.59308365,2641.99458731,58,58,49243,11809,11702,166,433,53,47982,11206,10081,86.1477,76.8928,1083,9.2548,-76.8928,538,4.5975,-81.5502,11702,saied,zammel,76.8928,23.3546,91.3793
TN5158,5158,Matmata,مطماطة,Gabès,قابس,South East,33.46631229,9.80770432,1241.66676361,11,11,5837,1270,1193,28,49,11,5837,1270,1115,93.4619,90.1090,38,3.1852,-90.2766,40,3.3529,-90.1090,1193,saied,maghzaoui,90.1090,21.7578,100.0000
TN5159,5159,Matmata Nouvelle,مطماطة الجديدة,Gabès,قابس,South East,33.61714535,10.00948301,752.39570915,17,17,12382,2479,2352,40,113,16,12259,2479,2127,90.4337,83.9286,153,6.5051,-83.9286,72,3.0612,-87.3724,2352,saied,zammel,83.9286,20.2219,94.1176
TN5160,5160,Mareth,مارث,Gabès,قابس,South East,33.55876581,10.25460717,1005.19626352,65,64,48378,13113,12662,127,332,60,48378,11915,11727,92.6157,87.4348,656,5.1809,-87.4348,279,2.2034,-90.4123,12662,saied,zammel,87.4348,24.6290,92.3077
TN5251,5251,Médenine Nord,مدنين الشمالية,Médenine,مدنين,South East,33.36360782,10.39271425,334.2903792,50,50,35282,512,7905,115,219,3,2669,512,6866,86.8564,76.2935,835,10.5629,-76.2935,204,2.5806,-84.2758,7905,saied,zammel,76.2935,19.1832,6.0000
TN5252,5252,Médenine Sud,مدنين الجنوبية,Médenine,مدنين,South East,33.41907932,10.65401647,734.54600562,62,61,36693,2454,9204,148,277,9,7031,1318,7739,84.0830,71.3820,1169,12.7010,-71.3820,296,3.2160,-80.8670,9204,saied,zammel,71.3820,18.7456,14.5161
TN5253,5253,Beni Khedache,بني خداش,Médenine,مدنين,South East,33.24049565,10.09646008,1359.46119414,40,40,25483,4919,4647,71,200,40,25483,4919,4301,92.5543,87.0884,254,5.4659,-87.0884,92,1.9798,-90.5746,4647,saied,zammel,87.0884,19.3031,100.0000
TN5254,5254,Ben Guerdane,بنقردان,Médenine,مدنين,South East,32.82211509,11.30293377,4798.07536072,70,70,60245,11307,10745,157,405,69,60245,11140,9267,86.2448,75.4584,1159,10.7864,-75.4584,319,2.9688,-83.2759,10745,saied,zammel,75.4584,18.4912,98.5714
TN5255,5255,Zarzis,جرجيس,Médenine,مدنين,South East,33.46437018,10.93521386,885.14803164,81,80,45784,1857,13636,128,409,5,5001,841,12400,90.9358,85.2963,769,5.6395,-85.2963,467,3.4248,-87.5110,13636,saied,zammel,85.2963,16.8166,6.1728
TN5256,5256,Houmt Souk,جربة حومة السوق,Médenine,مدنين,South East,33.85030144,10.86718616,162.28227953,62,61,47940,513,14469,162,260,3,2964,513,12677,87.6149,77.8008,1420,9.8141,-77.8008,372,2.5710,-85.0439,14469,saied,zammel,77.8008,17.3077,4.8387
TN5257,5257,Djerba Midoun,جربة ميدون,Médenine,مدنين,South East,33.76462773,10.9513388,176.69219957,55,55,55306,11260,10741,120,277,53,54519,11059,9618,89.5447,81.7615,836,7.7833,-81.7615,287,2.6720,-86.8727,10741,saied,zammel,81.7615,20.2847,96.3636
TN5258,5258,Djerba Ajim,جربة أجيم,Médenine,مدنين,South East,33.73946699,10.80130431,158.02892321,25,24,12790,435,3034,39,60,3,2156,335,2748,90.5735,83.8497,204,6.7238,-83.8497,82,2.7027,-87.8708,3034,saied,zammel,83.8497,15.5380,12.0000
TN5259,5259,Sidi Makhlouf,سيدي مخلوف,Médenine,مدنين,South East,33.54086346,10.47963487,669.1997368,31,31,19433,5059,4841,46,172,31,19433,5059,4519,93.3485,88.5148,234,4.8337,-88.5148,88,1.8178,-91.5307,4841,saied,zammel,88.5148,26.0330,100.0000
TN5351,5351,Tataouine Nord,تطاوين الشمالية,Tataouine,تطاوين,South East,32.70343721,10.62324471,2838.4674754,65,65,45934,6779,6662,116,185,62,45606,6631,5842,87.6914,78.2348,630,9.4566,-78.2348,190,2.8520,-84.8394,6662,saied,zammel,78.2348,14.5398,95.3846
TN5352,5352,Tataouine Sud,تطاوين الجنوبية,Tataouine,تطاوين,South East,32.77869378,10.18712275,1899.85048165,40,40,30100,4797,4689,106,209,37,30012,4797,3942,84.0691,70.8467,620,13.2224,-70.8467,127,2.7085,-81.3606,4689,saied,zammel,70.8467,15.9836,92.5000
TN5353,5353,Samar,الصمار,Tataouine,تطاوين,South East,32.70343721,10.97329387,1989.94172269,22,22,11552,2725,2582,56,87,21,11552,2556,2267,87.8002,77.8854,256,9.9148,-77.8854,59,2.2851,-85.5151,2582,saied,zammel,77.8854,22.1260,95.4545
TN5354,5354,Bir Lahmar,بئر الأحمر,Tataouine,تطاوين,South East,33.14441082,10.43927359,244.35004986,12,12,7896,1707,1616,39,52,12,7896,1707,1412,87.3762,77.3515,162,10.0248,-77.3515,42,2.5990,-84.7772,1616,saied,zammel,77.3515,21.6185,100.0000
TN5355,5355,Ghomrassen,غمراسن,Tataouine,تطاوين,South East,33.04624207,10.20875685,692.42511168,23,23,15204,2398,2261,76,61,22,15204,2101,1952,86.3335,75.8514,237,10.4821,-75.8514,72,3.1844,-83.1490,2261,saied,zammel,75.8514,13.8187,95.6522
TN5356,5356,Dhiba,ذهيبة,Tataouine,تطاوين,South East,31.97009,10.47039035,3103.81534272,8,8,2707,961,898,20,37,7,2707,846,826,91.9822,86.3029,51,5.6793,-86.3029,21,2.3385,-89.6437,898,saied,zammel,86.3029,31.2523,87.5000
TN5357,5357,Remada,رمادة,Tataouine,تطاوين,South East,31.54837644,9.65261911,27171.68952364,16,16,7308,1990,1907,25,57,16,7308,1990,1733,90.8757,84.2160,127,6.6597,-84.2160,47,2.4646,-88.4111,1907,saied,zammel,84.2160,27.2304,100.0000
TN6151,6151,Gafsa Nord,قفصة الشمالية,Gafsa,قفصة,South West,34.57708505,8.8632766,534.81323811,15,15,8244,2315,2261,18,36,15,8244,2315,2150,95.0907,91.6409,78,3.4498,-91.6409,33,1.4595,-93.6311,2261,saied,zammel,91.6409,28.0810,100.0000
TN6152,6152,Sidi Aich,سيدي عيش,Gafsa,قفصة,South West,34.6940748,8.82109051,442.91887031,14,14,7710,2735,2666,17,52,14,7710,2735,2526,94.7487,91.0353,99,3.7134,-91.0353,41,1.5379,-93.2108,2666,saied,zammel,91.0353,35.4734,100.0000
TN6153,6153,Ksar,القصر,Gafsa,قفصة,South West,34.41212051,8.91860157,281.83515403,30,30,26461,6892,8004,69,230,25,25180,6892,7355,91.8916,86.5067,431,5.3848,-86.5067,218,2.7236,-89.1679,8004,saied,zammel,86.5067,27.3709,83.3333
TN6154,6154,Gafsa Sud,قفصة الجنوبية,Gafsa,قفصة,South West,34.44377161,8.67669942,750.42676505,85,85,78714,20442,21689,201,518,77,77583,20123,19859,91.5625,85.5872,1296,5.9754,-85.5872,534,2.4621,-89.1005,21689,saied,zammel,85.5872,25.9374,90.5882
TN6155,6155,Oum Larais,أم العرائس,Gafsa,قفصة,South West,34.56678158,8.344887,976.5760265,34,34,24211,7534,7525,52,210,32,24211,7138,7018,93.2625,88.9568,324,4.3056,-88.9568,183,2.4319,-90.8306,7525,saied,zammel,88.9568,29.4825,94.1176
TN6156,6156,Redeyef,الرديف,Gafsa,قفصة,South West,34.35324686,8.13309149,403.77020829,25,25,23112,6009,5889,41,283,24,23112,6009,5533,93.9548,89.7266,249,4.2282,-89.7266,107,1.8169,-92.1379,5889,saied,zammel,89.7266,25.9995,96.0000
TN6157,6157,Metlaoui,المتلوي,Gafsa,قفصة,South West,34.23497726,8.31197228,973.29751557,33,33,28029,8886,8882,48,209,29,27788,7692,8206,92.3891,86.8048,496,5.5843,-86.8048,180,2.0266,-90.3625,8882,saied,zammel,86.8048,27.6810,87.8788
TN6158,6158,Mdhilla,المضيلة,Gafsa,قفصة,South West,34.20099882,8.69715667,644.4462355,14,14,10638,2830,3117,25,98,11,9780,2553,2800,89.8300,81.6169,256,8.2130,-81.6169,61,1.9570,-87.8730,3117,saied,zammel,81.6169,26.1043,78.5714
TN6159,6159,Guetar,القطار,Gafsa,قفصة,South West,34.27165863,8.965877,933.39116148,18,18,15188,4803,4591,58,154,17,15188,4752,4394,95.7090,93.0734,121,2.6356,-93.0734,76,1.6554,-94.0536,4591,saied,zammel,93.0734,31.2879,94.4444
TN6160,6160,Belkhir,بلخير,Gafsa,قفصة,South West,34.33522583,9.41814542,840.85401465,20,20,12656,2819,2742,32,74,19,12656,2819,2586,94.3107,90.6273,101,3.6834,-90.6273,55,2.0058,-92.3049,2742,saied,zammel,90.6273,22.2740,95.0000
TN6161,6161,Sened,السند,Gafsa,قفصة,South West,34.54331736,9.16763564,768.39135777,39,39,24019,7426,7989,71,164,32,22952,6551,7378,92.3520,88.0210,346,4.3310,-88.0210,265,3.3171,-89.0349,7989,saied,zammel,88.0210,28.5422,82.0513
TN6251,6251,Tozeur,توزر,Tozeur,توزر,South West,33.91348287,8.11182516,817.54671177,36,35,34714,12140,11697,119,324,33,34514,11262,10872,92.9469,87.6806,616,5.2663,-87.6806,209,1.7868,-91.1601,11697,saied,zammel,87.6806,32.6302,91.6667
TN6252,6252,Degueche,دقاش,Tozeur,توزر,South West,34.03386544,8.36671028,1408.22528641,29,29,22754,8212,7909,85,217,29,22754,8212,7508,94.9298,91.9712,234,2.9587,-91.9712,167,2.1115,-92.8183,7909,saied,zammel,91.9712,36.0904,100.0000
TN6253,6253,Tamaghza,تمغزة,Tozeur,توزر,South West,34.29030034,7.89113982,939.14640736,11,11,5592,2138,2033,31,74,11,5592,2138,1909,93.9006,89.9164,81,3.9843,-89.9164,43,2.1151,-91.7855,2033,saied,zammel,89.9164,38.2332,100.0000
TN6254,6254,Nefta,نفطة,Tozeur,توزر,South West,33.82049163,7.87245171,1637.1473571,19,19,18065,5242,5671,89,158,17,16069,5242,5236,92.3294,86.3692,338,5.9601,-86.3692,97,1.7105,-90.6189,5671,saied,zammel,86.3692,32.6218,89.4737
TN6255,6255,Hazoua,حزوة,Tozeur,توزر,South West,33.76641627,7.64937208,1256.24525608,6,6,4027,1610,1536,30,44,6,4027,1610,1370,89.1927,80.9896,126,8.2031,-80.9896,40,2.6042,-86.5885,1536,saied,zammel,80.9896,39.9801,100.0000
TN6351,6351,Kebili Sud,قبلي الجنوبية,Kebili,قبلي,South West,33.61797056,9.21173126,1142.04338055,28,28,25715,7518,7349,89,219,26,25349,7192,6306,85.8076,76.6091,676,9.1985,-76.6091,367,4.9939,-80.8137,7349,saied,zammel,76.6091,28.3719,92.8571
TN6352,6352,Kebili Nord,قبلي الشمالية,Kebili,قبلي,South West,33.86905628,9.16919538,1205.2916062,29,29,23640,7388,7516,93,234,27,23640,7265,6736,89.6221,84.4199,389,5.1756,-84.4465,391,5.2022,-84.4199,7516,saied,maghzaoui,84.4199,30.7318,93.1034
TN6353,6353,Souk El Ahed,سوق الأحد,Kebili,قبلي,South West,33.90598889,8.80244863,2280.83813444,32,32,22939,7392,7332,82,196,30,22939,7059,5902,80.4965,65.2209,310,4.2280,-76.2684,1120,15.2755,-65.2209,7332,saied,maghzaoui,65.2209,30.7729,93.7500
TN6354,6354,Douz Nord,دوز الشمالية,Kebili,قبلي,South West,33.20279283,9.59921421,3458.05509078,26,26,22492,5938,6009,59,161,24,22492,5787,5147,85.6549,75.1706,630,10.4843,-75.1706,232,3.8609,-81.7940,6009,saied,zammel,75.1706,25.7291,92.3077
TN6355,6355,Douz Sud,دوز الجنوبية,Kebili,قبلي,South West,33.07044601,9.14556174,4588.10155415,16,16,14006,4425,4282,43,100,16,14006,4425,3905,91.1957,86.4783,175,4.0869,-87.1088,202,4.7174,-86.4783,4282,saied,maghzaoui,86.4783,31.5936,100.0000
TN6356,6356,Faouar,فوار,Kebili,قبلي,South West,33.14507346,8.41668431,9789.88769209,21,21,14906,6098,5849,91,158,21,14906,6098,5317,90.9044,84.9889,346,5.9155,-84.9889,186,3.1800,-87.7244,5849,saied,zammel,84.9889,40.9097,100.0000
