level,group_kind,group,metric,n,mean,sd,min,p10,p25,p50,p75,p90,max
station,national,Tunisia,saied_share_pct,9420,91.6583,7.0003,39.9123,82.9145,88.7931,93.5105,96.5116,98.1737,100.0000
station,national,Tunisia,zammel_share_pct,9420,6.4517,6.0769,0.0000,0.9259,2.2727,4.7619,8.7330,14.0275,58.5455
station,national,Tunisia,maghzaoui_share_pct,9420,1.8900,1.9238,0.0000,0.2985,0.8043,1.5228,2.5241,3.7975,56.5789
station,national,Tunisia,margin_pp,9420,85.0353,12.9269,0.2101,68.8112,79.9368,88.5976,93.9850,96.8052,100.0000
station,national,Tunisia,turnout_pct,8404,31.5297,11.8348,0.2110,17.9523,24.1818,30.8725,37.3847,43.7744,100.0000
station,region,Centre East,saied_share_pct,2131,91.2693,5.8201,59.7701,82.7089,87.8250,92.7711,95.7538,97.5309,100.0000
station,region,Centre East,zammel_share_pct,2131,6.9347,5.1519,0.0000,1.4493,2.9730,5.5838,9.7249,14.5631,36.7816
station,region,Centre East,maghzaoui_share_pct,2131,1.7960,1.2336,0.0000,0.4329,0.9231,1.6000,2.4194,3.4221,9.8485
station,region,Centre East,margin_pp,2131,84.2640,10.8695,22.9885,68.2741,78.2998,87.1605,92.6598,95.7447,100.0000
station,region,Centre East,turnout_pct,1979,32.3375,11.0196,5.2854,19.9086,25.3630,31.7039,38.2078,44.0932,99.4987
station,region,Centre West,saied_share_pct,1258,95.9365,3.0949,77.3234,91.6814,94.4882,96.7030,98.2056,99.0623,100.0000
station,region,Centre West,zammel_share_pct,1258,2.8048,2.5950,0.0000,0.2545,0.9901,2.0998,3.8685,6.3412,20.1117
station,region,Centre West,maghzaoui_share_pct,1258,1.2586,1.1792,0.0000,0.0000,0.4527,1.0471,1.7857,2.5988,8.5714
station,region,Centre West,margin_pp,1258,92.8787,5.5538,58.1006,85.1410,90.6030,94.3038,96.8410,98.2759,100.0000
station,region,Centre West,turnout_pct,1133,32.4013,13.0529,7.6023,17.7970,24.4141,31.1862,37.8947,46.3216,100.0000
station,region,North East,saied_share_pct,3250,89.7403,8.5501,41.8129,79.2203,86.4133,92.3664,95.5706,97.5369,100.0000
station,region,North East,zammel_share_pct,3250,8.3484,7.5021,0.0000,1.5869,3.2756,6.1902,11.1990,17.2549,53.2164
station,region,North East,maghzaoui_share_pct,3250,1.9114,1.4303,0.0000,0.4482,0.9053,1.5707,2.6050,3.8961,17.6768
station,region,North East,margin_pp,3250,81.3561,15.9386,0.2101,61.9770,75.2408,86.2112,92.2742,95.7827,100.0000
station,region,North East,turnout_pct,2930,32.2968,11.0910,3.0408,19.7092,25.5951,32.2293,38.0091,43.1436,99.5633
station,region,North West,saied_share_pct,1208,95.5080,4.0807,40.7273,91.1094,94.1661,96.4286,98.0159,99.0015,100.0000
station,region,North West,zammel_share_pct,1208,3.2838,3.8449,0.0000,0.0000,0.9792,2.3446,4.3956,7.3183,58.5455
station,region,North West,maghzaoui_share_pct,1208,1.2081,1.0102,0.0000,0.0000,0.4808,1.0454,1.6870,2.5641,6.4516
station,region,North West,margin_pp,1208,92.0196,7.3106,4.9231,83.9990,89.5546,93.8346,96.4846,98.2030,100.0000
station,region,North West,turnout_pct,1117,32.1380,12.0702,6.9357,18.8923,24.9355,30.5430,37.5872,44.4929,99.7175
station,region,South East,saied_share_pct,994,88.9058,5.8192,63.3333,80.9655,85.3788,89.5572,92.9452,96.0277,100.0000
station,region,South East,zammel_share_pct,994,8.3187,5.1695,0.0000,2.2927,4.5764,7.5472,11.4972,15.0000,33.3333
station,region,South East,maghzaoui_share_pct,994,2.7754,2.1083,0.0000,0.0744,1.3333,2.4768,3.7088,5.3511,15.3846
station,region,South East,margin_pp,994,80.3290,10.6741,31.6667,65.5945,73.9146,81.8917,87.7981,92.9043,100.0000
station,region,South East,turnout_pct,710,24.5898,13.1419,0.2110,11.0616,15.3702,22.7875,29.9249,37.8986,98.6486
station,region,South West,saied_share_pct,579,91.2547,6.6167,39.9123,84.9838,89.5489,92.6136,95.0207,96.9486,100.0000
station,region,South West,zammel_share_pct,579,5.3552,4.2405,0.0000,1.4627,2.7778,4.5307,6.7962,9.6804,34.2857
station,region,South West,maghzaoui_share_pct,579,3.3901,4.9936,0.0000,0.6361,1.3971,2.4793,3.7100,6.3808,56.5789
station,region,South West,margin_pp,579,84.9920,11.5360,4.7872,74.7362,82.0807,87.5000,91.4158,94.7206,100.0000
station,region,South West,turnout_pct,535,30.4346,10.5493,5.1572,18.2224,24.1537,29.7668,35.9012,41.5261,92.5926
station,governorate,Ariana,saied_share_pct,400,85.0101,11.9158,47.0588,63.9416,79.2361,89.5488,94.0747,96.1037,98.8372
station,governorate,Ariana,zammel_share_pct,400,12.6181,10.5794,0.4329,2.9644,4.6954,8.8998,17.2418,31.1191,47.2689
station,governorate,Ariana,maghzaoui_share_pct,400,2.3719,1.6665,0.0000,0.5728,1.0512,1.9154,3.4310,4.8844,7.7381
station,governorate,Ariana,margin_pp,400,72.3814,22.4585,0.2101,32.6940,62.1886,80.5161,89.2829,92.8737,98.2456
station,governorate,Ariana,turnout_pct,329,32.3683,9.6208,7.0973,21.3522,26.7992,32.4397,36.8768,41.2188,99.0762
station,governorate,Ben Arous,saied_share_pct,483,87.9665,6.5515,66.2577,79.3788,83.8792,88.3281,93.2835,95.9817,100.0000
station,governorate,Ben Arous,zammel_share_pct,483,9.8764,5.6240,0.0000,2.9722,5.5085,9.3294,13.4128,17.1954,28.8344
station,governorate,Ben Arous,maghzaoui_share_pct,483,2.1570,1.4815,0.0000,0.6215,1.1633,1.9391,2.9310,3.9664,17.6768
station,governorate,Ben Arous,margin_pp,483,78.0451,12.1252,37.4233,62.0876,70.6048,78.7986,87.7294,92.8571,100.0000
station,governorate,Ben Arous,turnout_pct,439,32.3174,10.1510,5.0198,21.2502,26.5788,31.9312,37.2632,41.7562,96.9849
station,governorate,Bizerte,saied_share_pct,491,93.0805,5.4991,69.8529,85.1852,90.9270,94.6176,97.1332,98.2222,100.0000
station,governorate,Bizerte,zammel_share_pct,491,5.4251,4.7786,0.0000,0.8929,1.7582,4.1139,7.2529,12.0603,25.8772
station,governorate,Bizerte,maghzaoui_share_pct,491,1.4944,1.1526,0.0000,0.3356,0.6678,1.2632,1.9966,3.0000,6.2500
station,governorate,Bizerte,margin_pp,491,87.5506,10.1585,44.5175,72.3618,83.6888,90.4580,95.1877,96.9072,100.0000
station,governorate,Bizerte,turnout_pct,442,29.4106,11.2706,3.0408,17.0330,22.0987,27.9077,35.3956,40.6555,99.5633
station,governorate,Béja,saied_share_pct,289,95.3735,3.1182,83.5484,91.1128,93.7086,96.0880,97.6471,98.7950,100.0000
station,governorate,Béja,zammel_share_pct,289,3.2413,2.6581,0.0000,0.3965,1.1070,2.7601,4.6025,7.2693,12.9129
station,governorate,Béja,maghzaoui_share_pct,289,1.3852,1.0864,0.0000,0.0000,0.6667,1.2195,1.8036,2.8487,6.4516
station,governorate,Béja,margin_pp,289,91.8627,5.5495,70.9677,83.8275,88.8889,93.0435,95.9893,97.7715,100.0000
station,governorate,Béja,turnout_pct,284,32.6219,11.2971,7.1529,19.2200,25.1938,31.6356,38.2788,44.9154,76.1589
station,governorate,Gabès,saied_share_pct,336,89.4171,5.7985,70.1299,82.2487,85.9039,89.6250,93.7057,96.8453,100.0000
station,governorate,Gabès,zammel_share_pct,336,7.8284,4.8441,0.0000,1.8224,4.0781,7.3620,10.8343,14.0404,25.3061
station,governorate,Gabès,maghzaoui_share_pct,336,2.7545,2.2339,0.0000,0.5146,1.3100,2.3955,3.5750,5.0107,15.3846
station,governorate,Gabès,margin_pp,336,81.3207,10.3604,46.9388,67.5254,74.8844,82.1542,89.0568,94.2973,100.0000
station,governorate,Gabès,turnout_pct,317,28.0338,12.6877,1.4118,15.2426,21.5130,26.1339,32.3034,39.8453,88.7755
station,governorate,Gafsa,saied_share_pct,327,93.1047,3.5532,76.3158,88.5406,90.9734,93.2773,95.6673,97.5349,100.0000
station,governorate,Gafsa,zammel_share_pct,327,4.6792,2.7415,0.0000,1.3387,2.6975,4.5340,6.4391,8.4375,13.1579
station,governorate,Gafsa,maghzaoui_share_pct,327,2.2162,1.5712,0.0000,0.0000,1.1788,2.0942,2.9687,3.8868,10.5263
station,governorate,Gafsa,margin_pp,327,88.1904,6.0486,63.1579,80.0000,84.5635,88.5870,92.5576,95.9083,100.0000
station,governorate,Gafsa,turnout_pct,295,28.0057,9.8761,5.1572,17.1773,21.4524,27.1812,33.2330,38.8206,74.7807
station,governorate,Jendouba,saied_share_pct,386,96.3532,2.7901,84.1699,92.1645,95.4208,96.9697,98.2552,99.0075,100.0000
station,governorate,Jendouba,zammel_share_pct,386,2.4886,2.3882,0.0000,0.0000,0.7937,1.8182,3.4014,5.5379,13.5135
station,governorate,Jendouba,maghzaoui_share_pct,386,1.1581,0.9129,0.0000,0.0000,0.5006,0.9829,1.6509,2.3596,5.0000
station,governorate,Jendouba,margin_pp,386,93.6445,5.0242,70.6564,86.6389,92.0187,94.9029,96.9405,98.3782,100.0000
station,governorate,Jendouba,turnout_pct,340,29.0798,11.5877,6.9737,17.1455,21.6992,27.9085,33.6949,40.5960,94.3069
station,governorate,Kairouan,saied_share_pct,364,96.2191,3.1316,82.4257,91.7801,95.2337,97.0267,98.4158,99.1304,100.0000
station,governorate,Kairouan,zammel_share_pct,364,2.8374,2.8035,0.0000,0.4627,1.0204,2.0562,3.5976,6.5775,16.3895
station,governorate,Kairouan,maghzaoui_share_pct,364,0.9435,0.8972,0.0000,0.0000,0.0000,0.7619,1.3899,2.1193,4.6512
station,governorate,Kairouan,margin_pp,364,93.2513,5.8330,66.2708,85.4980,91.3993,94.7902,97.2222,98.2963,100.0000
station,governorate,Kairouan,turnout_pct,346,30.5171,14.3396,8.2411,15.7438,21.0847,28.4311,36.3608,44.8381,100.0000
station,governorate,Kassérine,saied_share_pct,454,95.6350,3.2408,77.3234,91.5721,94.0921,96.1538,97.9922,98.9801,100.0000
station,governorate,Kassérine,zammel_share_pct,454,3.0957,2.7231,0.0000,0.0000,1.0485,2.5451,4.3338,6.6882,20.1117
station,governorate,Kassérine,maghzaoui_share_pct,454,1.2693,1.1332,0.0000,0.0000,0.4908,1.1310,1.8251,2.4691,8.5714
station,governorate,Kassérine,margin_pp,454,92.3084,5.8019,58.1006,84.9604,89.6529,93.2897,96.4999,98.1648,100.0000
station,governorate,Kassérine,turnout_pct,359,35.2212,13.7608,7.6023,20.8578,26.5853,33.3594,40.6921,51.8965,92.3077
station,governorate,Kebili,saied_share_pct,152,86.1010,9.7459,39.9123,74.9740,82.7287,88.9683,92.3224,94.2525,98.3333
station,governorate,Kebili,zammel_share_pct,152,7.1031,6.5242,0.0000,1.7013,2.8951,4.8052,8.5252,16.6667,34.2857
station,governorate,Kebili,maghzaoui_share_pct,152,6.7959,8.5080,0.0000,2.2585,3.1215,4.3213,7.2415,11.2998,56.5789
station,governorate,Kebili,margin_pp,152,76.1871,17.1978,4.7872,56.5277,69.2414,81.9734,87.4335,90.3129,97.2222
station,governorate,Kebili,turnout_pct,144,31.8824,11.3159,12.1813,19.4280,24.7669,30.6566,36.6095,43.4579,92.5926
station,governorate,Le Kef,saied_share_pct,276,96.2032,2.6985,85.2417,92.3826,94.7976,96.7367,98.1832,99.2508,100.0000
station,governorate,Le Kef,zammel_share_pct,276,2.5092,2.2826,0.0000,0.0000,0.7813,2.0408,3.6419,5.5492,11.1959
station,governorate,Le Kef,maghzaoui_share_pct,276,1.2876,1.0601,0.0000,0.0000,0.4797,1.1907,1.8196,2.6788,5.5556
station,governorate,Le Kef,margin_pp,276,93.3496,4.7728,74.0458,86.8350,91.0054,94.3089,96.6878,98.5575,100.0000
station,governorate,Le Kef,turnout_pct,265,32.8058,11.2569,7.0312,21.8128,26.3566,31.7726,37.8409,44.2222,99.5000
station,governorate,Mahdia,saied_share_pct,372,94.3379,3.4721,83.5616,89.1069,92.3627,94.9579,97.1429,98.1625,99.7416
station,governorate,Mahdia,zammel_share_pct,372,4.2409,2.9800,0.0000,0.9452,1.8833,3.5806,5.7526,8.9483,14.0187
station,governorate,Mahdia,maghzaoui_share_pct,372,1.4212,0.9636,0.0000,0.3040,0.7048,1.2646,2.0629,2.6316,5.5072
station,governorate,Mahdia,margin_pp,372,90.0104,6.3216,70.4050,80.0921,86.7893,91.3322,94.9456,96.8214,99.4832
station,governorate,Mahdia,turnout_pct,356,30.6100,11.4490,6.8515,17.5744,23.2017,30.0110,35.6226,43.1673,97.8799
station,governorate,Manubah,saied_share_pct,284,92.5046,5.2034,75.0000,84.5484,89.9376,94.1764,96.1880,97.4909,100.0000
station,governorate,Manubah,zammel_share_pct,284,5.9626,4.4197,0.0000,1.6469,2.8286,4.5714,8.1505,12.8941,22.0339
station,governorate,Manubah,maghzaoui_share_pct,284,1.5328,1.1081,0.0000,0.3296,0.7573,1.3249,2.0367,3.0235,5.9155
station,governorate,Manubah,margin_pp,284,86.5001,9.5570,52.9661,71.8889,81.8819,89.6080,93.2897,95.8686,100.0000
station,governorate,Manubah,turnout_pct,239,33.9528,10.1404,13.0952,23.4724,27.5637,32.8176,38.5637,44.3831,94.5525
station,governorate,Monastir,saied_share_pct,440,93.2068,3.9417,78.4375,87.7537,91.1774,93.9257,96.1108,97.4201,100.0000
station,governorate,Monastir,zammel_share_pct,440,5.3842,3.4079,0.0000,1.6298,2.8095,4.7809,7.2446,9.8828,18.7500
station,governorate,Monastir,maghzaoui_share_pct,440,1.4090,0.9400,0.0000,0.3567,0.7353,1.2654,1.8827,2.5735,5.2083
station,governorate,Monastir,margin_pp,440,87.7853,7.2698,59.6875,77.7696,83.8684,88.9656,93.2688,95.6569,100.0000
station,governorate,Monastir,turnout_pct,405,34.1980,11.3253,8.4410,22.4162,27.2043,33.0254,39.5087,45.3587,85.9649
station,governorate,Médenine,saied_share_pct,472,89.0201,5.1661,71.4286,81.8721,85.7143,89.7959,92.5926,95.5732,100.0000
station,governorate,Médenine,zammel_share_pct,472,8.2025,4.6690,0.0000,2.7817,4.7090,7.5169,11.1805,14.7723,23.5714
station,governorate,Médenine,maghzaoui_share_pct,472,2.7773,1.8853,0.0000,0.5351,1.5124,2.5736,3.7412,5.1724,15.0000
station,governorate,Médenine,margin_pp,472,80.5944,9.5277,48.2143,66.6799,74.1817,82.1878,87.5889,92.1557,100.0000
station,governorate,Médenine,turnout_pct,216,21.9924,11.9602,0.2110,11.4877,14.0464,19.4245,26.6944,33.1157,98.6486
station,governorate,Nabeul,saied_share_pct,645,93.6309,4.4807,71.8310,87.8144,91.4414,94.6092,96.9767,98.3068,100.0000
station,governorate,Nabeul,zammel_share_pct,645,4.9012,3.8143,0.0000,0.9220,1.9455,4.1045,6.7982,9.9508,21.1268
station,governorate,Nabeul,maghzaoui_share_pct,645,1.4678,0.9781,0.0000,0.3751,0.7937,1.3378,1.9737,2.6149,7.0423
station,governorate,Nabeul,margin_pp,645,88.6701,8.2095,50.7042,77.6485,84.5865,90.3955,95.0570,97.1111,100.0000
station,governorate,Nabeul,turnout_pct,564,34.8096,10.9405,3.3118,23.3258,28.2294,34.6713,40.3942,45.5188,98.4314
station,governorate,Sfax,saied_share_pct,806,88.8138,6.4202,72.0524,79.6902,83.8532,89.4804,94.2062,96.6685,100.0000
station,governorate,Sfax,zammel_share_pct,806,8.9969,5.8481,0.0000,1.9231,3.9327,8.2922,13.3333,17.1290,24.2358
station,governorate,Sfax,maghzaoui_share_pct,806,2.1894,1.3487,0.0000,0.6641,1.2910,2.0053,2.8061,3.8890,9.8485
station,governorate,Sfax,margin_pp,806,79.7171,12.1155,47.8166,62.6377,70.6694,81.0476,89.9327,94.4056,100.0000
station,governorate,Sfax,turnout_pct,766,33.3080,10.5092,8.1395,20.7973,26.5918,33.0157,38.9755,44.1978,99.4987
station,governorate,Sidi Bou Zid,saied_share_pct,440,96.0139,2.8833,86.9565,91.6160,94.5105,96.8750,98.2486,99.0614,100.0000
station,governorate,Sidi Bou Zid,zammel_share_pct,440,2.4777,2.2215,0.0000,0.0000,0.8999,1.8182,3.3460,5.7958,11.4983
station,governorate,Sidi Bou Zid,maghzaoui_share_pct,440,1.5083,1.3585,0.0000,0.0000,0.6008,1.1983,2.0539,3.3086,7.4468
station,governorate,Sidi Bou Zid,margin_pp,440,93.1590,4.9919,75.6098,85.4454,90.5138,94.6067,96.8641,98.2759,100.0000
station,governorate,Sidi Bou Zid,turnout_pct,428,31.5593,10.7942,7.9167,19.0659,24.6339,31.2181,37.4238,43.6730,97.8571
station,governorate,Siliana,saied_share_pct,257,93.6433,6.5524,40.7273,87.7157,92.0000,95.2381,97.2826,98.8545,100.0000
station,governorate,Siliana,zammel_share_pct,257,5.3580,6.4540,0.0000,0.7063,1.8382,3.6304,6.6474,11.9075,58.5455
station,governorate,Siliana,maghzaoui_share_pct,257,0.9987,0.9659,0.0000,0.0000,0.2915,0.7663,1.4881,2.2605,5.4187
station,governorate,Siliana,margin_pp,257,88.3274,11.6321,4.9231,75.9076,85.5491,91.5556,95.1515,97.9465,100.0000
station,governorate,Siliana,turnout_pct,228,35.3194,13.5743,6.9357,22.3356,27.4653,32.8347,39.9719,48.8539,99.7175
station,governorate,Sousse,saied_share_pct,513,91.2402,5.8733,59.7701,83.7880,88.4868,92.2535,95.7237,97.5121,100.0000
station,governorate,Sousse,zammel_share_pct,513,6.9780,5.1204,0.0000,1.7183,3.2258,5.9361,8.9109,13.4983,36.7816
station,governorate,Sousse,maghzaoui_share_pct,513,1.7817,1.2515,0.0000,0.4363,0.9009,1.4925,2.4390,3.4483,9.3750
station,governorate,Sousse,margin_pp,513,84.2207,10.9204,22.9885,69.6862,79.3651,86.2464,92.3323,95.5005,100.0000
station,governorate,Sousse,turnout_pct,452,30.3862,10.7837,5.2854,18.4705,23.3815,29.5107,36.0086,42.6384,98.4733
station,governorate,Tataouine,saied_share_pct,186,87.6923,7.1375,63.3333,77.7778,84.1208,88.8444,92.4843,96.2271,100.0000
station,governorate,Tataouine,zammel_share_pct,186,9.4992,6.6016,0.0000,2.2321,4.9265,7.9550,13.5308,18.2512,33.3333
station,governorate,Tataouine,maghzaoui_share_pct,186,2.8085,2.4025,0.0000,0.0000,1.0842,2.3866,3.9710,5.8983,13.3333
station,governorate,Tataouine,margin_pp,186,77.8637,13.3416,31.6667,59.2065,69.9811,80.0901,86.4664,92.9739,100.0000
station,governorate,Tataouine,turnout_pct,177,21.5913,13.9028,2.6484,9.0087,12.4793,18.0115,26.9327,37.4954,87.0293
station,governorate,Tozeur,saied_share_pct,100,93.0391,3.7227,75.0000,87.8728,92.0332,94.1333,95.2980,96.5962,98.6607
station,governorate,Tozeur,zammel_share_pct,100,4.9090,2.9858,0.5420,1.6278,3.0212,4.0833,6.4234,9.3620,15.1751
station,governorate,Tozeur,maghzaoui_share_pct,100,2.0519,1.6961,0.0000,0.6794,1.1356,1.8047,2.7161,3.3417,15.0000
station,governorate,Tozeur,margin_pp,100,87.9165,6.6274,60.0000,78.0417,85.3712,89.6633,91.9310,94.0459,97.3214
station,governorate,Tozeur,turnout_pct,96,35.7267,9.0086,16.8574,27.2187,29.8459,35.3362,38.5579,45.7873,92.5926
station,governorate,Tunis,saied_share_pct,786,85.8598,9.9654,41.8129,73.1696,82.1527,88.3523,92.9368,95.1768,98.5075
station,governorate,Tunis,zammel_share_pct,786,11.7190,8.7890,0.7692,3.6890,5.6623,9.3489,14.7878,23.0448,53.2164
station,governorate,Tunis,maghzaoui_share_pct,786,2.4213,1.6195,0.0000,0.6830,1.1976,2.0522,3.3583,4.6452,10.2564
station,governorate,Tunis,margin_pp,786,74.1797,18.5549,0.9494,50.5033,67.5534,78.9286,87.2215,91.4633,97.3134
station,governorate,Tunis,turnout_pct,761,30.5703,11.4917,4.0071,17.0095,22.7715,31.1258,37.2727,41.9206,91.9118
station,governorate,Zaghouan,saied_share_pct,161,95.1087,3.9119,71.8367,90.2439,93.9474,96.2617,97.6991,98.6450,100.0000
station,governorate,Zaghouan,zammel_share_pct,161,3.6341,3.3780,0.0000,0.8000,1.4583,2.8881,4.5326,7.2917,24.8980
station,governorate,Zaghouan,maghzaoui_share_pct,161,1.2572,1.0201,0.0000,0.0000,0.5848,1.0870,1.6556,2.7473,6.2500
station,governorate,Zaghouan,margin_pp,161,91.3546,7.1737,46.9388,82.5328,89.5522,93.3333,95.9839,97.5610,100.0000
station,governorate,Zaghouan,turnout_pct,156,37.0671,12.1396,12.7426,25.0628,29.6480,36.0431,42.5093,48.4745,94.5860
imada,national,Tunisia,saied_share_pct,2042,93.1160,5.7812,44.0000,85.8825,90.8953,94.9541,97.0140,98.1271,100.0000
imada,national,Tunisia,zammel_share_pct,2042,5.1688,4.9950,0.0000,1.0050,1.8434,3.5982,6.8629,11.3638,54.8333
imada,national,Tunisia,maghzaoui_share_pct,2042,1.7151,1.5535,0.0000,0.5388,0.8774,1.3741,2.1665,3.2188,40.7213
imada,national,Tunisia,margin_pp,2042,87.8188,10.6429,2.5934,74.2994,83.9956,91.2230,94.9962,96.8504,100.0000
imada,national,Tunisia,turnout_pct,1992,31.6421,8.4146,5.4187,21.1567,26.2776,31.6827,37.2336,41.9624,84.1304
imada,region,Centre East,saied_share_pct,408,92.8797,4.7919,62.0424,86.0425,90.8614,94.1749,96.3088,97.4983,99.3197
imada,region,Centre East,zammel_share_pct,408,5.5369,4.2203,0.0000,1.5360,2.5177,4.3838,7.3670,11.3951,34.2967
imada,region,Centre East,maghzaoui_share_pct,408,1.5835,0.8424,0.0000,0.6988,0.9707,1.3721,2.0857,2.6837,5.3541
imada,region,Centre East,margin_pp,408,87.3170,8.9691,27.7457,74.5401,83.7741,89.7056,93.7558,95.8551,98.9796
imada,region,Centre East,turnout_pct,400,32.5645,7.7108,13.0407,22.8300,27.5209,32.3653,37.7308,41.4538,84.1304
imada,region,Centre West,saied_share_pct,334,96.1878,2.4185,82.4257,93.1288,95.3379,96.8274,97.8261,98.4522,99.6970
imada,region,Centre West,zammel_share_pct,334,2.6161,2.1148,0.0000,0.7684,1.2751,2.0291,3.3809,5.0423,15.3465
imada,region,Centre West,maghzaoui_share_pct,334,1.1961,0.8094,0.0000,0.3769,0.6349,1.0519,1.5181,2.1496,5.7692
imada,region,Centre West,margin_pp,334,93.4315,4.4396,67.0792,88.0454,92.0077,94.6392,96.3555,97.4552,99.3939
imada,region,Centre West,turnout_pct,330,31.5942,8.0228,9.0000,21.9384,26.1525,31.4222,36.7305,42.3138,64.2424
imada,region,North East,saied_share_pct,578,91.3172,7.2693,45.9191,81.9793,88.4162,93.5787,96.2584,97.7720,99.2063
imada,region,North East,zammel_share_pct,578,6.9724,6.3499,0.2703,1.3396,2.6027,4.9116,9.5087,14.7309,48.5126
imada,region,North East,maghzaoui_share_pct,578,1.7104,1.1340,0.0000,0.6351,0.9527,1.4183,2.1576,3.2984,10.2564
imada,region,North East,margin_pp,578,84.3347,13.5310,2.5934,67.3445,78.8697,88.6156,93.6326,96.3704,98.8095
imada,region,North East,turnout_pct,576,33.3188,7.8802,5.4187,23.2049,28.6844,33.7340,39.1157,42.6549,51.5945
imada,region,North West,saied_share_pct,368,96.0182,3.9584,44.0000,92.4399,95.2566,96.8366,98.0491,98.6281,100.0000
imada,region,North West,zammel_share_pct,368,2.8334,3.8453,0.0000,0.4881,1.0526,1.9516,3.2851,5.9091,54.8333
imada,region,North West,maghzaoui_share_pct,368,1.1484,0.7627,0.0000,0.3568,0.6780,1.0211,1.4995,1.9317,5.0420
imada,region,North West,margin_pp,368,93.0445,6.9590,10.8333,86.7749,91.7972,94.7833,96.6235,97.6662,100.0000
imada,region,North West,turnout_pct,363,31.6557,8.0066,6.9357,22.6532,26.3618,30.7010,36.0084,41.4310,79.3478
imada,region,South East,saied_share_pct,203,89.2727,5.0035,67.5000,83.7782,86.6292,89.7264,92.5819,95.6570,100.0000
imada,region,South East,zammel_share_pct,203,7.8672,4.4895,0.0000,2.6942,4.0951,7.4476,10.4520,12.9237,27.5000
imada,region,South East,maghzaoui_share_pct,203,2.8601,1.7557,0.0000,1.0143,1.9247,2.5641,3.5288,4.7619,11.7057
imada,region,South East,margin_pp,203,81.2116,9.2506,40.0000,70.5467,75.9075,82.2581,87.6345,92.3011,100.0000
imada,region,South East,turnout_pct,172,24.0091,9.1359,8.4078,13.6100,16.8562,23.3959,29.7495,35.0525,70.7602
imada,region,South West,saied_share_pct,151,91.9399,5.3362,56.2735,86.2939,90.2692,92.9172,94.9428,97.0588,98.5507
imada,region,South West,zammel_share_pct,151,4.9812,3.4819,0.3436,1.5625,2.8813,4.4248,6.4383,9.2105,23.8994
imada,region,South West,maghzaoui_share_pct,151,3.0789,3.7221,0.0000,0.9501,1.5629,2.3316,3.4949,5.7143,40.7213
imada,region,South West,margin_pp,151,86.2435,9.7491,15.5522,76.6447,83.6488,88.3495,91.8120,94.8454,97.5845
imada,region,South West,turnout_pct,151,31.5695,8.5268,9.5038,21.8798,26.5627,30.7897,36.3898,41.7902,72.4258
imada,governorate,Ariana,saied_share_pct,46,86.8225,10.9964,56.8244,72.9305,82.1656,91.1095,94.5388,96.1499,98.1538
imada,governorate,Ariana,zammel_share_pct,46,11.0537,9.7152,1.3019,3.0912,4.3152,7.3081,14.5762,22.6348,38.2593
imada,governorate,Ariana,maghzaoui_share_pct,46,2.1237,1.4135,0.2481,0.5817,0.9810,1.7588,3.0855,4.5317,5.2817
imada,governorate,Ariana,margin_pp,46,75.7688,20.7029,18.5651,50.7032,67.5893,83.8013,90.0092,92.9338,96.7762
imada,governorate,Ariana,turnout_pct,46,32.8514,6.3465,12.7100,26.2832,29.1615,33.6279,35.6657,40.6086,46.5241
imada,governorate,Ben Arous,saied_share_pct,76,89.0410,6.2006,72.0805,80.4402,85.3353,89.6633,93.7295,96.1176,98.0626
imada,governorate,Ben Arous,zammel_share_pct,76,8.9307,5.2261,1.1923,2.7695,4.9941,8.4667,11.8657,15.8903,24.8322
imada,governorate,Ben Arous,maghzaoui_share_pct,76,2.0283,1.1909,0.3918,0.6882,1.0615,1.9033,2.7300,3.7747,6.3927
imada,governorate,Ben Arous,margin_pp,76,80.1103,11.4062,47.2483,64.6055,73.6342,81.0718,88.7354,93.3535,96.8703
imada,governorate,Ben Arous,turnout_pct,76,34.0561,6.5622,19.3424,24.5105,29.4527,34.8268,38.7901,42.2439,45.8190
imada,governorate,Bizerte,saied_share_pct,101,94.0540,4.8601,72.9648,88.1119,92.4645,95.7075,97.3758,98.2639,99.1803
imada,governorate,Bizerte,zammel_share_pct,101,4.5515,4.2369,0.4098,0.9418,1.5940,3.2258,6.1588,9.8253,23.3293
imada,governorate,Bizerte,maghzaoui_share_pct,101,1.3946,0.8326,0.4098,0.6593,0.8435,1.1730,1.6207,2.2485,5.5944
imada,governorate,Bizerte,margin_pp,101,89.4705,9.0548,49.6355,79.1485,86.4362,92.3754,95.5951,97.2222,98.7705
imada,governorate,Bizerte,turnout_pct,100,29.9280,6.2986,7.9627,21.6439,25.8426,29.9892,34.3672,37.5216,44.1813
imada,governorate,Béja,saied_share_pct,101,96.2938,2.3314,88.4464,92.4327,95.5556,96.6942,98.1172,98.6264,99.5690
imada,governorate,Béja,zammel_share_pct,101,2.4324,2.0281,0.0000,0.3953,1.0526,1.6502,3.1746,5.9427,8.9511
imada,governorate,Béja,maghzaoui_share_pct,101,1.2738,0.8139,0.0000,0.3610,0.7958,1.1161,1.5748,2.2222,4.0317
imada,governorate,Béja,margin_pp,101,93.5888,4.1732,79.4953,86.4900,91.8519,94.5455,96.7509,97.5275,99.1379
imada,governorate,Béja,turnout_pct,101,31.5310,6.9866,16.1720,22.8457,27.1701,31.6114,35.7183,39.5604,56.3953
imada,governorate,Gabès,saied_share_pct,73,90.4808,4.9018,75.7353,84.2869,87.0241,90.9609,93.9148,95.8139,100.0000
imada,governorate,Gabès,zammel_share_pct,73,6.7147,4.0659,0.0000,2.0582,3.3797,6.6403,9.5550,12.5056,18.0147
imada,governorate,Gabès,maghzaoui_share_pct,73,2.8044,1.9297,0.0000,0.9699,1.7578,2.3810,3.5340,4.4755,11.7057
imada,governorate,Gabès,margin_pp,73,83.4538,8.7078,57.7206,70.6523,77.3196,83.8013,90.1899,93.1964,100.0000
imada,governorate,Gabès,turnout_pct,73,27.3439,7.5335,11.1111,18.2823,23.3456,27.1156,31.9584,35.8442,55.8867
imada,governorate,Gafsa,saied_share_pct,75,93.8703,2.8580,88.1579,90.3832,91.5616,93.8489,96.6945,97.5353,98.5507
imada,governorate,Gafsa,zammel_share_pct,75,4.1351,2.2395,0.3436,1.4031,2.3692,4.1958,5.3691,7.0925,9.2885
imada,governorate,Gafsa,maghzaoui_share_pct,75,1.9946,1.1138,0.0000,0.7078,1.2260,1.9751,2.6563,3.1511,5.8055
imada,governorate,Gafsa,margin_pp,75,89.5847,4.9389,78.9474,83.7840,85.9688,89.5238,94.0117,95.8992,97.5845
imada,governorate,Gafsa,turnout_pct,75,28.8702,8.7316,9.5038,20.2713,24.2798,27.4672,32.2556,39.4416,72.4258
imada,governorate,Jendouba,saied_share_pct,95,96.9414,1.9291,88.3728,94.8515,96.1719,97.3404,98.3028,98.8817,100.0000
imada,governorate,Jendouba,zammel_share_pct,95,1.9864,1.6402,0.0000,0.4442,0.9032,1.7305,2.5358,3.8794,9.6945
imada,governorate,Jendouba,maghzaoui_share_pct,95,1.0722,0.6348,0.0000,0.4525,0.7012,1.0101,1.3307,1.8376,4.4898
imada,governorate,Jendouba,margin_pp,95,94.8006,3.4911,78.6783,90.6866,93.6265,95.5947,97.2011,97.9823,100.0000
imada,governorate,Jendouba,turnout_pct,94,28.0569,6.4549,14.3486,20.7129,23.9537,27.3792,31.3880,36.1316,52.9533
imada,governorate,Kairouan,saied_share_pct,114,96.1092,2.9424,82.4257,92.6778,95.5585,96.9200,97.8261,98.4018,99.6970
imada,governorate,Kairouan,zammel_share_pct,114,2.9715,2.7467,0.0000,0.8277,1.3582,2.1909,3.3788,5.4492,15.3465
imada,governorate,Kairouan,maghzaoui_share_pct,114,0.9193,0.5774,0.0000,0.3055,0.4859,0.8056,1.2795,1.6959,2.5478
imada,governorate,Kairouan,margin_pp,114,93.0807,5.6299,67.0792,87.4076,92.2302,94.6883,96.3298,97.4498,99.3939
imada,governorate,Kairouan,turnout_pct,114,28.8722,7.9535,11.1817,19.6447,23.8530,28.6589,33.8339,38.0432,49.5196
imada,governorate,Kassérine,saied_share_pct,106,96.1000,2.1253,88.7828,93.3692,95.1052,96.4171,97.6614,98.4634,99.3865
imada,governorate,Kassérine,zammel_share_pct,106,2.6450,1.8640,0.0000,0.6270,1.2579,2.2868,3.5854,5.2439,8.6957
imada,governorate,Kassérine,maghzaoui_share_pct,106,1.2549,0.6448,0.0000,0.5236,0.8124,1.2081,1.5306,2.0295,3.5004
imada,governorate,Kassérine,margin_pp,106,93.2942,3.8280,80.9783,88.2313,91.3368,93.8859,96.1069,97.3504,99.0798
imada,governorate,Kassérine,turnout_pct,102,34.4520,8.3884,9.0000,25.6614,29.5027,34.2435,38.3857,45.0939,64.2424
imada,governorate,Kebili,saied_share_pct,42,87.5083,7.4119,56.2735,80.2002,84.7892,89.4899,92.3254,94.2623,95.4498
imada,governorate,Kebili,zammel_share_pct,42,6.5542,5.1220,1.3333,1.8993,3.0532,4.7768,9.3446,12.2420,23.8994
imada,governorate,Kebili,maghzaoui_share_pct,42,5.9374,6.0269,2.1739,2.6913,3.4938,4.3469,6.3976,9.1246,40.7213
imada,governorate,Kebili,margin_pp,42,78.7427,14.1839,15.5522,68.9339,74.4738,82.8139,88.0800,89.9623,92.7611
imada,governorate,Kebili,turnout_pct,42,32.9774,7.8639,17.3064,25.3594,27.2876,32.5885,38.4841,42.8704,57.2159
imada,governorate,Le Kef,saied_share_pct,86,96.7252,1.9315,89.3316,94.2169,95.3057,97.1996,98.1343,98.6917,100.0000
imada,governorate,Le Kef,zammel_share_pct,86,2.0107,1.6360,0.0000,0.4340,0.8166,1.5171,2.8923,4.2127,8.4190
imada,governorate,Le Kef,maghzaoui_share_pct,86,1.2641,0.8327,0.0000,0.2819,0.7548,1.3139,1.6393,2.0291,5.0420
imada,governorate,Le Kef,margin_pp,86,94.4060,3.4130,80.9126,89.9073,92.1191,95.4372,96.7400,97.7225,100.0000
imada,governorate,Le Kef,turnout_pct,85,32.1949,6.5013,13.5171,25.7538,27.7397,31.1220,36.2910,41.0783,47.6744
imada,governorate,Mahdia,saied_share_pct,98,95.0155,2.8285,86.0498,90.7548,93.3660,95.6090,96.9782,98.1621,99.3197
imada,governorate,Mahdia,zammel_share_pct,98,3.6879,2.3861,0.1418,1.1077,1.9922,3.1404,4.9117,7.3276,11.4591
imada,governorate,Mahdia,maghzaoui_share_pct,98,1.2967,0.6636,0.0000,0.5751,0.7609,1.2291,1.7060,2.2924,3.0864
imada,governorate,Mahdia,margin_pp,98,91.3050,5.1670,74.5907,83.7887,88.4844,92.4077,94.9248,96.7326,98.9796
imada,governorate,Mahdia,turnout_pct,97,30.9599,7.3022,14.4509,22.8987,25.2761,30.2521,35.4509,39.5725,51.1990
imada,governorate,Manubah,saied_share_pct,47,93.7969,4.2809,80.9959,87.7153,92.5076,95.0234,96.9565,97.6788,98.9189
imada,governorate,Manubah,zammel_share_pct,47,4.8509,3.5982,0.2703,1.2816,2.3011,3.8920,5.9153,10.2350,15.6444
imada,governorate,Manubah,maghzaoui_share_pct,47,1.3522,0.8184,0.3030,0.6392,0.8150,1.1224,1.6442,2.4188,4.1369
imada,governorate,Manubah,margin_pp,47,88.9190,7.8380,65.3515,77.5614,86.6688,91.1314,94.7286,96.3423,98.1081
imada,governorate,Manubah,turnout_pct,47,35.8382,5.5341,24.9550,29.4653,31.2257,35.2591,39.8037,43.0948,47.6640
imada,governorate,Monastir,saied_share_pct,79,93.9726,2.9906,82.1168,90.1667,92.2688,94.1497,96.1386,97.3207,99.1701
imada,governorate,Monastir,zammel_share_pct,79,4.7477,2.6159,0.0000,1.8847,2.5668,4.4944,6.2860,7.7624,14.4972
imada,governorate,Monastir,maghzaoui_share_pct,79,1.2798,0.5411,0.3241,0.7086,0.9287,1.1976,1.5296,2.0096,3.3861
imada,governorate,Monastir,margin_pp,79,89.2109,5.5718,67.6196,82.3907,85.9614,89.4415,93.6358,95.6389,98.3402
imada,governorate,Monastir,turnout_pct,77,34.7957,6.9205,16.1752,27.0161,30.8770,35.2036,38.9930,42.3089,54.5012
imada,governorate,Médenine,saied_share_pct,66,89.5018,3.7843,79.6172,85.1150,86.7842,89.7875,91.6996,94.4554,98.5981
imada,governorate,Médenine,zammel_share_pct,66,7.7007,3.5423,0.4673,3.1223,5.2878,7.1545,10.3700,12.5222,16.6667
imada,governorate,Médenine,maghzaoui_share_pct,66,2.7975,1.2012,0.6098,1.2037,2.0728,2.7064,3.2141,4.5634,6.0150
imada,governorate,Médenine,margin_pp,66,81.7510,7.1820,62.9953,72.9348,76.2031,82.9226,86.0306,91.3366,97.6636
imada,governorate,Médenine,turnout_pct,37,21.5710,7.1402,8.5028,14.3289,16.4796,20.1264,25.6614,31.8138,41.9957
imada,governorate,Nabeul,saied_share_pct,100,95.2773,3.2553,83.4085,90.0626,93.8096,95.9622,97.6573,98.4036,99.2063
imada,governorate,Nabeul,zammel_share_pct,100,3.4822,2.7695,0.3968,0.9141,1.4134,2.6719,4.6129,7.8563,13.3934
imada,governorate,Nabeul,maghzaoui_share_pct,100,1.2405,0.5710,0.1890,0.5900,0.8273,1.2468,1.5126,2.1047,3.1981
imada,governorate,Nabeul,margin_pp,100,91.7796,6.0036,70.0150,82.2064,89.1670,93.1323,96.2271,97.5342,98.8095
imada,governorate,Nabeul,turnout_pct,99,36.5560,6.9915,9.5063,28.6372,31.4125,37.5501,40.9861,44.2165,51.5945
imada,governorate,Sfax,saied_share_pct,127,90.5719,5.2733,78.0792,82.4826,86.4101,92.0567,94.9129,96.4655,98.4837
imada,governorate,Sfax,zammel_share_pct,127,7.3752,4.7622,0.9098,2.4876,3.1898,6.0150,10.8284,14.4993,18.2588
imada,governorate,Sfax,maghzaoui_share_pct,127,2.0529,0.9469,0.0000,0.9254,1.4291,1.9048,2.5963,3.1914,5.3541
imada,governorate,Sfax,margin_pp,127,83.1618,9.9728,59.9053,67.9174,75.4903,86.1538,91.5247,93.9871,97.5739
imada,governorate,Sfax,turnout_pct,126,32.4188,6.9173,15.3577,22.4996,26.5316,33.2749,37.6663,40.9017,47.6816
imada,governorate,Sidi Bou Zid,saied_share_pct,114,96.3481,2.0841,90.4088,93.0362,95.1993,97.0917,97.9340,98.4442,99.2683
imada,governorate,Sidi Bou Zid,zammel_share_pct,114,2.2338,1.4599,0.0000,0.8391,1.2080,1.7856,2.9667,4.3171,6.3191
imada,governorate,Sidi Bou Zid,maghzaoui_share_pct,114,1.4181,1.0394,0.0000,0.3952,0.7892,1.1095,1.9001,2.4891,5.7692
imada,governorate,Sidi Bou Zid,margin_pp,114,93.9099,3.5211,84.7484,88.4469,92.1256,95.2692,96.5008,97.3655,98.7805
imada,governorate,Sidi Bou Zid,turnout_pct,114,31.7592,6.8097,14.1243,22.7566,27.0465,31.4858,36.6940,42.1863,46.0635
imada,governorate,Siliana,saied_share_pct,86,93.9677,6.9000,44.0000,87.9082,93.3962,95.9934,97.2812,98.1264,99.2126
imada,governorate,Siliana,zammel_share_pct,86,5.0627,6.8298,0.3968,1.3023,2.0000,2.9947,5.3659,10.6599,54.8333
imada,governorate,Siliana,maghzaoui_share_pct,86,0.9696,0.7226,0.0000,0.3158,0.5301,0.8439,1.1561,1.6187,3.9216
imada,governorate,Siliana,margin_pp,86,89.1041,11.9204,10.8333,77.6241,88.4464,92.9336,95.1599,96.6497,98.4252
imada,governorate,Siliana,turnout_pct,83,35.3308,10.2023,6.9357,25.6745,29.6481,34.0774,39.0173,46.1713,79.3478
imada,governorate,Sousse,saied_share_pct,104,92.8550,5.5305,62.0424,85.9465,90.8259,94.4031,96.5389,97.8618,99.2611
imada,governorate,Sousse,zammel_share_pct,104,5.6338,4.9179,0.2463,1.2945,2.3309,4.3932,7.3696,11.2597,34.2967
imada,governorate,Sousse,maghzaoui_share_pct,104,1.5112,0.8030,0.3774,0.6570,0.9697,1.2921,2.0503,2.5993,4.2254
imada,governorate,Sousse,margin_pp,104,87.1947,10.4098,27.7457,74.5979,83.5345,89.9648,94.0778,96.5524,98.7685
imada,governorate,Sousse,turnout_pct,100,32.5866,9.1824,13.0407,21.8188,27.4839,31.8702,37.9379,43.0193,84.1304
imada,governorate,Tataouine,saied_share_pct,64,87.6584,5.8001,67.5000,79.2644,85.1688,88.0467,90.9918,94.4102,98.9691
imada,governorate,Tataouine,zammel_share_pct,64,9.3535,5.3828,0.0000,3.4852,5.5829,8.4780,11.9408,15.3575,27.5000
imada,governorate,Tataouine,maghzaoui_share_pct,64,2.9881,2.0284,0.0000,1.1112,1.7460,2.4909,3.5963,5.8750,11.6883
imada,governorate,Tataouine,margin_pp,64,78.0979,10.8868,40.0000,63.8163,73.8873,79.3167,84.5774,90.8091,97.9381
imada,governorate,Tataouine,turnout_pct,62,21.5378,10.6667,8.4078,12.2703,14.2883,18.9290,27.1498,34.8213,70.7602
imada,governorate,Tozeur,saied_share_pct,34,93.1561,2.8059,86.2245,89.4348,91.1113,93.9951,95.2998,95.9801,96.7431
imada,governorate,Tozeur,zammel_share_pct,34,4.9042,2.5460,0.6031,2.5742,3.1639,4.1355,6.7498,8.8149,10.2041
imada,governorate,Tozeur,maghzaoui_share_pct,34,1.9397,0.8068,0.2825,0.9535,1.3961,1.8216,2.4221,3.0910,3.5714
imada,governorate,Tozeur,margin_pp,34,88.1387,5.1660,76.0204,80.8216,84.4208,89.6215,92.3243,93.2720,94.1581
imada,governorate,Tozeur,turnout_pct,34,35.7847,6.7301,16.8574,30.2205,32.5240,33.9579,38.3476,42.7628,54.2929
imada,governorate,Tunis,saied_share_pct,160,87.3649,8.0102,45.9191,77.7021,84.6304,89.2758,92.9566,94.8140,96.9136
imada,governorate,Tunis,zammel_share_pct,160,10.4343,7.0202,2.1277,3.8576,5.5199,8.8172,13.1825,17.5646,48.5126
imada,governorate,Tunis,maghzaoui_share_pct,160,2.2007,1.3322,0.0000,0.8954,1.2396,1.8988,2.8884,3.7568,10.2564
imada,governorate,Tunis,margin_pp,160,76.9630,14.8357,2.5934,58.9074,72.1829,80.6086,87.5707,90.8838,94.4444
imada,governorate,Tunis,turnout_pct,160,31.3247,9.4902,5.4187,19.1903,24.2904,33.0181,38.2228,42.2017,51.3158
imada,governorate,Zaghouan,saied_share_pct,48,95.9659,2.2388,89.5246,92.8862,94.9729,96.5510,97.6475,97.9924,98.8701
imada,governorate,Zaghouan,zammel_share_pct,48,2.8628,1.9369,0.5076,1.1931,1.4933,2.3534,3.4174,5.2830,8.5460
imada,governorate,Zaghouan,maghzaoui_share_pct,48,1.1713,0.7299,0.0000,0.3485,0.7175,1.0595,1.4982,2.0597,3.8462
imada,governorate,Zaghouan,margin_pp,48,92.9988,4.0835,81.0682,87.3540,91.4772,94.2595,95.8645,96.5720,98.3051
imada,governorate,Zaghouan,turnout_pct,48,37.1666,7.0461,23.6626,26.0655,32.5055,37.8189,42.3124,46.4723,50.0000
delegation,national,Tunisia,saied_share_pct,264,92.1878,4.9433,59.7318,85.4480,90.3154,93.7610,95.6800,96.5116,97.6898
delegation,national,Tunisia,zammel_share_pct,264,5.9917,4.2845,1.3431,2.3331,3.0289,4.7339,7.7402,11.6852,35.1268
delegation,national,Tunisia,maghzaoui_share_pct,264,1.8205,1.2020,0.5146,0.9389,1.1142,1.4986,2.2823,2.9656,15.2755
delegation,national,Tunisia,margin_pp,264,86.1454,9.2401,24.6050,73.7528,82.9504,89.1548,92.5350,94.2061,96.3467
delegation,national,Tunisia,turnout_pct,264,30.6530,5.0591,13.8187,24.5248,27.9988,31.3306,34.0427,36.2280,44.7812
delegation,region,Centre East,saied_share_pct,56,92.2778,3.7021,82.6969,85.8150,91.0385,93.2996,94.9333,95.9719,96.5386
delegation,region,Centre East,zammel_share_pct,56,6.0583,3.2071,2.3146,2.9500,3.5086,5.2294,7.1816,11.6790,14.7692
delegation,region,Centre East,maghzaoui_share_pct,56,1.6639,0.6438,0.9120,0.9988,1.1512,1.5585,2.0142,2.5147,4.0464
delegation,region,Centre East,margin_pp,56,86.2195,6.8969,67.9277,74.1361,83.8569,88.0408,91.4327,93.0320,94.1852
delegation,region,Centre East,turnout_pct,56,31.2446,3.8983,24.3276,25.9453,28.1812,31.6341,34.7699,35.9725,38.0742
delegation,region,Centre West,saied_share_pct,36,95.7672,1.3452,91.6285,94.0301,95.3264,95.9828,96.8079,97.0365,97.5399
delegation,region,Centre West,zammel_share_pct,36,2.9352,1.1458,1.5609,1.8421,2.2035,2.6727,3.3828,3.9405,7.4080
delegation,region,Centre West,maghzaoui_share_pct,36,1.2977,0.6438,0.5146,0.8999,0.9737,1.1190,1.3523,1.9922,3.8904
delegation,region,Centre West,margin_pp,36,92.7906,2.4574,84.2205,89.5368,91.9770,93.2057,94.5409,95.2077,95.9790
delegation,region,Centre West,turnout_pct,36,32.0186,4.5975,23.6926,25.8600,28.9062,32.3274,34.7149,37.0035,43.8791
delegation,region,North East,saied_share_pct,84,90.3992,6.5371,59.7318,83.3271,86.8349,92.5803,95.0762,96.2212,97.6898
delegation,region,North East,zammel_share_pct,84,7.7911,5.7120,1.3431,2.5204,3.8192,5.9163,10.6626,13.9513,35.1268
delegation,region,North East,maghzaoui_share_pct,84,1.8098,0.8669,0.8375,0.9729,1.1549,1.5134,2.4673,2.9382,5.1413
delegation,region,North East,margin_pp,84,82.6081,12.2463,24.6050,69.3450,76.1723,86.6639,91.2677,93.7321,96.3467
delegation,region,North East,turnout_pct,84,31.7545,4.1243,18.8839,27.1239,29.6438,31.7709,33.7610,36.1499,44.7812
delegation,region,North West,saied_share_pct,40,94.9968,2.6717,81.4165,93.5203,94.2891,95.4596,96.2948,97.2217,97.6538
delegation,region,North West,zammel_share_pct,40,3.7740,2.7488,1.4605,1.8100,2.4321,2.8879,4.4855,5.1794,17.8815
delegation,region,North West,maghzaoui_share_pct,40,1.2293,0.3590,0.7020,0.8684,0.9314,1.1611,1.4127,1.7000,2.4411
delegation,region,North West,margin_pp,40,91.2219,5.4086,63.5350,88.3409,89.7579,92.5037,93.6645,95.3736,96.1933
delegation,region,North West,turnout_pct,40,31.6099,3.3355,24.0513,28.0928,29.6044,31.0680,34.1780,35.5251,39.6459
delegation,region,South East,saied_share_pct,26,89.1125,2.8334,84.0691,85.9677,86.9863,89.2084,90.9208,92.8969,93.4619
delegation,region,South East,zammel_share_pct,26,8.2499,2.6578,3.1852,5.0073,5.8857,8.8331,10.0015,10.9413,13.2224
delegation,region,South East,maghzaoui_share_pct,26,2.6376,0.6566,1.3144,1.9386,2.2238,2.6098,3.0381,3.2845,4.5975
delegation,region,South East,margin_pp,26,80.8561,5.4432,70.8467,75.0750,77.0075,80.6688,85.0262,87.9748,90.1090
delegation,region,South East,turnout_pct,26,22.3985,5.6758,13.8187,15.7608,18.5548,21.6882,26.9310,29.5931,34.5026
delegation,region,South West,saied_share_pct,22,91.4583,3.6506,80.4965,86.1461,90.0986,92.3407,93.9412,94.9117,95.7090
delegation,region,South West,zammel_share_pct,22,5.3166,2.0578,2.6356,3.4732,4.0099,4.7533,5.9489,8.2120,10.4843
delegation,region,South West,maghzaoui_share_pct,22,3.2251,2.9156,1.4595,1.6609,1.8519,2.2735,3.2828,4.9662,15.2755
delegation,region,South West,margin_pp,22,85.6096,6.5185,65.2209,77.0472,84.5622,86.6557,89.8689,91.5803,93.0734
delegation,region,South West,turnout_pct,22,30.7227,4.9171,22.2740,25.9436,27.4484,30.1072,32.6281,38.0189,40.9097
delegation,governorate,Ariana,saied_share_pct,7,87.7921,9.0580,69.9267,78.6080,84.4833,93.2036,93.8397,94.3484,94.7683
delegation,governorate,Ariana,zammel_share_pct,7,10.1716,7.9647,4.3095,4.5208,4.9017,5.2896,12.8737,18.1634,26.0511
delegation,governorate,Ariana,maghzaoui_share_pct,7,2.0363,1.1135,0.9222,1.1173,1.2587,1.5068,2.6429,3.2660,4.0221
delegation,governorate,Ariana,margin_pp,7,77.6205,17.0214,43.8756,60.4821,71.6095,87.9140,88.9379,89.8276,90.4588
delegation,governorate,Ariana,turnout_pct,7,32.0828,1.8686,29.1909,30.2666,31.4061,31.8611,32.9567,34.3445,34.8018
delegation,governorate,Ben Arous,saied_share_pct,12,87.4659,3.9956,82.7982,83.1818,84.0488,87.1497,89.5102,93.3070,93.4668
delegation,governorate,Ben Arous,zammel_share_pct,12,10.2958,3.3917,5.3467,5.3657,8.4849,10.3983,13.2063,14.0996,14.2837
delegation,governorate,Ben Arous,maghzaoui_share_pct,12,2.2383,0.6567,1.1640,1.2062,1.8990,2.4800,2.6771,2.8649,3.0280
delegation,governorate,Ben Arous,margin_pp,12,77.1700,7.3828,68.6245,68.9897,70.8102,76.8830,80.8891,87.8985,88.1186
delegation,governorate,Ben Arous,turnout_pct,12,31.8275,2.0930,28.2476,29.8438,30.6174,31.6758,32.7059,33.6378,36.4084
delegation,governorate,Bizerte,saied_share_pct,14,93.3936,3.9368,83.8786,88.7544,91.5033,94.4825,96.0063,97.2721,97.6898
delegation,governorate,Bizerte,zammel_share_pct,14,5.2295,3.4467,1.3431,1.7652,2.8977,4.4409,6.8389,9.4523,13.2784
delegation,governorate,Bizerte,maghzaoui_share_pct,14,1.3769,0.5358,0.8375,0.9824,1.0523,1.1699,1.5118,1.9604,2.8430
delegation,governorate,Bizerte,margin_pp,14,88.1642,7.3803,70.6002,79.3021,84.6645,90.0416,93.1022,95.5069,96.3467
delegation,governorate,Bizerte,turnout_pct,14,28.5840,2.2961,24.8300,25.2755,27.5275,28.8044,29.9531,31.6356,31.8023
delegation,governorate,Béja,saied_share_pct,9,95.4758,1.3372,93.6670,94.1008,94.3157,95.3167,96.3595,97.2310,97.3055
delegation,governorate,Béja,zammel_share_pct,9,3.1927,1.2110,1.6504,1.8262,2.5300,2.7862,4.5132,4.6264,4.9835
delegation,governorate,Béja,maghzaoui_share_pct,9,1.3315,0.4628,0.9174,0.9341,1.0441,1.2775,1.3495,1.7057,2.4411
delegation,governorate,Béja,margin_pp,9,92.2831,2.5090,88.6835,89.4935,89.7786,92.1552,93.6573,95.4049,95.6551
delegation,governorate,Béja,turnout_pct,9,31.3806,3.5468,24.0513,28.2764,29.8197,32.2085,33.4270,34.6756,36.4171
delegation,governorate,Gabès,saied_share_pct,10,89.9040,2.7264,85.7877,86.1117,88.2445,90.2541,92.0702,93.2064,93.4619
delegation,governorate,Gabès,zammel_share_pct,10,7.4747,2.6150,3.1852,4.0997,5.5120,8.1401,9.2191,10.0480,11.0961
delegation,governorate,Gabès,maghzaoui_share_pct,10,2.6212,0.9427,1.3144,1.8391,2.0201,2.4120,3.1025,3.4774,4.5975
delegation,governorate,Gabès,margin_pp,10,82.4125,5.2311,74.6916,76.6727,78.5178,82.1140,86.5583,89.0899,90.1090
delegation,governorate,Gabès,turnout_pct,10,26.4090,4.6574,20.2219,21.6042,23.4420,26.0018,27.8117,33.2998,34.5026
delegation,governorate,Gafsa,saied_share_pct,11,93.1911,1.7664,89.8300,91.5625,92.1218,93.2625,94.5297,95.0907,95.7090
delegation,governorate,Gafsa,zammel_share_pct,11,4.6822,1.5350,2.6356,3.4498,3.6984,4.3056,5.4846,5.9754,8.2130
delegation,governorate,Gafsa,maghzaoui_share_pct,11,2.1267,0.5606,1.4595,1.5379,1.7361,2.0058,2.4470,2.7236,3.3171
delegation,governorate,Gafsa,margin_pp,11,88.5088,3.2617,81.6169,85.5872,86.6557,88.9568,90.8313,91.6409,93.0734
delegation,governorate,Gafsa,turnout_pct,11,28.0213,3.3807,22.2740,25.9374,26.0519,27.6810,29.0124,31.2879,35.4734
delegation,governorate,Jendouba,saied_share_pct,9,96.2250,1.2401,93.8159,94.7960,95.7791,96.3779,96.9123,97.5954,97.6538
delegation,governorate,Jendouba,zammel_share_pct,9,2.5974,1.0272,1.4605,1.5582,1.8206,2.4374,2.9269,3.9880,4.4762
delegation,governorate,Jendouba,maghzaoui_share_pct,9,1.1776,0.3136,0.8365,0.8759,0.9303,1.0930,1.2941,1.6204,1.7079
delegation,governorate,Jendouba,margin_pp,9,93.6276,2.2556,89.3398,90.8080,92.8522,93.6861,95.0918,96.0372,96.1933
delegation,governorate,Jendouba,turnout_pct,9,28.4218,1.9396,25.4266,25.8227,27.7185,28.7346,29.2266,30.1201,31.7997
delegation,governorate,Kairouan,saied_share_pct,11,95.9904,1.7181,91.6285,94.1183,95.8781,96.7867,96.9109,97.0997,97.2956
delegation,governorate,Kairouan,zammel_share_pct,11,3.0796,1.7000,1.6963,1.9880,2.0760,2.4837,3.1806,4.9383,7.4080
delegation,governorate,Kairouan,maghzaoui_share_pct,11,0.9301,0.1817,0.5146,0.7740,0.8678,0.9635,1.0044,1.1088,1.2037
delegation,governorate,Kairouan,margin_pp,11,92.9108,3.4133,84.2205,89.1801,92.6976,94.3999,94.7570,95.1117,95.5993
delegation,governorate,Kairouan,turnout_pct,11,29.2454,3.9151,23.6926,24.2180,25.8033,30.3942,32.2455,33.8181,34.3074
delegation,governorate,Kassérine,saied_share_pct,13,95.4023,0.8485,92.8472,95.2006,95.3316,95.5198,95.5878,96.1489,96.4403
delegation,governorate,Kassérine,zammel_share_pct,13,3.2736,0.7298,2.2815,2.4833,2.8140,3.2723,3.4351,3.7798,5.1543
delegation,governorate,Kassérine,maghzaoui_share_pct,13,1.3242,0.3491,0.9006,0.9817,1.1069,1.3361,1.3962,1.8970,2.0040
delegation,governorate,Kassérine,margin_pp,13,92.1287,1.5438,87.6929,91.4884,92.0593,92.1527,92.7856,93.7608,93.9874
delegation,governorate,Kassérine,turnout_pct,13,34.6827,4.2383,29.1970,29.5553,32.8011,33.6887,36.2730,39.7811,43.8791
delegation,governorate,Kebili,saied_share_pct,6,87.2802,4.1177,80.4965,83.0757,85.6931,87.7148,90.5838,91.0500,91.1957
delegation,governorate,Kebili,zammel_share_pct,6,6.5148,2.6921,4.0869,4.1574,4.4649,5.5456,8.3777,9.8414,10.4843
delegation,governorate,Kebili,maghzaoui_share_pct,6,6.2050,4.5079,3.1800,3.5205,4.0750,4.8556,5.1501,10.2388,15.2755
delegation,governorate,Kebili,margin_pp,6,78.8146,8.1389,65.2209,70.1958,75.5302,80.5145,84.8466,85.7336,86.4783
delegation,governorate,Kebili,turnout_pct,6,31.3515,5.1503,25.7291,27.0505,28.9619,30.7523,31.3884,36.2516,40.9097
delegation,governorate,Le Kef,saied_share_pct,11,95.6899,0.9479,93.7446,94.8108,95.2129,95.9762,96.1786,96.2766,97.4128
delegation,governorate,Le Kef,zammel_share_pct,11,2.9330,0.8706,1.7150,1.8925,2.5213,2.7586,3.3787,3.7977,4.7495
delegation,governorate,Le Kef,maghzaoui_share_pct,11,1.3770,0.2995,0.8723,1.1187,1.2085,1.3298,1.5404,1.7483,1.9304
delegation,governorate,Le Kef,margin_pp,11,92.7535,1.7921,88.9951,91.0132,91.8342,93.1273,93.6809,94.2468,95.6978
delegation,governorate,Le Kef,turnout_pct,11,31.9428,2.3440,29.0116,29.6950,30.1962,30.5412,34.1828,34.8955,35.3171
delegation,governorate,Mahdia,saied_share_pct,11,94.5432,1.6405,91.2894,92.5600,93.5174,94.8463,95.7105,96.1053,96.4998
delegation,governorate,Mahdia,zammel_share_pct,11,4.0866,1.3969,2.3146,2.6882,3.1663,3.6100,5.1488,5.7553,6.6371
delegation,governorate,Mahdia,maghzaoui_share_pct,11,1.3702,0.3529,0.9560,1.0048,1.1293,1.3234,1.5482,1.8223,2.0735
delegation,governorate,Mahdia,margin_pp,11,90.4566,3.0267,84.6523,86.9423,88.2998,91.3185,92.6026,93.3002,94.1852
delegation,governorate,Mahdia,turnout_pct,11,29.8596,3.2094,24.6347,26.6860,28.1752,28.9934,31.9299,33.6369,35.7713
delegation,governorate,Manubah,saied_share_pct,8,93.3412,4.0552,84.0703,89.6966,92.5739,94.9662,95.3358,96.2981,96.6886
delegation,governorate,Manubah,zammel_share_pct,8,5.2585,3.3807,2.4736,2.5828,3.3986,4.0213,5.9662,8.5543,12.8316
delegation,governorate,Manubah,maghzaoui_share_pct,8,1.4003,0.7213,0.8378,0.8842,1.0667,1.2054,1.3448,2.0188,3.0981
delegation,governorate,Manubah,margin_pp,8,88.0827,7.4315,71.2386,81.1421,86.6077,90.9450,91.9372,93.7153,94.2150
delegation,governorate,Manubah,turnout_pct,8,33.4193,1.4064,31.4722,31.4918,32.7295,33.4395,34.3679,35.1100,35.1419
delegation,governorate,Monastir,saied_share_pct,13,93.3927,1.9738,88.7021,92.0754,92.4610,93.2537,94.2382,95.7946,96.2136
delegation,governorate,Monastir,zammel_share_pct,13,5.2666,1.6824,2.7834,3.1905,4.5402,5.3855,6.2097,6.6274,9.0703
delegation,governorate,Monastir,maghzaoui_share_pct,13,1.3406,0.3678,0.9945,1.0064,1.1160,1.2216,1.4247,1.7624,2.2276
delegation,governorate,Monastir,margin_pp,13,88.1261,3.6493,79.6318,85.5530,86.0758,87.8044,89.6980,92.6041,93.4303
delegation,governorate,Monastir,turnout_pct,13,32.7398,3.4003,24.7919,29.8873,31.3340,33.3298,34.7524,36.2912,38.0742
delegation,governorate,Médenine,saied_share_pct,9,89.0840,3.0879,84.0830,85.8124,86.8564,89.5447,90.9358,92.7131,93.3485
delegation,governorate,Médenine,zammel_share_pct,9,8.2567,2.8023,4.8337,5.3395,5.6395,7.7833,10.5629,11.1693,12.7010
delegation,governorate,Médenine,maghzaoui_share_pct,9,2.6593,0.5217,1.8178,1.9474,2.5710,2.6720,2.9688,3.2578,3.4248
delegation,governorate,Médenine,margin_pp,9,80.8273,5.8740,71.3820,74.6431,76.2935,81.7615,85.2963,87.3737,88.5148
delegation,governorate,Médenine,turnout_pct,9,19.0781,2.9817,15.5380,16.5609,17.3077,18.7456,19.3031,21.4344,26.0330
delegation,governorate,Nabeul,saied_share_pct,16,93.9607,2.5655,89.1822,90.2660,91.9719,94.6604,96.0355,96.6436,96.8884
delegation,governorate,Nabeul,zammel_share_pct,16,4.6171,2.2012,2.1519,2.2657,2.8591,4.0918,6.2419,7.8890,8.5113
delegation,governorate,Nabeul,maghzaoui_share_pct,16,1.4222,0.3905,0.9563,1.0333,1.1397,1.2956,1.7070,1.8964,2.3066
delegation,governorate,Nabeul,margin_pp,16,89.3436,4.7647,80.6709,82.3769,85.7300,90.6091,93.1764,94.3795,94.7331
delegation,governorate,Nabeul,turnout_pct,16,34.8707,4.2035,26.9269,31.3477,32.4378,34.2579,36.6867,39.4468,44.7812
delegation,governorate,Sfax,saied_share_pct,16,89.8539,4.2296,82.6969,84.2050,86.6435,90.8783,93.6684,94.7293,94.7632
delegation,governorate,Sfax,zammel_share_pct,16,7.9708,3.8447,3.4895,4.0145,4.7371,7.2659,10.9614,13.5080,14.7692
delegation,governorate,Sfax,maghzaoui_share_pct,16,2.1753,0.7022,1.0852,1.4881,1.7187,2.0747,2.5050,2.7534,4.0464
delegation,governorate,Sfax,margin_pp,16,81.8832,8.0529,67.9277,70.6970,75.6821,83.6125,88.9313,90.7161,91.2708
delegation,governorate,Sfax,turnout_pct,16,31.6231,4.2813,24.4041,25.5173,28.4847,32.4806,35.1159,35.9725,37.0885
delegation,governorate,Sidi Bou Zid,saied_share_pct,12,95.9578,1.4289,93.0945,93.9735,95.3923,96.4246,96.9344,97.2336,97.5399
delegation,governorate,Sidi Bou Zid,zammel_share_pct,12,2.4361,0.7355,1.5609,1.5988,1.9976,2.3005,2.8090,3.1452,4.0723
delegation,governorate,Sidi Bou Zid,maghzaoui_share_pct,12,1.6060,0.9571,0.8992,0.9354,1.0595,1.2094,1.5394,3.0589,3.8904
delegation,governorate,Sidi Bou Zid,margin_pp,12,93.3975,2.2558,89.2041,89.9906,92.2279,94.1806,94.9018,95.6347,95.9790
delegation,governorate,Sidi Bou Zid,turnout_pct,12,31.6747,4.1851,25.3458,26.5007,27.7191,31.5748,35.2262,36.2826,37.6215
delegation,governorate,Siliana,saied_share_pct,11,92.9068,4.1691,81.4165,91.0903,92.0116,94.1540,95.1077,95.8846,96.3496
delegation,governorate,Siliana,zammel_share_pct,11,6.0531,4.3187,2.4162,2.8019,3.6882,4.7644,7.0126,8.0401,17.8815
delegation,governorate,Siliana,maghzaoui_share_pct,11,1.0402,0.2965,0.7020,0.8485,0.8634,0.9318,1.0880,1.4765,1.6991
delegation,governorate,Siliana,margin_pp,11,86.8537,8.4839,63.5350,83.0502,84.9990,89.3896,91.4194,93.4684,93.5478
delegation,governorate,Siliana,turnout_pct,11,34.0729,2.9719,29.8310,31.0261,31.5794,34.0521,35.8717,37.1618,39.6459
delegation,governorate,Sousse,saied_share_pct,16,92.2382,4.0427,85.0535,85.8150,89.9748,93.6145,95.5026,96.0294,96.5386
delegation,governorate,Sousse,zammel_share_pct,16,6.1447,3.4734,2.5494,2.9463,3.2590,4.9216,8.0612,11.6790,11.9519
delegation,governorate,Sousse,maghzaoui_share_pct,16,1.6171,0.6326,0.9120,0.9456,1.0034,1.5756,1.8902,2.5059,2.9947
delegation,governorate,Sousse,margin_pp,16,86.0936,7.5110,73.1016,74.1361,81.9137,88.8180,92.3689,93.0320,93.9892
delegation,governorate,Sousse,turnout_pct,16,30.6034,4.1641,24.3276,25.9457,27.8372,29.5765,33.0460,36.2370,37.9326
delegation,governorate,Tataouine,saied_share_pct,7,88.0183,2.6733,84.0691,85.4277,86.8548,87.6914,89.3380,91.3183,91.9822
delegation,governorate,Tataouine,zammel_share_pct,7,9.3485,2.5091,5.6793,6.2675,8.0581,9.9148,10.2535,11.5782,13.2224
delegation,governorate,Tataouine,maghzaoui_share_pct,7,2.6332,0.3149,2.2851,2.3171,2.4015,2.5990,2.7802,2.9850,3.1844
delegation,governorate,Tataouine,margin_pp,7,78.6698,5.1754,70.8467,73.8495,76.6014,77.8854,81.2254,85.0508,86.3029
delegation,governorate,Tataouine,turnout_pct,7,20.9385,6.6335,13.8187,14.2514,15.2617,21.6185,24.6782,28.8392,31.2523
delegation,governorate,Tozeur,saied_share_pct,5,92.6599,2.1740,89.1927,90.4474,92.3294,92.9469,93.9006,94.5181,94.9298
delegation,governorate,Tozeur,zammel_share_pct,5,5.2745,2.0046,2.9587,3.3689,3.9843,5.2663,5.9601,7.3059,8.2031
delegation,governorate,Tozeur,maghzaoui_share_pct,5,2.0656,0.3530,1.7105,1.7410,1.7868,2.1115,2.1151,2.4086,2.6042
delegation,governorate,Tozeur,margin_pp,5,87.3854,4.1672,80.9896,83.1414,86.3692,87.6806,89.9164,91.1493,91.9712
delegation,governorate,Tozeur,turnout_pct,5,35.9111,3.3002,32.6218,32.6252,32.6302,36.0904,38.2332,39.2813,39.9801
delegation,governorate,Tunis,saied_share_pct,21,85.6692,8.0035,59.7318,78.4417,82.7355,86.8852,90.5961,94.1552,95.0922
delegation,governorate,Tunis,zammel_share_pct,21,11.9200,7.0371,3.8739,4.9238,7.3062,10.6167,14.1834,18.5152,35.1268
delegation,governorate,Tunis,maghzaoui_share_pct,21,2.4108,1.0328,0.9210,1.0340,1.7064,2.2814,2.9580,3.3667,5.1413
delegation,governorate,Tunis,margin_pp,21,73.7491,15.0362,24.6050,60.0776,68.5521,76.2685,83.2899,89.2313,91.2183
delegation,governorate,Tunis,turnout_pct,21,29.2310,4.0487,18.8839,22.6305,27.6090,30.8786,31.8093,32.2695,34.7961
delegation,governorate,Zaghouan,saied_share_pct,6,95.4552,1.4680,93.0660,93.8828,94.9163,95.7197,96.0412,96.7633,97.4292
delegation,governorate,Zaghouan,zammel_share_pct,6,3.3707,1.3275,1.4158,2.1891,2.9652,3.2413,3.8056,4.6816,5.4589
delegation,governorate,Zaghouan,maghzaoui_share_pct,6,1.1741,0.2271,0.9243,0.9323,0.9936,1.1543,1.3358,1.4356,1.4751
delegation,governorate,Zaghouan,margin_pp,6,92.0846,2.7898,87.6071,89.2011,91.1107,92.4785,93.0761,94.5742,96.0134
delegation,governorate,Zaghouan,turnout_pct,6,36.9266,3.2883,33.4704,33.9557,34.7651,35.8453,39.2680,40.9789,41.5851
