round,centre,rank,rank_check,candidate,candidate_full,votes,share_pct,share_check,centre_valid_votes
r1,تونس 1,1,agree,العربي نصرة,العربي بن الحبيب بن علي نصرة,242,0.15,agree,164418
r1,تونس 1,2,agree,عبد الرحيم الزواري,عبد الرحيم بن ابراهيم بن عمار الزواري,119,0.07,agree,164418
r1,تونس 1,3,agree,كلثوم كنو,كلثوم بنت المبروك بن أحمد كنو,1004,0.61,agree,164418
r1,تونس 1,4,agree,كمال مرجان,كمال بن القنطاوي بن المعراجي مرجان,1125,0.68,agree,164418
r1,تونس 1,5,agree,سالم شائبي,سالم بن عمار الشائبي,250,0.15,agree,164418
r1,تونس 1,6,agree,عبد الرزاق كيلاني,عبد الرزاق بن علي كيلاني,282,0.17,agree,164418
r1,تونس 1,7,agree,محمد الباجي قايد السبسي,محمد الباجي بن حسونة قايد السبسي,64166,39.03,agree,164418
r1,تونس 1,8,agree,سليم الرياحي,سليم بن محمد بن المختار الرياحي,17754,10.8,agree,164418
r1,تونس 1,9,agree,عبد القادر لباوي,عبد القادر بن ابراهيم بن مصطفى اللباوي,157,0.1,agree,164418
r1,تونس 1,10,agree,مصطفى كامل النابلي,مصطفى كامل بن الحاج علي النابلي,227,0.14,agree,164418
r1,تونس 1,11,agree,أحمد الصافي سعيد,أحمد الصافي بن ابراهيم سعيد,1012,0.62,agree,164418
r1,تونس 1,12,agree,ياسين الشنوفي,يسين بن المولدي بن خليفة الشنوفي,164,0.1,agree,164418
r1,تونس 1,13,agree,أحمد نجيب الشابي,أحمد نجيب بن عبد العزيز الشابي,1579,0.96,agree,164418
r1,تونس 1,14,agree,حمودة بن سلامة,حمودة بن محمد بن حمودة بن سلامة,267,0.16,agree,164418
r1,تونس 1,15,agree,علي شورابي,علي المولدي بن محمد شورابي,188,0.11,agree,164418
r1,تونس 1,16,agree,محمد الفريخة,محمد بن حسن بن محمد الفريخة,638,0.39,agree,164418
r1,تونس 1,17,agree,محمد الحامدي,محمد بن المبروك بن محمد الحامدي,188,0.11,agree,164418
r1,تونس 1,18,agree,المختار الماجري,المختار بن محمد الصالح الماجري,140,0.09,agree,164418
r1,تونس 1,19,agree,عبد الرؤوف العيادي,عبد الرؤوف بن الصادق العيادي,111,0.07,agree,164418
r1,تونس 1,20,agree,محرز بوصيان,محرز بن الطيب بن التليلي بوصيان,293,0.18,agree,164418
r1,تونس 1,21,agree,مصطفى بن جعفر,مصطفى بن محمد بن رشيد بن جعفر,791,0.48,agree,164418
r1,تونس 1,22,agree,نور الدين حشاد,نور الدين بن فرحات بن محمد حشاد,76,0.05,agree,164418
r1,تونس 1,23,agree,محمد المنذر الزنايدي,محمد المنذر بن عبد العزيز الزنايدي,1684,1.02,agree,164418
r1,تونس 1,24,agree,محمد المنصف المرزوقي,محمد المنصف بن محمد بن أحمد المرزوقي,54884,33.38,agree,164418
r1,تونس 1,25,agree,سمير العبدلي,سمير بن عز الدين بن ابراهيم العبدلي,290,0.18,agree,164418
r1,تونس 1,26,agree,محمد الهاشمي حامدي,محمد الهاشمي بن يوسف حامدي,3682,2.24,agree,164418
r1,تونس 1,27,agree,حمة الهمامي,حمة بن علي بن بوساحة الهمامي,13105,7.97,agree,164418
r1,تونس 2,1,agree,العربي نصرة,العربي بن الحبيب بن علي نصرة,176,0.09,agree,203999
r1,تونس 2,2,agree,عبد الرحيم الزواري,عبد الرحيم بن ابراهيم بن عمار الزواري,79,0.04,agree,203999
r1,تونس 2,3,agree,كلثوم كنو,كلثوم بنت المبروك بن أحمد كنو,1450,0.71,agree,203999
r1,تونس 2,4,agree,كمال مرجان,كمال بن القنطاوي بن المعراجي مرجان,2048,1.0,agree,203999
r1,تونس 2,5,agree,سالم شائبي,سالم بن عمار الشائبي,92,0.05,agree,203999
r1,تونس 2,6,agree,عبد الرزاق كيلاني,عبد الرزاق بن علي كيلاني,304,0.15,agree,203999
r1,تونس 2,7,agree,محمد الباجي قايد السبسي,محمد الباجي بن حسونة قايد السبسي,111044,54.43,agree,203999
r1,تونس 2,8,agree,سليم الرياحي,سليم بن محمد بن المختار الرياحي,10456,5.13,agree,203999
r1,تونس 2,9,agree,عبد القادر لباوي,عبد القادر بن ابراهيم بن مصطفى اللباوي,135,0.07,agree,203999
r1,تونس 2,10,agree,مصطفى كامل النابلي,مصطفى كامل بن الحاج علي النابلي,258,0.13,agree,203999
r1,تونس 2,11,agree,أحمد الصافي سعيد,أحمد الصافي بن ابراهيم سعيد,1109,0.54,agree,203999
r1,تونس 2,12,agree,ياسين الشنوفي,يسين بن المولدي بن خليفة الشنوفي,107,0.05,agree,203999
r1,تونس 2,13,agree,أحمد نجيب الشابي,أحمد نجيب بن عبد العزيز الشابي,2372,1.16,agree,203999
r1,تونس 2,14,agree,حمودة بن سلامة,حمودة بن محمد بن حمودة بن سلامة,332,0.16,agree,203999
r1,تونس 2,15,agree,علي شورابي,علي المولدي بن محمد شورابي,116,0.06,agree,203999
r1,تونس 2,16,agree,محمد الفريخة,محمد بن حسن بن محمد الفريخة,788,0.39,agree,203999
r1,تونس 2,17,agree,محمد الحامدي,محمد بن المبروك بن محمد الحامدي,132,0.06,agree,203999
r1,تونس 2,18,agree,المختار الماجري,المختار بن محمد الصالح الماجري,113,0.06,agree,203999
r1,تونس 2,19,agree,عبد الرؤوف العيادي,عبد الرؤوف بن الصادق العيادي,107,0.05,agree,203999
r1,تونس 2,20,agree,محرز بوصيان,محرز بن الطيب بن التليلي بوصيان,262,0.13,agree,203999
r1,تونس 2,21,agree,مصطفى بن جعفر,مصطفى بن محمد بن رشيد بن جعفر,1073,0.53,agree,203999
r1,تونس 2,22,agree,نور الدين حشاد,نور الدين بن فرحات بن محمد حشاد,57,0.03,agree,203999
r1,تونس 2,23,agree,محمد المنذر الزنايدي,محمد المنذر بن عبد العزيز الزنايدي,1852,0.91,agree,203999
r1,تونس 2,24,agree,محمد المنصف المرزوقي,محمد المنصف بن محمد بن أحمد المرزوقي,47362,23.22,agree,203999
r1,تونس 2,25,agree,سمير العبدلي,سمير بن عز الدين بن ابراهيم العبدلي,279,0.14,agree,203999
r1,تونس 2,26,agree,محمد الهاشمي حامدي,محمد الهاشمي بن يوسف حامدي,2848,1.4,agree,203999
r1,تونس 2,27,agree,حمة الهمامي,حمة بن علي بن بوساحة الهمامي,19048,9.34,agree,203999
r1,أريانة,1,agree,العربي نصرة,العربي بن الحبيب بن علي نصرة,243,0.14,agree,171137
r1,أريانة,2,agree,عبد الرحيم الزواري,عبد الرحيم بن ابراهيم بن عمار الزواري,88,0.05,agree,171137
r1,أريانة,3,agree,كلثوم كنو,كلثوم بنت المبروك بن أحمد كنو,1114,0.65,agree,171137
r1,أريانة,4,agree,كمال مرجان,كمال بن القنطاوي بن المعراجي مرجان,1612,0.94,agree,171137
r1,أريانة,5,agree,سالم شائبي,سالم بن عمار الشائبي,147,0.09,agree,171137
r1,أريانة,6,agree,عبد الرزاق كيلاني,عبد الرزاق بن علي كيلاني,325,0.19,agree,171137
r1,أريانة,7,agree,محمد الباجي قايد السبسي,محمد الباجي بن حسونة قايد السبسي,81684,47.73,agree,171137
r1,أريانة,8,agree,سليم الرياحي,سليم بن محمد بن المختار الرياحي,12873,7.52,agree,171137
r1,أريانة,9,agree,عبد القادر لباوي,عبد القادر بن ابراهيم بن مصطفى اللباوي,141,0.08,agree,171137
r1,أريانة,10,agree,مصطفى كامل النابلي,مصطفى كامل بن الحاج علي النابلي,224,0.13,agree,171137
r1,أريانة,11,agree,أحمد الصافي سعيد,أحمد الصافي بن ابراهيم سعيد,994,0.58,agree,171137
r1,أريانة,12,agree,ياسين الشنوفي,يسين بن المولدي بن خليفة الشنوفي,86,0.05,agree,171137
r1,أريانة,13,agree,أحمد نجيب الشابي,أحمد نجيب بن عبد العزيز الشابي,2457,1.44,agree,171137
r1,أريانة,14,agree,حمودة بن سلامة,حمودة بن محمد بن حمودة بن سلامة,309,0.18,agree,171137
r1,أريانة,15,agree,علي شورابي,علي المولدي بن محمد شورابي,118,0.07,agree,171137
r1,أريانة,16,agree,محمد الفريخة,محمد بن حسن بن محمد الفريخة,928,0.54,agree,171137
r1,أريانة,17,agree,محمد الحامدي,محمد بن المبروك بن محمد الحامدي,142,0.08,agree,171137
r1,أريانة,18,agree,المختار الماجري,المختار بن محمد الصالح الماجري,101,0.06,agree,171137
r1,أريانة,19,agree,عبد الرؤوف العيادي,عبد الرؤوف بن الصادق العيادي,98,0.06,agree,171137
r1,أريانة,20,agree,محرز بوصيان,محرز بن الطيب بن التليلي بوصيان,185,0.11,agree,171137
r1,أريانة,21,agree,مصطفى بن جعفر,مصطفى بن محمد بن رشيد بن جعفر,961,0.56,agree,171137
r1,أريانة,22,agree,نور الدين حشاد,نور الدين بن فرحات بن محمد حشاد,72,0.04,agree,171137
r1,أريانة,23,agree,محمد المنذر الزنايدي,محمد المنذر بن عبد العزيز الزنايدي,1288,0.75,agree,171137
r1,أريانة,24,agree,محمد المنصف المرزوقي,محمد المنصف بن محمد بن أحمد المرزوقي,46502,27.17,agree,171137
r1,أريانة,25,agree,سمير العبدلي,سمير بن عز الدين بن ابراهيم العبدلي,180,0.11,agree,171137
r1,أريانة,26,agree,محمد الهاشمي حامدي,محمد الهاشمي بن يوسف حامدي,3691,2.16,agree,171137
r1,أريانة,27,agree,حمة الهمامي,حمة بن علي بن بوساحة الهمامي,14574,8.52,agree,171137
r1,منوبة,1,agree,العربي نصرة,العربي بن الحبيب بن علي نصرة,232,0.21,agree,109134
r1,منوبة,2,agree,عبد الرحيم الزواري,عبد الرحيم بن ابراهيم بن عمار الزواري,107,0.1,agree,109134
r1,منوبة,3,agree,كلثوم كنو,كلثوم بنت المبروك بن أحمد كنو,515,0.47,agree,109134
r1,منوبة,4,agree,كمال مرجان,كمال بن القنطاوي بن المعراجي مرجان,871,0.8,agree,109134
r1,منوبة,5,agree,سالم شائبي,سالم بن عمار الشائبي,148,0.14,agree,109134
r1,منوبة,6,agree,عبد الرزاق كيلاني,عبد الرزاق بن علي كيلاني,281,0.26,agree,109134
r1,منوبة,7,agree,محمد الباجي قايد السبسي,محمد الباجي بن حسونة قايد السبسي,43083,39.48,agree,109134
r1,منوبة,8,agree,سليم الرياحي,سليم بن محمد بن المختار الرياحي,12034,11.03,agree,109134
r1,منوبة,9,agree,عبد القادر لباوي,عبد القادر بن ابراهيم بن مصطفى اللباوي,120,0.11,agree,109134
r1,منوبة,10,agree,مصطفى كامل النابلي,مصطفى كامل بن الحاج علي النابلي,243,0.22,agree,109134
r1,منوبة,11,agree,أحمد الصافي سعيد,أحمد الصافي بن ابراهيم سعيد,830,0.76,agree,109134
r1,منوبة,12,agree,ياسين الشنوفي,يسين بن المولدي بن خليفة الشنوفي,98,0.09,agree,109134
r1,منوبة,13,agree,أحمد نجيب الشابي,أحمد نجيب بن عبد العزيز الشابي,1187,1.09,agree,109134
r1,منوبة,14,agree,حمودة بن سلامة,حمودة بن محمد بن حمودة بن سلامة,194,0.18,agree,109134
r1,منوبة,15,agree,علي شورابي,علي المولدي بن محمد شورابي,146,0.13,agree,109134
r1,منوبة,16,agree,محمد الفريخة,محمد بن حسن بن محمد الفريخة,500,0.46,agree,109134
r1,منوبة,17,agree,محمد الحامدي,محمد بن المبروك بن محمد الحامدي,135,0.12,agree,109134
r1,منوبة,18,agree,المختار الماجري,المختار بن محمد الصالح الماجري,161,0.15,agree,109134
r1,منوبة,19,agree,عبد الرؤوف العيادي,عبد الرؤوف بن الصادق العيادي,101,0.09,agree,109134
r1,منوبة,20,agree,محرز بوصيان,محرز بن الطيب بن التليلي بوصيان,154,0.14,agree,109134
r1,منوبة,21,agree,مصطفى بن جعفر,مصطفى بن محمد بن رشيد بن جعفر,789,0.72,agree,109134
r1,منوبة,22,agree,نور الدين حشاد,نور الدين بن فرحات بن محمد حشاد,79,0.07,agree,109134
r1,منوبة,23,agree,محمد المنذر الزنايدي,محمد المنذر بن عبد العزيز الزنايدي,653,0.6,agree,109134
r1,منوبة,24,agree,محمد المنصف المرزوقي,محمد المنصف بن محمد بن أحمد المرزوقي,35121,32.18,agree,109134
r1,منوبة,25,agree,سمير العبدلي,سمير بن عز الدين بن ابراهيم العبدلي,197,0.18,agree,109134
r1,منوبة,26,agree,محمد الهاشمي حامدي,محمد الهاشمي بن يوسف حامدي,3097,2.84,agree,109134
r1,منوبة,27,agree,حمة الهمامي,حمة بن علي بن بوساحة الهمامي,8058,7.38,agree,109134
r1,بن عروس,1,agree,العربي نصرة,العربي بن الحبيب بن علي نصرة,288,0.14,agree,211357
r1,بن عروس,2,agree,عبد الرحيم الزواري,عبد الرحيم بن ابراهيم بن عمار الزواري,146,0.07,agree,211357
r1,بن عروس,3,agree,كلثوم كنو,كلثوم بنت المبروك بن أحمد كنو,1404,0.66,agree,211357
r1,بن عروس,4,agree,كمال مرجان,كمال بن القنطاوي بن المعراجي مرجان,1979,0.94,agree,211357
r1,بن عروس,5,agree,سالم شائبي,سالم بن عمار الشائبي,205,0.1,agree,211357
r1,بن عروس,6,agree,عبد الرزاق كيلاني,عبد الرزاق بن علي كيلاني,333,0.16,agree,211357
r1,بن عروس,7,agree,محمد الباجي قايد السبسي,محمد الباجي بن حسونة قايد السبسي,84593,40.02,agree,211357
r1,بن عروس,8,agree,سليم الرياحي,سليم بن محمد بن المختار الرياحي,19335,9.15,agree,211357
r1,بن عروس,9,agree,عبد القادر لباوي,عبد القادر بن ابراهيم بن مصطفى اللباوي,199,0.09,agree,211357
r1,بن عروس,10,agree,مصطفى كامل النابلي,مصطفى كامل بن الحاج علي النابلي,336,0.16,agree,211357
r1,بن عروس,11,agree,أحمد الصافي سعيد,أحمد الصافي بن ابراهيم سعيد,1449,0.69,agree,211357
r1,بن عروس,12,agree,ياسين الشنوفي,يسين بن المولدي بن خليفة الشنوفي,121,0.06,agree,211357
r1,بن عروس,13,agree,أحمد نجيب الشابي,أحمد نجيب بن عبد العزيز الشابي,2410,1.14,agree,211357
r1,بن عروس,14,agree,حمودة بن سلامة,حمودة بن محمد بن حمودة بن سلامة,438,0.21,agree,211357
r1,بن عروس,15,agree,علي شورابي,علي المولدي بن محمد شورابي,179,0.08,agree,211357
r1,بن عروس,16,agree,محمد الفريخة,محمد بن حسن بن محمد الفريخة,976,0.46,agree,211357
r1,بن عروس,17,agree,محمد الحامدي,محمد بن المبروك بن محمد الحامدي,181,0.09,agree,211357
r1,بن عروس,18,agree,المختار الماجري,المختار بن محمد الصالح الماجري,176,0.08,agree,211357
r1,بن عروس,19,agree,عبد الرؤوف العيادي,عبد الرؤوف بن الصادق العيادي,151,0.07,agree,211357
r1,بن عروس,20,agree,محرز بوصيان,محرز بن الطيب بن التليلي بوصيان,261,0.12,agree,211357
r1,بن عروس,21,agree,مصطفى بن جعفر,مصطفى بن محمد بن رشيد بن جعفر,1085,0.51,agree,211357
r1,بن عروس,22,agree,نور الدين حشاد,نور الدين بن فرحات بن محمد حشاد,97,0.05,agree,211357
r1,بن عروس,23,agree,محمد المنذر الزنايدي,محمد المنذر بن عبد العزيز الزنايدي,1843,0.87,agree,211357
r1,بن عروس,24,agree,محمد المنصف المرزوقي,محمد المنصف بن محمد بن أحمد المرزوقي,67753,32.06,agree,211357
r1,بن عروس,25,agree,سمير العبدلي,سمير بن عز الدين بن ابراهيم العبدلي,308,0.15,agree,211357
r1,بن عروس,26,agree,محمد الهاشمي حامدي,محمد الهاشمي بن يوسف حامدي,5111,2.42,agree,211357
r1,بن عروس,27,agree,حمة الهمامي,حمة بن علي بن بوساحة الهمامي,20000,9.46,agree,211357
r1,بنزرت,1,agree,العربي نصرة,العربي بن الحبيب بن علي نصرة,487,0.32,agree,150485
r1,بنزرت,2,agree,عبد الرحيم الزواري,عبد الرحيم بن ابراهيم بن عمار الزواري,172,0.11,agree,150485
r1,بنزرت,3,agree,كلثوم كنو,كلثوم بنت المبروك بن أحمد كنو,1072,0.71,agree,150485
r1,بنزرت,4,agree,كمال مرجان,كمال بن القنطاوي بن المعراجي مرجان,1211,0.8,agree,150485
r1,بنزرت,5,agree,سالم شائبي,سالم بن عمار الشائبي,239,0.16,agree,150485
r1,بنزرت,6,agree,عبد الرزاق كيلاني,عبد الرزاق بن علي كيلاني,449,0.3,agree,150485
r1,بنزرت,7,agree,محمد الباجي قايد السبسي,محمد الباجي بن حسونة قايد السبسي,63688,42.32,agree,150485
r1,بنزرت,8,agree,سليم الرياحي,سليم بن محمد بن المختار الرياحي,11747,7.81,agree,150485
r1,بنزرت,9,agree,عبد القادر لباوي,عبد القادر بن ابراهيم بن مصطفى اللباوي,353,0.23,agree,150485
r1,بنزرت,10,agree,مصطفى كامل النابلي,مصطفى كامل بن الحاج علي النابلي,345,0.23,agree,150485
r1,بنزرت,11,agree,أحمد الصافي سعيد,أحمد الصافي بن ابراهيم سعيد,1240,0.82,agree,150485
r1,بنزرت,12,agree,ياسين الشنوفي,يسين بن المولدي بن خليفة الشنوفي,158,0.1,agree,150485
r1,بنزرت,13,agree,أحمد نجيب الشابي,أحمد نجيب بن عبد العزيز الشابي,1888,1.25,agree,150485
r1,بنزرت,14,agree,حمودة بن سلامة,حمودة بن محمد بن حمودة بن سلامة,280,0.19,agree,150485
r1,بنزرت,15,agree,علي شورابي,علي المولدي بن محمد شورابي,207,0.14,agree,150485
r1,بنزرت,16,agree,محمد الفريخة,محمد بن حسن بن محمد الفريخة,654,0.43,agree,150485
r1,بنزرت,17,agree,محمد الحامدي,محمد بن المبروك بن محمد الحامدي,276,0.18,agree,150485
r1,بنزرت,18,agree,المختار الماجري,المختار بن محمد الصالح الماجري,212,0.14,agree,150485
r1,بنزرت,19,agree,عبد الرؤوف العيادي,عبد الرؤوف بن الصادق العيادي,190,0.13,agree,150485
r1,بنزرت,20,agree,محرز بوصيان,محرز بن الطيب بن التليلي بوصيان,230,0.15,agree,150485
r1,بنزرت,21,agree,مصطفى بن جعفر,مصطفى بن محمد بن رشيد بن جعفر,1382,0.92,agree,150485
r1,بنزرت,22,agree,نور الدين حشاد,نور الدين بن فرحات بن محمد حشاد,108,0.07,agree,150485
r1,بنزرت,23,agree,محمد المنذر الزنايدي,محمد المنذر بن عبد العزيز الزنايدي,548,0.36,agree,150485
r1,بنزرت,24,agree,محمد المنصف المرزوقي,محمد المنصف بن محمد بن أحمد المرزوقي,48357,32.13,agree,150485
r1,بنزرت,25,agree,سمير العبدلي,سمير بن عز الدين بن ابراهيم العبدلي,333,0.22,agree,150485
r1,بنزرت,26,agree,محمد الهاشمي حامدي,محمد الهاشمي بن يوسف حامدي,4713,3.13,agree,150485
r1,بنزرت,27,agree,حمة الهمامي,حمة بن علي بن بوساحة الهمامي,9946,6.61,agree,150485
r1,نابل 1,1,agree,العربي نصرة,العربي بن الحبيب بن علي نصرة,332,0.24,agree,139772
r1,نابل 1,2,agree,عبد الرحيم الزواري,عبد الرحيم بن ابراهيم بن عمار الزواري,115,0.08,agree,139772
r1,نابل 1,3,agree,كلثوم كنو,كلثوم بنت المبروك بن أحمد كنو,867,0.62,agree,139772
r1,نابل 1,4,agree,كمال مرجان,كمال بن القنطاوي بن المعراجي مرجان,1258,0.9,agree,139772
r1,نابل 1,5,agree,سالم شائبي,سالم بن عمار الشائبي,168,0.12,agree,139772
r1,نابل 1,6,agree,عبد الرزاق كيلاني,عبد الرزاق بن علي كيلاني,365,0.26,agree,139772
r1,نابل 1,7,agree,محمد الباجي قايد السبسي,محمد الباجي بن حسونة قايد السبسي,71581,51.21,agree,139772
r1,نابل 1,8,agree,سليم الرياحي,سليم بن محمد بن المختار الرياحي,11779,8.43,agree,139772
r1,نابل 1,9,agree,عبد القادر لباوي,عبد القادر بن ابراهيم بن مصطفى اللباوي,179,0.13,agree,139772
r1,نابل 1,10,agree,مصطفى كامل النابلي,مصطفى كامل بن الحاج علي النابلي,433,0.31,agree,139772
r1,نابل 1,11,agree,أحمد الصافي سعيد,أحمد الصافي بن ابراهيم سعيد,1151,0.82,agree,139772
r1,نابل 1,12,agree,ياسين الشنوفي,يسين بن المولدي بن خليفة الشنوفي,161,0.12,agree,139772
r1,نابل 1,13,agree,أحمد نجيب الشابي,أحمد نجيب بن عبد العزيز الشابي,1950,1.4,agree,139772
r1,نابل 1,14,agree,حمودة بن سلامة,حمودة بن محمد بن حمودة بن سلامة,351,0.25,agree,139772
r1,نابل 1,15,agree,علي شورابي,علي المولدي بن محمد شورابي,143,0.1,agree,139772
r1,نابل 1,16,agree,محمد الفريخة,محمد بن حسن بن محمد الفريخة,702,0.5,agree,139772
r1,نابل 1,17,agree,محمد الحامدي,محمد بن المبروك بن محمد الحامدي,205,0.15,agree,139772
r1,نابل 1,18,agree,المختار الماجري,المختار بن محمد الصالح الماجري,190,0.14,agree,139772
r1,نابل 1,19,agree,عبد الرؤوف العيادي,عبد الرؤوف بن الصادق العيادي,133,0.1,agree,139772
r1,نابل 1,20,agree,محرز بوصيان,محرز بن الطيب بن التليلي بوصيان,271,0.19,agree,139772
r1,نابل 1,21,agree,مصطفى بن جعفر,مصطفى بن محمد بن رشيد بن جعفر,1179,0.84,agree,139772
r1,نابل 1,22,agree,نور الدين حشاد,نور الدين بن فرحات بن محمد حشاد,82,0.06,agree,139772
r1,نابل 1,23,agree,محمد المنذر الزنايدي,محمد المنذر بن عبد العزيز الزنايدي,540,0.39,agree,139772
r1,نابل 1,24,agree,محمد المنصف المرزوقي,محمد المنصف بن محمد بن أحمد المرزوقي,28394,20.31,agree,139772
r1,نابل 1,25,agree,سمير العبدلي,سمير بن عز الدين بن ابراهيم العبدلي,205,0.15,agree,139772
r1,نابل 1,26,agree,محمد الهاشمي حامدي,محمد الهاشمي بن يوسف حامدي,4391,3.14,agree,139772
r1,نابل 1,27,agree,حمة الهمامي,حمة بن علي بن بوساحة الهمامي,12647,9.05,agree,139772
r1,نابل 2,1,agree,العربي نصرة,العربي بن الحبيب بن علي نصرة,243,0.22,agree,110937
r1,نابل 2,2,agree,عبد الرحيم الزواري,عبد الرحيم بن ابراهيم بن عمار الزواري,97,0.09,agree,110937
r1,نابل 2,3,agree,كلثوم كنو,كلثوم بنت المبروك بن أحمد كنو,571,0.51,agree,110937
r1,نابل 2,4,agree,كمال مرجان,كمال بن القنطاوي بن المعراجي مرجان,864,0.78,agree,110937
r1,نابل 2,5,agree,سالم شائبي,سالم بن عمار الشائبي,151,0.14,agree,110937
r1,نابل 2,6,agree,عبد الرزاق كيلاني,عبد الرزاق بن علي كيلاني,230,0.21,agree,110937
r1,نابل 2,7,agree,محمد الباجي قايد السبسي,محمد الباجي بن حسونة قايد السبسي,58368,52.61,agree,110937
r1,نابل 2,8,agree,سليم الرياحي,سليم بن محمد بن المختار الرياحي,9190,8.28,agree,110937
r1,نابل 2,9,agree,عبد القادر لباوي,عبد القادر بن ابراهيم بن مصطفى اللباوي,146,0.13,agree,110937
r1,نابل 2,10,agree,مصطفى كامل النابلي,مصطفى كامل بن الحاج علي النابلي,274,0.25,agree,110937
r1,نابل 2,11,agree,أحمد الصافي سعيد,أحمد الصافي بن ابراهيم سعيد,768,0.69,agree,110937
r1,نابل 2,12,agree,ياسين الشنوفي,يسين بن المولدي بن خليفة الشنوفي,113,0.1,agree,110937
r1,نابل 2,13,agree,أحمد نجيب الشابي,أحمد نجيب بن عبد العزيز الشابي,1252,1.13,agree,110937
r1,نابل 2,14,agree,حمودة بن سلامة,حمودة بن محمد بن حمودة بن سلامة,170,0.15,agree,110937
r1,نابل 2,15,agree,علي شورابي,علي المولدي بن محمد شورابي,151,0.14,agree,110937
r1,نابل 2,16,agree,محمد الفريخة,محمد بن حسن بن محمد الفريخة,429,0.39,agree,110937
r1,نابل 2,17,agree,محمد الحامدي,محمد بن المبروك بن محمد الحامدي,125,0.11,agree,110937
r1,نابل 2,18,agree,المختار الماجري,المختار بن محمد الصالح الماجري,162,0.15,agree,110937
r1,نابل 2,19,agree,عبد الرؤوف العيادي,عبد الرؤوف بن الصادق العيادي,126,0.11,agree,110937
r1,نابل 2,20,agree,محرز بوصيان,محرز بن الطيب بن التليلي بوصيان,226,0.2,agree,110937
r1,نابل 2,21,agree,مصطفى بن جعفر,مصطفى بن محمد بن رشيد بن جعفر,911,0.82,agree,110937
r1,نابل 2,22,agree,نور الدين حشاد,نور الدين بن فرحات بن محمد حشاد,62,0.06,agree,110937
r1,نابل 2,23,agree,محمد المنذر الزنايدي,محمد المنذر بن عبد العزيز الزنايدي,491,0.44,agree,110937
r1,نابل 2,24,agree,محمد المنصف المرزوقي,محمد المنصف بن محمد بن أحمد المرزوقي,22842,20.59,agree,110937
r1,نابل 2,25,agree,سمير العبدلي,سمير بن عز الدين بن ابراهيم العبدلي,178,0.16,agree,110937
r1,نابل 2,26,agree,محمد الهاشمي حامدي,محمد الهاشمي بن يوسف حامدي,3502,3.16,agree,110937
r1,نابل 2,27,agree,حمة الهمامي,حمة بن علي بن بوساحة الهمامي,9295,8.38,agree,110937
r1,زغوان,1,agree,العربي نصرة,العربي بن الحبيب بن علي نصرة,205,0.44,agree,47053
r1,زغوان,2,agree,عبد الرحيم الزواري,عبد الرحيم بن ابراهيم بن عمار الزواري,64,0.14,agree,47053
r1,زغوان,3,agree,كلثوم كنو,كلثوم بنت المبروك بن أحمد كنو,194,0.41,agree,47053
r1,زغوان,4,agree,كمال مرجان,كمال بن القنطاوي بن المعراجي مرجان,547,1.16,agree,47053
r1,زغوان,5,agree,سالم شائبي,سالم بن عمار الشائبي,159,0.34,agree,47053
r1,زغوان,6,agree,عبد الرزاق كيلاني,عبد الرزاق بن علي كيلاني,178,0.38,agree,47053
r1,زغوان,7,agree,محمد الباجي قايد السبسي,محمد الباجي بن حسونة قايد السبسي,20473,43.51,agree,47053
r1,زغوان,8,agree,سليم الرياحي,سليم بن محمد بن المختار الرياحي,3957,8.41,agree,47053
r1,زغوان,9,agree,عبد القادر لباوي,عبد القادر بن ابراهيم بن مصطفى اللباوي,124,0.26,agree,47053
r1,زغوان,10,agree,مصطفى كامل النابلي,مصطفى كامل بن الحاج علي النابلي,130,0.28,agree,47053
r1,زغوان,11,agree,أحمد الصافي سعيد,أحمد الصافي بن ابراهيم سعيد,413,0.88,agree,47053
r1,زغوان,12,agree,ياسين الشنوفي,يسين بن المولدي بن خليفة الشنوفي,83,0.18,agree,47053
r1,زغوان,13,agree,أحمد نجيب الشابي,أحمد نجيب بن عبد العزيز الشابي,488,1.04,agree,47053
r1,زغوان,14,agree,حمودة بن سلامة,حمودة بن محمد بن حمودة بن سلامة,106,0.23,agree,47053
r1,زغوان,15,agree,علي شورابي,علي المولدي بن محمد شورابي,103,0.22,agree,47053
r1,زغوان,16,agree,محمد الفريخة,محمد بن حسن بن محمد الفريخة,192,0.41,agree,47053
r1,زغوان,17,agree,محمد الحامدي,محمد بن المبروك بن محمد الحامدي,114,0.24,agree,47053
r1,زغوان,18,agree,المختار الماجري,المختار بن محمد الصالح الماجري,91,0.19,agree,47053
r1,زغوان,19,agree,عبد الرؤوف العيادي,عبد الرؤوف بن الصادق العيادي,78,0.17,agree,47053
r1,زغوان,20,agree,محرز بوصيان,محرز بن الطيب بن التليلي بوصيان,92,0.2,agree,47053
r1,زغوان,21,agree,مصطفى بن جعفر,مصطفى بن محمد بن رشيد بن جعفر,551,1.17,agree,47053
r1,زغوان,22,agree,نور الدين حشاد,نور الدين بن فرحات بن محمد حشاد,56,0.12,agree,47053
r1,زغوان,23,agree,محمد المنذر الزنايدي,محمد المنذر بن عبد العزيز الزنايدي,198,0.42,agree,47053
r1,زغوان,24,agree,محمد المنصف المرزوقي,محمد المنصف بن محمد بن أحمد المرزوقي,12547,26.67,agree,47053
r1,زغوان,25,agree,سمير العبدلي,سمير بن عز الدين بن ابراهيم العبدلي,110,0.23,agree,47053
r1,زغوان,26,agree,محمد الهاشمي حامدي,محمد الهاشمي بن يوسف حامدي,2762,5.87,agree,47053
r1,زغوان,27,agree,حمة الهمامي,حمة بن علي بن بوساحة الهمامي,3038,6.46,agree,47053
r1,باجة,1,agree,العربي نصرة,العربي بن الحبيب بن علي نصرة,284,0.37,agree,76293
r1,باجة,2,agree,عبد الرحيم الزواري,عبد الرحيم بن ابراهيم بن عمار الزواري,102,0.13,agree,76293
r1,باجة,3,agree,كلثوم كنو,كلثوم بنت المبروك بن أحمد كنو,337,0.44,agree,76293
r1,باجة,4,agree,كمال مرجان,كمال بن القنطاوي بن المعراجي مرجان,529,0.69,agree,76293
r1,باجة,5,agree,سالم شائبي,سالم بن عمار الشائبي,177,0.23,agree,76293
r1,باجة,6,agree,عبد الرزاق كيلاني,عبد الرزاق بن علي كيلاني,293,0.38,agree,76293
r1,باجة,7,agree,محمد الباجي قايد السبسي,محمد الباجي بن حسونة قايد السبسي,38333,50.24,agree,76293
r1,باجة,8,agree,سليم الرياحي,سليم بن محمد بن المختار الرياحي,5954,7.8,agree,76293
r1,باجة,9,agree,عبد القادر لباوي,عبد القادر بن ابراهيم بن مصطفى اللباوي,176,0.23,agree,76293
r1,باجة,10,agree,مصطفى كامل النابلي,مصطفى كامل بن الحاج علي النابلي,187,0.25,agree,76293
r1,باجة,11,agree,أحمد الصافي سعيد,أحمد الصافي بن ابراهيم سعيد,626,0.82,agree,76293
r1,باجة,12,agree,ياسين الشنوفي,يسين بن المولدي بن خليفة الشنوفي,127,0.17,agree,76293
r1,باجة,13,agree,أحمد نجيب الشابي,أحمد نجيب بن عبد العزيز الشابي,818,1.07,agree,76293
r1,باجة,14,agree,حمودة بن سلامة,حمودة بن محمد بن حمودة بن سلامة,158,0.21,agree,76293
r1,باجة,15,agree,علي شورابي,علي المولدي بن محمد شورابي,141,0.18,agree,76293
r1,باجة,16,agree,محمد الفريخة,محمد بن حسن بن محمد الفريخة,353,0.46,agree,76293
r1,باجة,17,agree,محمد الحامدي,محمد بن المبروك بن محمد الحامدي,153,0.2,agree,76293
r1,باجة,18,agree,المختار الماجري,المختار بن محمد الصالح الماجري,222,0.29,agree,76293
r1,باجة,19,agree,عبد الرؤوف العيادي,عبد الرؤوف بن الصادق العيادي,117,0.15,agree,76293
r1,باجة,20,agree,محرز بوصيان,محرز بن الطيب بن التليلي بوصيان,100,0.13,agree,76293
r1,باجة,21,agree,مصطفى بن جعفر,مصطفى بن محمد بن رشيد بن جعفر,746,0.98,agree,76293
r1,باجة,22,agree,نور الدين حشاد,نور الدين بن فرحات بن محمد حشاد,80,0.1,agree,76293
r1,باجة,23,agree,محمد المنذر الزنايدي,محمد المنذر بن عبد العزيز الزنايدي,203,0.27,agree,76293
r1,باجة,24,agree,محمد المنصف المرزوقي,محمد المنصف بن محمد بن أحمد المرزوقي,16839,22.07,agree,76293
r1,باجة,25,agree,سمير العبدلي,سمير بن عز الدين بن ابراهيم العبدلي,175,0.23,agree,76293
r1,باجة,26,agree,محمد الهاشمي حامدي,محمد الهاشمي بن يوسف حامدي,2064,2.71,agree,76293
r1,باجة,27,agree,حمة الهمامي,حمة بن علي بن بوساحة الهمامي,6999,9.17,agree,76293
r1,الكاف,1,agree,العربي نصرة,العربي بن الحبيب بن علي نصرة,226,0.33,agree,68615
r1,الكاف,2,agree,عبد الرحيم الزواري,عبد الرحيم بن ابراهيم بن عمار الزواري,130,0.19,agree,68615
r1,الكاف,3,agree,كلثوم كنو,كلثوم بنت المبروك بن أحمد كنو,318,0.46,agree,68615
r1,الكاف,4,agree,كمال مرجان,كمال بن القنطاوي بن المعراجي مرجان,409,0.6,agree,68615
r1,الكاف,5,agree,سالم شائبي,سالم بن عمار الشائبي,159,0.23,agree,68615
r1,الكاف,6,agree,عبد الرزاق كيلاني,عبد الرزاق بن علي كيلاني,210,0.31,agree,68615
r1,الكاف,7,agree,محمد الباجي قايد السبسي,محمد الباجي بن حسونة قايد السبسي,36328,52.94,agree,68615
r1,الكاف,8,agree,سليم الرياحي,سليم بن محمد بن المختار الرياحي,3288,4.79,agree,68615
r1,الكاف,9,agree,عبد القادر لباوي,عبد القادر بن ابراهيم بن مصطفى اللباوي,152,0.22,agree,68615
r1,الكاف,10,agree,مصطفى كامل النابلي,مصطفى كامل بن الحاج علي النابلي,210,0.31,agree,68615
r1,الكاف,11,agree,أحمد الصافي سعيد,أحمد الصافي بن ابراهيم سعيد,606,0.88,agree,68615
r1,الكاف,12,agree,ياسين الشنوفي,يسين بن المولدي بن خليفة الشنوفي,191,0.28,agree,68615
r1,الكاف,13,agree,أحمد نجيب الشابي,أحمد نجيب بن عبد العزيز الشابي,788,1.15,agree,68615
r1,الكاف,14,agree,حمودة بن سلامة,حمودة بن محمد بن حمودة بن سلامة,193,0.28,agree,68615
r1,الكاف,15,agree,علي شورابي,علي المولدي بن محمد شورابي,127,0.19,agree,68615
r1,الكاف,16,agree,محمد الفريخة,محمد بن حسن بن محمد الفريخة,266,0.39,agree,68615
r1,الكاف,17,agree,محمد الحامدي,محمد بن المبروك بن محمد الحامدي,177,0.26,agree,68615
r1,الكاف,18,agree,المختار الماجري,المختار بن محمد الصالح الماجري,171,0.25,agree,68615
r1,الكاف,19,agree,عبد الرؤوف العيادي,عبد الرؤوف بن الصادق العيادي,138,0.2,agree,68615
r1,الكاف,20,agree,محرز بوصيان,محرز بن الطيب بن التليلي بوصيان,127,0.19,agree,68615
r1,الكاف,21,agree,مصطفى بن جعفر,مصطفى بن محمد بن رشيد بن جعفر,740,1.08,agree,68615
r1,الكاف,22,agree,نور الدين حشاد,نور الدين بن فرحات بن محمد حشاد,67,0.1,agree,68615
r1,الكاف,23,agree,محمد المنذر الزنايدي,محمد المنذر بن عبد العزيز الزنايدي,349,0.51,agree,68615
r1,الكاف,24,agree,محمد المنصف المرزوقي,محمد المنصف بن محمد بن أحمد المرزوقي,12612,18.38,agree,68615
r1,الكاف,25,agree,سمير العبدلي,سمير بن عز الدين بن ابراهيم العبدلي,119,0.17,agree,68615
r1,الكاف,26,agree,محمد الهاشمي حامدي,محمد الهاشمي بن يوسف حامدي,2232,3.25,agree,68615
r1,الكاف,27,agree,حمة الهمامي,حمة بن علي بن بوساحة الهمامي,8282,12.07,agree,68615
r1,سليانة,1,agree,العربي نصرة,العربي بن الحبيب بن علي نصرة,155,0.29,agree,53497
r1,سليانة,2,agree,عبد الرحيم الزواري,عبد الرحيم بن ابراهيم بن عمار الزواري,98,0.18,agree,53497
r1,سليانة,3,agree,كلثوم كنو,كلثوم بنت المبروك بن أحمد كنو,126,0.24,agree,53497
r1,سليانة,4,agree,كمال مرجان,كمال بن القنطاوي بن المعراجي مرجان,293,0.55,agree,53497
r1,سليانة,5,agree,سالم شائبي,سالم بن عمار الشائبي,113,0.21,agree,53497
r1,سليانة,6,agree,عبد الرزاق كيلاني,عبد الرزاق بن علي كيلاني,181,0.34,agree,53497
r1,سليانة,7,agree,محمد الباجي قايد السبسي,محمد الباجي بن حسونة قايد السبسي,17706,33.1,agree,53497
r1,سليانة,8,agree,سليم الرياحي,سليم بن محمد بن المختار الرياحي,3147,5.88,agree,53497
r1,سليانة,9,agree,عبد القادر لباوي,عبد القادر بن ابراهيم بن مصطفى اللباوي,202,0.38,agree,53497
r1,سليانة,10,agree,مصطفى كامل النابلي,مصطفى كامل بن الحاج علي النابلي,128,0.24,agree,53497
r1,سليانة,11,agree,أحمد الصافي سعيد,أحمد الصافي بن ابراهيم سعيد,390,0.73,agree,53497
r1,سليانة,12,agree,ياسين الشنوفي,يسين بن المولدي بن خليفة الشنوفي,98,0.18,agree,53497
r1,سليانة,13,agree,أحمد نجيب الشابي,أحمد نجيب بن عبد العزيز الشابي,461,0.86,agree,53497
r1,سليانة,14,agree,حمودة بن سلامة,حمودة بن محمد بن حمودة بن سلامة,257,0.48,agree,53497
r1,سليانة,15,agree,علي شورابي,علي المولدي بن محمد شورابي,89,0.17,agree,53497
r1,سليانة,16,agree,محمد الفريخة,محمد بن حسن بن محمد الفريخة,199,0.37,agree,53497
r1,سليانة,17,agree,محمد الحامدي,محمد بن المبروك بن محمد الحامدي,139,0.26,agree,53497
r1,سليانة,18,agree,المختار الماجري,المختار بن محمد الصالح الماجري,206,0.39,agree,53497
r1,سليانة,19,agree,عبد الرؤوف العيادي,عبد الرؤوف بن الصادق العيادي,104,0.19,agree,53497
r1,سليانة,20,agree,محرز بوصيان,محرز بن الطيب بن التليلي بوصيان,99,0.19,agree,53497
r1,سليانة,21,agree,مصطفى بن جعفر,مصطفى بن محمد بن رشيد بن جعفر,399,0.75,agree,53497
r1,سليانة,22,agree,نور الدين حشاد,نور الدين بن فرحات بن محمد حشاد,53,0.1,agree,53497
r1,سليانة,23,agree,محمد المنذر الزنايدي,محمد المنذر بن عبد العزيز الزنايدي,229,0.43,agree,53497
r1,سليانة,24,agree,محمد المنصف المرزوقي,محمد المنصف بن محمد بن أحمد المرزوقي,8654,16.18,agree,53497
r1,سليانة,25,agree,سمير العبدلي,سمير بن عز الدين بن ابراهيم العبدلي,101,0.19,agree,53497
r1,سليانة,26,agree,محمد الهاشمي حامدي,محمد الهاشمي بن يوسف حامدي,1533,2.87,agree,53497
r1,سليانة,27,agree,حمة الهمامي,حمة بن علي بن بوساحة الهمامي,18337,34.28,agree,53497
r1,جندوبة,1,agree,العربي نصرة,العربي بن الحبيب بن علي نصرة,451,0.5,agree,90594
r1,جندوبة,2,agree,عبد الرحيم الزواري,عبد الرحيم بن ابراهيم بن عمار الزواري,227,0.25,agree,90594
r1,جندوبة,3,agree,كلثوم كنو,كلثوم بنت المبروك بن أحمد كنو,484,0.53,agree,90594
r1,جندوبة,4,agree,كمال مرجان,كمال بن القنطاوي بن المعراجي مرجان,625,0.69,agree,90594
r1,جندوبة,5,agree,سالم شائبي,سالم بن عمار الشائبي,286,0.32,agree,90594
r1,جندوبة,6,agree,عبد الرزاق كيلاني,عبد الرزاق بن علي كيلاني,364,0.4,agree,90594
r1,جندوبة,7,agree,محمد الباجي قايد السبسي,محمد الباجي بن حسونة قايد السبسي,44423,49.04,agree,90594
r1,جندوبة,8,agree,سليم الرياحي,سليم بن محمد بن المختار الرياحي,7405,8.17,agree,90594
r1,جندوبة,9,agree,عبد القادر لباوي,عبد القادر بن ابراهيم بن مصطفى اللباوي,278,0.31,agree,90594
r1,جندوبة,10,agree,مصطفى كامل النابلي,مصطفى كامل بن الحاج علي النابلي,350,0.39,agree,90594
r1,جندوبة,11,agree,أحمد الصافي سعيد,أحمد الصافي بن ابراهيم سعيد,922,1.02,agree,90594
r1,جندوبة,12,agree,ياسين الشنوفي,يسين بن المولدي بن خليفة الشنوفي,192,0.21,agree,90594
r1,جندوبة,13,agree,أحمد نجيب الشابي,أحمد نجيب بن عبد العزيز الشابي,1147,1.27,agree,90594
r1,جندوبة,14,agree,حمودة بن سلامة,حمودة بن محمد بن حمودة بن سلامة,245,0.27,agree,90594
r1,جندوبة,15,agree,علي شورابي,علي المولدي بن محمد شورابي,196,0.22,agree,90594
r1,جندوبة,16,agree,محمد الفريخة,محمد بن حسن بن محمد الفريخة,493,0.54,agree,90594
r1,جندوبة,17,agree,محمد الحامدي,محمد بن المبروك بن محمد الحامدي,239,0.26,agree,90594
r1,جندوبة,18,agree,المختار الماجري,المختار بن محمد الصالح الماجري,295,0.33,agree,90594
r1,جندوبة,19,agree,عبد الرؤوف العيادي,عبد الرؤوف بن الصادق العيادي,228,0.25,agree,90594
r1,جندوبة,20,agree,محرز بوصيان,محرز بن الطيب بن التليلي بوصيان,171,0.19,agree,90594
r1,جندوبة,21,agree,مصطفى بن جعفر,مصطفى بن محمد بن رشيد بن جعفر,1232,1.36,agree,90594
r1,جندوبة,22,agree,نور الدين حشاد,نور الدين بن فرحات بن محمد حشاد,122,0.13,agree,90594
r1,جندوبة,23,agree,محمد المنذر الزنايدي,محمد المنذر بن عبد العزيز الزنايدي,291,0.32,agree,90594
r1,جندوبة,24,agree,محمد المنصف المرزوقي,محمد المنصف بن محمد بن أحمد المرزوقي,19391,21.4,agree,90594
r1,جندوبة,25,agree,سمير العبدلي,سمير بن عز الدين بن ابراهيم العبدلي,212,0.23,agree,90594
r1,جندوبة,26,agree,محمد الهاشمي حامدي,محمد الهاشمي بن يوسف حامدي,3159,3.49,agree,90594
r1,جندوبة,27,agree,حمة الهمامي,حمة بن علي بن بوساحة الهمامي,7166,7.91,agree,90594
r1,القيروان,1,agree,العربي نصرة,العربي بن الحبيب بن علي نصرة,353,0.31,agree,115614
r1,القيروان,2,agree,عبد الرحيم الزواري,عبد الرحيم بن ابراهيم بن عمار الزواري,122,0.11,agree,115614
r1,القيروان,3,agree,كلثوم كنو,كلثوم بنت المبروك بن أحمد كنو,377,0.33,agree,115614
r1,القيروان,4,agree,كمال مرجان,كمال بن القنطاوي بن المعراجي مرجان,810,0.7,agree,115614
r1,القيروان,5,agree,سالم شائبي,سالم بن عمار الشائبي,950,0.82,agree,115614
r1,القيروان,6,agree,عبد الرزاق كيلاني,عبد الرزاق بن علي كيلاني,803,0.69,agree,115614
r1,القيروان,7,agree,محمد الباجي قايد السبسي,محمد الباجي بن حسونة قايد السبسي,34928,30.21,agree,115614
r1,القيروان,8,agree,سليم الرياحي,سليم بن محمد بن المختار الرياحي,4788,4.14,agree,115614
r1,القيروان,9,agree,عبد القادر لباوي,عبد القادر بن ابراهيم بن مصطفى اللباوي,339,0.29,agree,115614
r1,القيروان,10,agree,مصطفى كامل النابلي,مصطفى كامل بن الحاج علي النابلي,248,0.21,agree,115614
r1,القيروان,11,agree,أحمد الصافي سعيد,أحمد الصافي بن ابراهيم سعيد,941,0.81,agree,115614
r1,القيروان,12,agree,ياسين الشنوفي,يسين بن المولدي بن خليفة الشنوفي,172,0.15,agree,115614
r1,القيروان,13,agree,أحمد نجيب الشابي,أحمد نجيب بن عبد العزيز الشابي,1039,0.9,agree,115614
r1,القيروان,14,agree,حمودة بن سلامة,حمودة بن محمد بن حمودة بن سلامة,265,0.23,agree,115614
r1,القيروان,15,agree,علي شورابي,علي المولدي بن محمد شورابي,772,0.67,agree,115614
r1,القيروان,16,agree,محمد الفريخة,محمد بن حسن بن محمد الفريخة,397,0.34,agree,115614
r1,القيروان,17,agree,محمد الحامدي,محمد بن المبروك بن محمد الحامدي,397,0.34,agree,115614
r1,القيروان,18,agree,المختار الماجري,المختار بن محمد الصالح الماجري,215,0.19,agree,115614
r1,القيروان,19,agree,عبد الرؤوف العيادي,عبد الرؤوف بن الصادق العيادي,189,0.16,agree,115614
r1,القيروان,20,agree,محرز بوصيان,محرز بن الطيب بن التليلي بوصيان,1101,0.95,agree,115614
r1,القيروان,21,agree,مصطفى بن جعفر,مصطفى بن محمد بن رشيد بن جعفر,910,0.79,agree,115614
r1,القيروان,22,agree,نور الدين حشاد,نور الدين بن فرحات بن محمد حشاد,125,0.11,agree,115614
r1,القيروان,23,agree,محمد المنذر الزنايدي,محمد المنذر بن عبد العزيز الزنايدي,345,0.3,agree,115614
r1,القيروان,24,agree,محمد المنصف المرزوقي,محمد المنصف بن محمد بن أحمد المرزوقي,38745,33.51,agree,115614
r1,القيروان,25,agree,سمير العبدلي,سمير بن عز الدين بن ابراهيم العبدلي,243,0.21,agree,115614
r1,القيروان,26,agree,محمد الهاشمي حامدي,محمد الهاشمي بن يوسف حامدي,18038,15.6,agree,115614
r1,القيروان,27,agree,حمة الهمامي,حمة بن علي بن بوساحة الهمامي,8002,6.92,agree,115614
r1,سوسة,1,agree,العربي نصرة,العربي بن الحبيب بن علي نصرة,346,0.18,agree,196562
r1,سوسة,2,agree,عبد الرحيم الزواري,عبد الرحيم بن ابراهيم بن عمار الزواري,103,0.05,agree,196562
r1,سوسة,3,agree,كلثوم كنو,كلثوم بنت المبروك بن أحمد كنو,1144,0.58,agree,196562
r1,سوسة,4,agree,كمال مرجان,كمال بن القنطاوي بن المعراجي مرجان,12684,6.45,agree,196562
r1,سوسة,5,agree,سالم شائبي,سالم بن عمار الشائبي,162,0.08,agree,196562
r1,سوسة,6,agree,عبد الرزاق كيلاني,عبد الرزاق بن علي كيلاني,402,0.2,agree,196562
r1,سوسة,7,agree,محمد الباجي قايد السبسي,محمد الباجي بن حسونة قايد السبسي,99341,50.54,agree,196562
r1,سوسة,8,agree,سليم الرياحي,سليم بن محمد بن المختار الرياحي,4383,2.23,agree,196562
r1,سوسة,9,agree,عبد القادر لباوي,عبد القادر بن ابراهيم بن مصطفى اللباوي,186,0.09,agree,196562
r1,سوسة,10,agree,مصطفى كامل النابلي,مصطفى كامل بن الحاج علي النابلي,538,0.27,agree,196562
r1,سوسة,11,agree,أحمد الصافي سعيد,أحمد الصافي بن ابراهيم سعيد,1239,0.63,agree,196562
r1,سوسة,12,agree,ياسين الشنوفي,يسين بن المولدي بن خليفة الشنوفي,109,0.06,agree,196562
r1,سوسة,13,agree,أحمد نجيب الشابي,أحمد نجيب بن عبد العزيز الشابي,1692,0.86,agree,196562
r1,سوسة,14,agree,حمودة بن سلامة,حمودة بن محمد بن حمودة بن سلامة,210,0.11,agree,196562
r1,سوسة,15,agree,علي شورابي,علي المولدي بن محمد شورابي,350,0.18,agree,196562
r1,سوسة,16,agree,محمد الفريخة,محمد بن حسن بن محمد الفريخة,604,0.31,agree,196562
r1,سوسة,17,agree,محمد الحامدي,محمد بن المبروك بن محمد الحامدي,199,0.1,agree,196562
r1,سوسة,18,agree,المختار الماجري,المختار بن محمد الصالح الماجري,144,0.07,agree,196562
r1,سوسة,19,agree,عبد الرؤوف العيادي,عبد الرؤوف بن الصادق العيادي,124,0.06,agree,196562
r1,سوسة,20,agree,محرز بوصيان,محرز بن الطيب بن التليلي بوصيان,237,0.12,agree,196562
r1,سوسة,21,agree,مصطفى بن جعفر,مصطفى بن محمد بن رشيد بن جعفر,1054,0.54,agree,196562
r1,سوسة,22,agree,نور الدين حشاد,نور الدين بن فرحات بن محمد حشاد,88,0.04,agree,196562
r1,سوسة,23,agree,محمد المنذر الزنايدي,محمد المنذر بن عبد العزيز الزنايدي,967,0.49,agree,196562
r1,سوسة,24,agree,محمد المنصف المرزوقي,محمد المنصف بن محمد بن أحمد المرزوقي,50348,25.61,agree,196562
r1,سوسة,25,agree,سمير العبدلي,سمير بن عز الدين بن ابراهيم العبدلي,243,0.12,agree,196562
r1,سوسة,26,agree,محمد الهاشمي حامدي,محمد الهاشمي بن يوسف حامدي,8462,4.31,agree,196562
r1,سوسة,27,agree,حمة الهمامي,حمة بن علي بن بوساحة الهمامي,11203,5.7,agree,196562
r1,المنستير,1,agree,العربي نصرة,العربي بن الحبيب بن علي نصرة,205,0.12,agree,170621
r1,المنستير,2,agree,عبد الرحيم الزواري,عبد الرحيم بن ابراهيم بن عمار الزواري,79,0.05,agree,170621
r1,المنستير,3,agree,كلثوم كنو,كلثوم بنت المبروك بن أحمد كنو,978,0.57,agree,170621
r1,المنستير,4,agree,كمال مرجان,كمال بن القنطاوي بن المعراجي مرجان,7870,4.61,agree,170621
r1,المنستير,5,agree,سالم شائبي,سالم بن عمار الشائبي,125,0.07,agree,170621
r1,المنستير,6,agree,عبد الرزاق كيلاني,عبد الرزاق بن علي كيلاني,304,0.18,agree,170621
r1,المنستير,7,agree,محمد الباجي قايد السبسي,محمد الباجي بن حسونة قايد السبسي,101545,59.51,agree,170621
r1,المنستير,8,agree,سليم الرياحي,سليم بن محمد بن المختار الرياحي,3294,1.93,agree,170621
r1,المنستير,9,agree,عبد القادر لباوي,عبد القادر بن ابراهيم بن مصطفى اللباوي,117,0.07,agree,170621
r1,المنستير,10,agree,مصطفى كامل النابلي,مصطفى كامل بن الحاج علي النابلي,865,0.51,agree,170621
r1,المنستير,11,agree,أحمد الصافي سعيد,أحمد الصافي بن ابراهيم سعيد,979,0.57,agree,170621
r1,المنستير,12,agree,ياسين الشنوفي,يسين بن المولدي بن خليفة الشنوفي,114,0.07,agree,170621
r1,المنستير,13,agree,أحمد نجيب الشابي,أحمد نجيب بن عبد العزيز الشابي,1583,0.93,agree,170621
r1,المنستير,14,agree,حمودة بن سلامة,حمودة بن محمد بن حمودة بن سلامة,242,0.14,agree,170621
r1,المنستير,15,agree,علي شورابي,علي المولدي بن محمد شورابي,136,0.08,agree,170621
r1,المنستير,16,agree,محمد الفريخة,محمد بن حسن بن محمد الفريخة,543,0.32,agree,170621
r1,المنستير,17,agree,محمد الحامدي,محمد بن المبروك بن محمد الحامدي,123,0.07,agree,170621
r1,المنستير,18,agree,المختار الماجري,المختار بن محمد الصالح الماجري,133,0.08,agree,170621
r1,المنستير,19,agree,عبد الرؤوف العيادي,عبد الرؤوف بن الصادق العيادي,116,0.07,agree,170621
r1,المنستير,20,agree,محرز بوصيان,محرز بن الطيب بن التليلي بوصيان,156,0.09,agree,170621
r1,المنستير,21,agree,مصطفى بن جعفر,مصطفى بن محمد بن رشيد بن جعفر,1038,0.61,agree,170621
r1,المنستير,22,agree,نور الدين حشاد,نور الدين بن فرحات بن محمد حشاد,71,0.04,agree,170621
r1,المنستير,23,agree,محمد المنذر الزنايدي,محمد المنذر بن عبد العزيز الزنايدي,538,0.32,agree,170621
r1,المنستير,24,agree,محمد المنصف المرزوقي,محمد المنصف بن محمد بن أحمد المرزوقي,35489,20.8,agree,170621
r1,المنستير,25,agree,سمير العبدلي,سمير بن عز الدين بن ابراهيم العبدلي,192,0.11,agree,170621
r1,المنستير,26,agree,محمد الهاشمي حامدي,محمد الهاشمي بن يوسف حامدي,4864,2.85,agree,170621
r1,المنستير,27,agree,حمة الهمامي,حمة بن علي بن بوساحة الهمامي,8922,5.23,agree,170621
r1,المهدية,1,agree,العربي نصرة,العربي بن الحبيب بن علي نصرة,292,0.3,agree,98797
r1,المهدية,2,agree,عبد الرحيم الزواري,عبد الرحيم بن ابراهيم بن عمار الزواري,92,0.09,agree,98797
r1,المهدية,3,agree,كلثوم كنو,كلثوم بنت المبروك بن أحمد كنو,624,0.63,agree,98797
r1,المهدية,4,agree,كمال مرجان,كمال بن القنطاوي بن المعراجي مرجان,1880,1.9,agree,98797
r1,المهدية,5,agree,سالم شائبي,سالم بن عمار الشائبي,160,0.16,agree,98797
r1,المهدية,6,agree,عبد الرزاق كيلاني,عبد الرزاق بن علي كيلاني,319,0.32,agree,98797
r1,المهدية,7,agree,محمد الباجي قايد السبسي,محمد الباجي بن حسونة قايد السبسي,50836,51.46,agree,98797
r1,المهدية,8,agree,سليم الرياحي,سليم بن محمد بن المختار الرياحي,2171,2.2,agree,98797
r1,المهدية,9,agree,عبد القادر لباوي,عبد القادر بن ابراهيم بن مصطفى اللباوي,182,0.18,agree,98797
r1,المهدية,10,agree,مصطفى كامل النابلي,مصطفى كامل بن الحاج علي النابلي,330,0.33,agree,98797
r1,المهدية,11,agree,أحمد الصافي سعيد,أحمد الصافي بن ابراهيم سعيد,909,0.92,agree,98797
r1,المهدية,12,agree,ياسين الشنوفي,يسين بن المولدي بن خليفة الشنوفي,121,0.12,agree,98797
r1,المهدية,13,agree,أحمد نجيب الشابي,أحمد نجيب بن عبد العزيز الشابي,1653,1.67,agree,98797
r1,المهدية,14,agree,حمودة بن سلامة,حمودة بن محمد بن حمودة بن سلامة,219,0.22,agree,98797
r1,المهدية,15,agree,علي شورابي,علي المولدي بن محمد شورابي,135,0.14,agree,98797
r1,المهدية,16,agree,محمد الفريخة,محمد بن حسن بن محمد الفريخة,405,0.41,agree,98797
r1,المهدية,17,agree,محمد الحامدي,محمد بن المبروك بن محمد الحامدي,198,0.2,agree,98797
r1,المهدية,18,agree,المختار الماجري,المختار بن محمد الصالح الماجري,197,0.2,agree,98797
r1,المهدية,19,agree,عبد الرؤوف العيادي,عبد الرؤوف بن الصادق العيادي,122,0.12,agree,98797
r1,المهدية,20,agree,محرز بوصيان,محرز بن الطيب بن التليلي بوصيان,127,0.13,agree,98797
r1,المهدية,21,agree,مصطفى بن جعفر,مصطفى بن محمد بن رشيد بن جعفر,942,0.95,agree,98797
r1,المهدية,22,agree,نور الدين حشاد,نور الدين بن فرحات بن محمد حشاد,103,0.1,agree,98797
r1,المهدية,23,agree,محمد المنذر الزنايدي,محمد المنذر بن عبد العزيز الزنايدي,474,0.48,agree,98797
r1,المهدية,24,agree,محمد المنصف المرزوقي,محمد المنصف بن محمد بن أحمد المرزوقي,23871,24.16,agree,98797
r1,المهدية,25,agree,سمير العبدلي,سمير بن عز الدين بن ابراهيم العبدلي,189,0.19,agree,98797
r1,المهدية,26,agree,محمد الهاشمي حامدي,محمد الهاشمي بن يوسف حامدي,4451,4.51,agree,98797
r1,المهدية,27,agree,حمة الهمامي,حمة بن علي بن بوساحة الهمامي,7795,7.89,agree,98797
r1,القصرين,1,agree,العربي نصرة,العربي بن الحبيب بن علي نصرة,297,0.3,agree,98008
r1,القصرين,2,agree,عبد الرحيم الزواري,عبد الرحيم بن ابراهيم بن عمار الزواري,143,0.15,agree,98008
r1,القصرين,3,agree,كلثوم كنو,كلثوم بنت المبروك بن أحمد كنو,241,0.25,agree,98008
r1,القصرين,4,agree,كمال مرجان,كمال بن القنطاوي بن المعراجي مرجان,352,0.36,agree,98008
r1,القصرين,5,agree,سالم شائبي,سالم بن عمار الشائبي,324,0.33,agree,98008
r1,القصرين,6,agree,عبد الرزاق كيلاني,عبد الرزاق بن علي كيلاني,577,0.59,agree,98008
r1,القصرين,7,agree,محمد الباجي قايد السبسي,محمد الباجي بن حسونة قايد السبسي,26556,27.1,agree,98008
r1,القصرين,8,agree,سليم الرياحي,سليم بن محمد بن المختار الرياحي,3966,4.05,agree,98008
r1,القصرين,9,agree,عبد القادر لباوي,عبد القادر بن ابراهيم بن مصطفى اللباوي,1766,1.8,agree,98008
r1,القصرين,10,agree,مصطفى كامل النابلي,مصطفى كامل بن الحاج علي النابلي,180,0.18,agree,98008
r1,القصرين,11,agree,أحمد الصافي سعيد,أحمد الصافي بن ابراهيم سعيد,705,0.72,agree,98008
r1,القصرين,12,agree,ياسين الشنوفي,يسين بن المولدي بن خليفة الشنوفي,120,0.12,agree,98008
r1,القصرين,13,agree,أحمد نجيب الشابي,أحمد نجيب بن عبد العزيز الشابي,619,0.63,agree,98008
r1,القصرين,14,agree,حمودة بن سلامة,حمودة بن محمد بن حمودة بن سلامة,210,0.21,agree,98008
r1,القصرين,15,agree,علي شورابي,علي المولدي بن محمد شورابي,198,0.2,agree,98008
r1,القصرين,16,agree,محمد الفريخة,محمد بن حسن بن محمد الفريخة,235,0.24,agree,98008
r1,القصرين,17,agree,محمد الحامدي,محمد بن المبروك بن محمد الحامدي,286,0.29,agree,98008
r1,القصرين,18,agree,المختار الماجري,المختار بن محمد الصالح الماجري,346,0.35,agree,98008
r1,القصرين,19,agree,عبد الرؤوف العيادي,عبد الرؤوف بن الصادق العيادي,242,0.25,agree,98008
r1,القصرين,20,agree,محرز بوصيان,محرز بن الطيب بن التليلي بوصيان,162,0.17,agree,98008
r1,القصرين,21,agree,مصطفى بن جعفر,مصطفى بن محمد بن رشيد بن جعفر,633,0.65,agree,98008
r1,القصرين,22,agree,نور الدين حشاد,نور الدين بن فرحات بن محمد حشاد,99,0.1,agree,98008
r1,القصرين,23,agree,محمد المنذر الزنايدي,محمد المنذر بن عبد العزيز الزنايدي,9042,9.23,agree,98008
r1,القصرين,24,agree,محمد المنصف المرزوقي,محمد المنصف بن محمد بن أحمد المرزوقي,34825,35.53,agree,98008
r1,القصرين,25,agree,سمير العبدلي,سمير بن عز الدين بن ابراهيم العبدلي,210,0.21,agree,98008
r1,القصرين,26,agree,محمد الهاشمي حامدي,محمد الهاشمي بن يوسف حامدي,9951,10.15,agree,98008
r1,القصرين,27,agree,حمة الهمامي,حمة بن علي بن بوساحة الهمامي,5723,5.84,agree,98008
r1,سيدي بوزيد,1,agree,العربي نصرة,العربي بن الحبيب بن علي نصرة,168,0.16,agree,107057
r1,سيدي بوزيد,2,agree,عبد الرحيم الزواري,عبد الرحيم بن ابراهيم بن عمار الزواري,85,0.08,agree,107057
r1,سيدي بوزيد,3,agree,كلثوم كنو,كلثوم بنت المبروك بن أحمد كنو,185,0.17,agree,107057
r1,سيدي بوزيد,4,agree,كمال مرجان,كمال بن القنطاوي بن المعراجي مرجان,247,0.23,agree,107057
r1,سيدي بوزيد,5,agree,سالم شائبي,سالم بن عمار الشائبي,256,0.24,agree,107057
r1,سيدي بوزيد,6,agree,عبد الرزاق كيلاني,عبد الرزاق بن علي كيلاني,1484,1.39,agree,107057
r1,سيدي بوزيد,7,agree,محمد الباجي قايد السبسي,محمد الباجي بن حسونة قايد السبسي,20302,18.96,agree,107057
r1,سيدي بوزيد,8,agree,سليم الرياحي,سليم بن محمد بن المختار الرياحي,1135,1.06,agree,107057
r1,سيدي بوزيد,9,agree,عبد القادر لباوي,عبد القادر بن ابراهيم بن مصطفى اللباوي,522,0.49,agree,107057
r1,سيدي بوزيد,10,agree,مصطفى كامل النابلي,مصطفى كامل بن الحاج علي النابلي,117,0.11,agree,107057
r1,سيدي بوزيد,11,agree,أحمد الصافي سعيد,أحمد الصافي بن ابراهيم سعيد,635,0.59,agree,107057
r1,سيدي بوزيد,12,agree,ياسين الشنوفي,يسين بن المولدي بن خليفة الشنوفي,88,0.08,agree,107057
r1,سيدي بوزيد,13,agree,أحمد نجيب الشابي,أحمد نجيب بن عبد العزيز الشابي,379,0.35,agree,107057
r1,سيدي بوزيد,14,agree,حمودة بن سلامة,حمودة بن محمد بن حمودة بن سلامة,129,0.12,agree,107057
r1,سيدي بوزيد,15,agree,علي شورابي,علي المولدي بن محمد شورابي,116,0.11,agree,107057
r1,سيدي بوزيد,16,agree,محمد الفريخة,محمد بن حسن بن محمد الفريخة,217,0.2,agree,107057
r1,سيدي بوزيد,17,agree,محمد الحامدي,محمد بن المبروك بن محمد الحامدي,323,0.3,agree,107057
r1,سيدي بوزيد,18,agree,المختار الماجري,المختار بن محمد الصالح الماجري,134,0.13,agree,107057
r1,سيدي بوزيد,19,agree,عبد الرؤوف العيادي,عبد الرؤوف بن الصادق العيادي,184,0.17,agree,107057
r1,سيدي بوزيد,20,agree,محرز بوصيان,محرز بن الطيب بن التليلي بوصيان,129,0.12,agree,107057
r1,سيدي بوزيد,21,agree,مصطفى بن جعفر,مصطفى بن محمد بن رشيد بن جعفر,345,0.32,agree,107057
r1,سيدي بوزيد,22,agree,نور الدين حشاد,نور الدين بن فرحات بن محمد حشاد,65,0.06,agree,107057
r1,سيدي بوزيد,23,agree,محمد المنذر الزنايدي,محمد المنذر بن عبد العزيز الزنايدي,388,0.36,agree,107057
r1,سيدي بوزيد,24,agree,محمد المنصف المرزوقي,محمد المنصف بن محمد بن أحمد المرزوقي,11163,10.43,agree,107057
r1,سيدي بوزيد,25,agree,سمير العبدلي,سمير بن عز الدين بن ابراهيم العبدلي,248,0.23,agree,107057
r1,سيدي بوزيد,26,agree,محمد الهاشمي حامدي,محمد الهاشمي بن يوسف حامدي,62804,58.66,agree,107057
r1,سيدي بوزيد,27,agree,حمة الهمامي,حمة بن علي بن بوساحة الهمامي,5209,4.87,agree,107057
r1,قفصة,1,agree,العربي نصرة,العربي بن الحبيب بن علي نصرة,150,0.16,agree,95291
r1,قفصة,2,agree,عبد الرحيم الزواري,عبد الرحيم بن ابراهيم بن عمار الزواري,79,0.08,agree,95291
r1,قفصة,3,agree,كلثوم كنو,كلثوم بنت المبروك بن أحمد كنو,268,0.28,agree,95291
r1,قفصة,4,agree,كمال مرجان,كمال بن القنطاوي بن المعراجي مرجان,294,0.31,agree,95291
r1,قفصة,5,agree,سالم شائبي,سالم بن عمار الشائبي,104,0.11,agree,95291
r1,قفصة,6,agree,عبد الرزاق كيلاني,عبد الرزاق بن علي كيلاني,285,0.3,agree,95291
r1,قفصة,7,agree,محمد الباجي قايد السبسي,محمد الباجي بن حسونة قايد السبسي,23345,24.5,agree,95291
r1,قفصة,8,agree,سليم الرياحي,سليم بن محمد بن المختار الرياحي,4983,5.23,agree,95291
r1,قفصة,9,agree,عبد القادر لباوي,عبد القادر بن ابراهيم بن مصطفى اللباوي,162,0.17,agree,95291
r1,قفصة,10,agree,مصطفى كامل النابلي,مصطفى كامل بن الحاج علي النابلي,111,0.12,agree,95291
r1,قفصة,11,agree,أحمد الصافي سعيد,أحمد الصافي بن ابراهيم سعيد,3916,4.11,agree,95291
r1,قفصة,12,agree,ياسين الشنوفي,يسين بن المولدي بن خليفة الشنوفي,135,0.14,agree,95291
r1,قفصة,13,agree,أحمد نجيب الشابي,أحمد نجيب بن عبد العزيز الشابي,501,0.53,agree,95291
r1,قفصة,14,agree,حمودة بن سلامة,حمودة بن محمد بن حمودة بن سلامة,148,0.16,agree,95291
r1,قفصة,15,agree,علي شورابي,علي المولدي بن محمد شورابي,130,0.14,agree,95291
r1,قفصة,16,agree,محمد الفريخة,محمد بن حسن بن محمد الفريخة,209,0.22,agree,95291
r1,قفصة,17,agree,محمد الحامدي,محمد بن المبروك بن محمد الحامدي,216,0.23,agree,95291
r1,قفصة,18,agree,المختار الماجري,المختار بن محمد الصالح الماجري,127,0.13,agree,95291
r1,قفصة,19,agree,عبد الرؤوف العيادي,عبد الرؤوف بن الصادق العيادي,89,0.09,agree,95291
r1,قفصة,20,agree,محرز بوصيان,محرز بن الطيب بن التليلي بوصيان,86,0.09,agree,95291
r1,قفصة,21,agree,مصطفى بن جعفر,مصطفى بن محمد بن رشيد بن جعفر,421,0.44,agree,95291
r1,قفصة,22,agree,نور الدين حشاد,نور الدين بن فرحات بن محمد حشاد,47,0.05,agree,95291
r1,قفصة,23,agree,محمد المنذر الزنايدي,محمد المنذر بن عبد العزيز الزنايدي,233,0.24,agree,95291
r1,قفصة,24,agree,محمد المنصف المرزوقي,محمد المنصف بن محمد بن أحمد المرزوقي,44453,46.65,agree,95291
r1,قفصة,25,agree,سمير العبدلي,سمير بن عز الدين بن ابراهيم العبدلي,140,0.15,agree,95291
r1,قفصة,26,agree,محمد الهاشمي حامدي,محمد الهاشمي بن يوسف حامدي,6458,6.78,agree,95291
r1,قفصة,27,agree,حمة الهمامي,حمة بن علي بن بوساحة الهمامي,8201,8.61,agree,95291
r1,توزر,1,agree,العربي نصرة,العربي بن الحبيب بن علي نصرة,104,0.29,agree,35760
r1,توزر,2,agree,عبد الرحيم الزواري,عبد الرحيم بن ابراهيم بن عمار الزواري,36,0.1,agree,35760
r1,توزر,3,agree,كلثوم كنو,كلثوم بنت المبروك بن أحمد كنو,142,0.4,agree,35760
r1,توزر,4,agree,كمال مرجان,كمال بن القنطاوي بن المعراجي مرجان,125,0.35,agree,35760
r1,توزر,5,agree,سالم شائبي,سالم بن عمار الشائبي,62,0.17,agree,35760
r1,توزر,6,agree,عبد الرزاق كيلاني,عبد الرزاق بن علي كيلاني,76,0.21,agree,35760
r1,توزر,7,agree,محمد الباجي قايد السبسي,محمد الباجي بن حسونة قايد السبسي,8702,24.33,agree,35760
r1,توزر,8,agree,سليم الرياحي,سليم بن محمد بن المختار الرياحي,2317,6.48,agree,35760
r1,توزر,9,agree,عبد القادر لباوي,عبد القادر بن ابراهيم بن مصطفى اللباوي,67,0.19,agree,35760
r1,توزر,10,agree,مصطفى كامل النابلي,مصطفى كامل بن الحاج علي النابلي,61,0.17,agree,35760
r1,توزر,11,agree,أحمد الصافي سعيد,أحمد الصافي بن ابراهيم سعيد,249,0.7,agree,35760
r1,توزر,12,agree,ياسين الشنوفي,يسين بن المولدي بن خليفة الشنوفي,51,0.14,agree,35760
r1,توزر,13,agree,أحمد نجيب الشابي,أحمد نجيب بن عبد العزيز الشابي,533,1.49,agree,35760
r1,توزر,14,agree,حمودة بن سلامة,حمودة بن محمد بن حمودة بن سلامة,53,0.15,agree,35760
r1,توزر,15,agree,علي شورابي,علي المولدي بن محمد شورابي,67,0.19,agree,35760
r1,توزر,16,agree,محمد الفريخة,محمد بن حسن بن محمد الفريخة,93,0.26,agree,35760
r1,توزر,17,agree,محمد الحامدي,محمد بن المبروك بن محمد الحامدي,121,0.34,agree,35760
r1,توزر,18,agree,المختار الماجري,المختار بن محمد الصالح الماجري,56,0.16,agree,35760
r1,توزر,19,agree,عبد الرؤوف العيادي,عبد الرؤوف بن الصادق العيادي,44,0.12,agree,35760
r1,توزر,20,agree,محرز بوصيان,محرز بن الطيب بن التليلي بوصيان,90,0.25,agree,35760
r1,توزر,21,agree,مصطفى بن جعفر,مصطفى بن محمد بن رشيد بن جعفر,190,0.53,agree,35760
r1,توزر,22,agree,نور الدين حشاد,نور الدين بن فرحات بن محمد حشاد,36,0.1,agree,35760
r1,توزر,23,agree,محمد المنذر الزنايدي,محمد المنذر بن عبد العزيز الزنايدي,118,0.33,agree,35760
r1,توزر,24,agree,محمد المنصف المرزوقي,محمد المنصف بن محمد بن أحمد المرزوقي,20306,56.78,agree,35760
r1,توزر,25,agree,سمير العبدلي,سمير بن عز الدين بن ابراهيم العبدلي,49,0.14,agree,35760
r1,توزر,26,agree,محمد الهاشمي حامدي,محمد الهاشمي بن يوسف حامدي,964,2.7,agree,35760
r1,توزر,27,agree,حمة الهمامي,حمة بن علي بن بوساحة الهمامي,1048,2.93,agree,35760
r1,صفاقس 1,1,agree,العربي نصرة,العربي بن الحبيب بن علي نصرة,170,0.13,agree,129021
r1,صفاقس 1,2,agree,عبد الرحيم الزواري,عبد الرحيم بن ابراهيم بن عمار الزواري,70,0.05,agree,129021
r1,صفاقس 1,3,agree,كلثوم كنو,كلثوم بنت المبروك بن أحمد كنو,1043,0.81,agree,129021
r1,صفاقس 1,4,agree,كمال مرجان,كمال بن القنطاوي بن المعراجي مرجان,685,0.53,agree,129021
r1,صفاقس 1,5,agree,سالم شائبي,سالم بن عمار الشائبي,215,0.17,agree,129021
r1,صفاقس 1,6,agree,عبد الرزاق كيلاني,عبد الرزاق بن علي كيلاني,371,0.29,agree,129021
r1,صفاقس 1,7,agree,محمد الباجي قايد السبسي,محمد الباجي بن حسونة قايد السبسي,36652,28.41,agree,129021
r1,صفاقس 1,8,agree,سليم الرياحي,سليم بن محمد بن المختار الرياحي,3468,2.69,agree,129021
r1,صفاقس 1,9,agree,عبد القادر لباوي,عبد القادر بن ابراهيم بن مصطفى اللباوي,164,0.13,agree,129021
r1,صفاقس 1,10,agree,مصطفى كامل النابلي,مصطفى كامل بن الحاج علي النابلي,175,0.14,agree,129021
r1,صفاقس 1,11,agree,أحمد الصافي سعيد,أحمد الصافي بن ابراهيم سعيد,932,0.72,agree,129021
r1,صفاقس 1,12,agree,ياسين الشنوفي,يسين بن المولدي بن خليفة الشنوفي,84,0.07,agree,129021
r1,صفاقس 1,13,agree,أحمد نجيب الشابي,أحمد نجيب بن عبد العزيز الشابي,1479,1.15,agree,129021
r1,صفاقس 1,14,agree,حمودة بن سلامة,حمودة بن محمد بن حمودة بن سلامة,185,0.14,agree,129021
r1,صفاقس 1,15,agree,علي شورابي,علي المولدي بن محمد شورابي,129,0.1,agree,129021
r1,صفاقس 1,16,agree,محمد الفريخة,محمد بن حسن بن محمد الفريخة,2641,2.05,agree,129021
r1,صفاقس 1,17,agree,محمد الحامدي,محمد بن المبروك بن محمد الحامدي,210,0.16,agree,129021
r1,صفاقس 1,18,agree,المختار الماجري,المختار بن محمد الصالح الماجري,127,0.1,agree,129021
r1,صفاقس 1,19,agree,عبد الرؤوف العيادي,عبد الرؤوف بن الصادق العيادي,126,0.1,agree,129021
r1,صفاقس 1,20,agree,محرز بوصيان,محرز بن الطيب بن التليلي بوصيان,144,0.11,agree,129021
r1,صفاقس 1,21,agree,مصطفى بن جعفر,مصطفى بن محمد بن رشيد بن جعفر,838,0.65,agree,129021
r1,صفاقس 1,22,agree,نور الدين حشاد,نور الدين بن فرحات بن محمد حشاد,75,0.06,agree,129021
r1,صفاقس 1,23,agree,محمد المنذر الزنايدي,محمد المنذر بن عبد العزيز الزنايدي,285,0.22,agree,129021
r1,صفاقس 1,24,agree,محمد المنصف المرزوقي,محمد المنصف بن محمد بن أحمد المرزوقي,58486,45.33,agree,129021
r1,صفاقس 1,25,agree,سمير العبدلي,سمير بن عز الدين بن ابراهيم العبدلي,171,0.13,agree,129021
r1,صفاقس 1,26,agree,محمد الهاشمي حامدي,محمد الهاشمي بن يوسف حامدي,7710,5.98,agree,129021
r1,صفاقس 1,27,agree,حمة الهمامي,حمة بن علي بن بوساحة الهمامي,12386,9.6,agree,129021
r1,صفاقس 2,1,agree,العربي نصرة,العربي بن الحبيب بن علي نصرة,164,0.09,agree,177744
r1,صفاقس 2,2,agree,عبد الرحيم الزواري,عبد الرحيم بن ابراهيم بن عمار الزواري,70,0.04,agree,177744
r1,صفاقس 2,3,agree,كلثوم كنو,كلثوم بنت المبروك بن أحمد كنو,1286,0.72,agree,177744
r1,صفاقس 2,4,agree,كمال مرجان,كمال بن القنطاوي بن المعراجي مرجان,906,0.51,agree,177744
r1,صفاقس 2,5,agree,سالم شائبي,سالم بن عمار الشائبي,143,0.08,agree,177744
r1,صفاقس 2,6,agree,عبد الرزاق كيلاني,عبد الرزاق بن علي كيلاني,448,0.25,agree,177744
r1,صفاقس 2,7,agree,محمد الباجي قايد السبسي,محمد الباجي بن حسونة قايد السبسي,61975,34.87,agree,177744
r1,صفاقس 2,8,agree,سليم الرياحي,سليم بن محمد بن المختار الرياحي,4333,2.44,agree,177744
r1,صفاقس 2,9,agree,عبد القادر لباوي,عبد القادر بن ابراهيم بن مصطفى اللباوي,129,0.07,agree,177744
r1,صفاقس 2,10,agree,مصطفى كامل النابلي,مصطفى كامل بن الحاج علي النابلي,165,0.09,agree,177744
r1,صفاقس 2,11,agree,أحمد الصافي سعيد,أحمد الصافي بن ابراهيم سعيد,1014,0.57,agree,177744
r1,صفاقس 2,12,agree,ياسين الشنوفي,يسين بن المولدي بن خليفة الشنوفي,96,0.05,agree,177744
r1,صفاقس 2,13,agree,أحمد نجيب الشابي,أحمد نجيب بن عبد العزيز الشابي,1835,1.03,agree,177744
r1,صفاقس 2,14,agree,حمودة بن سلامة,حمودة بن محمد بن حمودة بن سلامة,228,0.13,agree,177744
r1,صفاقس 2,15,agree,علي شورابي,علي المولدي بن محمد شورابي,108,0.06,agree,177744
r1,صفاقس 2,16,agree,محمد الفريخة,محمد بن حسن بن محمد الفريخة,3639,2.05,agree,177744
r1,صفاقس 2,17,agree,محمد الحامدي,محمد بن المبروك بن محمد الحامدي,243,0.14,agree,177744
r1,صفاقس 2,18,agree,المختار الماجري,المختار بن محمد الصالح الماجري,132,0.07,agree,177744
r1,صفاقس 2,19,agree,عبد الرؤوف العيادي,عبد الرؤوف بن الصادق العيادي,146,0.08,agree,177744
r1,صفاقس 2,20,agree,محرز بوصيان,محرز بن الطيب بن التليلي بوصيان,192,0.11,agree,177744
r1,صفاقس 2,21,agree,مصطفى بن جعفر,مصطفى بن محمد بن رشيد بن جعفر,1016,0.57,agree,177744
r1,صفاقس 2,22,agree,نور الدين حشاد,نور الدين بن فرحات بن محمد حشاد,88,0.05,agree,177744
r1,صفاقس 2,23,agree,محمد المنذر الزنايدي,محمد المنذر بن عبد العزيز الزنايدي,434,0.24,agree,177744
r1,صفاقس 2,24,agree,محمد المنصف المرزوقي,محمد المنصف بن محمد بن أحمد المرزوقي,72321,40.69,agree,177744
r1,صفاقس 2,25,agree,سمير العبدلي,سمير بن عز الدين بن ابراهيم العبدلي,194,0.11,agree,177744
r1,صفاقس 2,26,agree,محمد الهاشمي حامدي,محمد الهاشمي بن يوسف حامدي,10356,5.83,agree,177744
r1,صفاقس 2,27,agree,حمة الهمامي,حمة بن علي بن بوساحة الهمامي,16083,9.05,agree,177744
r1,قابس,1,agree,العربي نصرة,العربي بن الحبيب بن علي نصرة,173,0.15,agree,118182
r1,قابس,2,agree,عبد الرحيم الزواري,عبد الرحيم بن ابراهيم بن عمار الزواري,78,0.07,agree,118182
r1,قابس,3,agree,كلثوم كنو,كلثوم بنت المبروك بن أحمد كنو,337,0.29,agree,118182
r1,قابس,4,agree,كمال مرجان,كمال بن القنطاوي بن المعراجي مرجان,362,0.31,agree,118182
r1,قابس,5,agree,سالم شائبي,سالم بن عمار الشائبي,138,0.12,agree,118182
r1,قابس,6,agree,عبد الرزاق كيلاني,عبد الرزاق بن علي كيلاني,575,0.49,agree,118182
r1,قابس,7,agree,محمد الباجي قايد السبسي,محمد الباجي بن حسونة قايد السبسي,18319,15.5,agree,118182
r1,قابس,8,agree,سليم الرياحي,سليم بن محمد بن المختار الرياحي,6389,5.41,agree,118182
r1,قابس,9,agree,عبد القادر لباوي,عبد القادر بن ابراهيم بن مصطفى اللباوي,113,0.1,agree,118182
r1,قابس,10,agree,مصطفى كامل النابلي,مصطفى كامل بن الحاج علي النابلي,133,0.11,agree,118182
r1,قابس,11,agree,أحمد الصافي سعيد,أحمد الصافي بن ابراهيم سعيد,830,0.7,agree,118182
r1,قابس,12,agree,ياسين الشنوفي,يسين بن المولدي بن خليفة الشنوفي,112,0.09,agree,118182
r1,قابس,13,agree,أحمد نجيب الشابي,أحمد نجيب بن عبد العزيز الشابي,929,0.79,agree,118182
r1,قابس,14,agree,حمودة بن سلامة,حمودة بن محمد بن حمودة بن سلامة,143,0.12,agree,118182
r1,قابس,15,agree,علي شورابي,علي المولدي بن محمد شورابي,189,0.16,agree,118182
r1,قابس,16,agree,محمد الفريخة,محمد بن حسن بن محمد الفريخة,305,0.26,agree,118182
r1,قابس,17,agree,محمد الحامدي,محمد بن المبروك بن محمد الحامدي,278,0.24,agree,118182
r1,قابس,18,agree,المختار الماجري,المختار بن محمد الصالح الماجري,129,0.11,agree,118182
r1,قابس,19,agree,عبد الرؤوف العيادي,عبد الرؤوف بن الصادق العيادي,137,0.12,agree,118182
r1,قابس,20,agree,محرز بوصيان,محرز بن الطيب بن التليلي بوصيان,106,0.09,agree,118182
r1,قابس,21,agree,مصطفى بن جعفر,مصطفى بن محمد بن رشيد بن جعفر,577,0.49,agree,118182
r1,قابس,22,agree,نور الدين حشاد,نور الدين بن فرحات بن محمد حشاد,95,0.08,agree,118182
r1,قابس,23,agree,محمد المنذر الزنايدي,محمد المنذر بن عبد العزيز الزنايدي,254,0.21,agree,118182
r1,قابس,24,agree,محمد المنصف المرزوقي,محمد المنصف بن محمد بن أحمد المرزوقي,80729,68.31,agree,118182
r1,قابس,25,agree,سمير العبدلي,سمير بن عز الدين بن ابراهيم العبدلي,121,0.1,agree,118182
r1,قابس,26,agree,محمد الهاشمي حامدي,محمد الهاشمي بن يوسف حامدي,3127,2.65,agree,118182
r1,قابس,27,agree,حمة الهمامي,حمة بن علي بن بوساحة الهمامي,3504,2.96,agree,118182
r1,مدنين,1,agree,العربي نصرة,العربي بن الحبيب بن علي نصرة,170,0.14,agree,122342
r1,مدنين,2,agree,عبد الرحيم الزواري,عبد الرحيم بن ابراهيم بن عمار الزواري,91,0.07,agree,122342
r1,مدنين,3,agree,كلثوم كنو,كلثوم بنت المبروك بن أحمد كنو,547,0.45,agree,122342
r1,مدنين,4,agree,كمال مرجان,كمال بن القنطاوي بن المعراجي مرجان,529,0.43,agree,122342
r1,مدنين,5,agree,سالم شائبي,سالم بن عمار الشائبي,153,0.13,agree,122342
r1,مدنين,6,agree,عبد الرزاق كيلاني,عبد الرزاق بن علي كيلاني,303,0.25,agree,122342
r1,مدنين,7,agree,محمد الباجي قايد السبسي,محمد الباجي بن حسونة قايد السبسي,18475,15.1,agree,122342
r1,مدنين,8,agree,سليم الرياحي,سليم بن محمد بن المختار الرياحي,6380,5.21,agree,122342
r1,مدنين,9,agree,عبد القادر لباوي,عبد القادر بن ابراهيم بن مصطفى اللباوي,138,0.11,agree,122342
r1,مدنين,10,agree,مصطفى كامل النابلي,مصطفى كامل بن الحاج علي النابلي,153,0.13,agree,122342
r1,مدنين,11,agree,أحمد الصافي سعيد,أحمد الصافي بن ابراهيم سعيد,1026,0.84,agree,122342
r1,مدنين,12,agree,ياسين الشنوفي,يسين بن المولدي بن خليفة الشنوفي,105,0.09,agree,122342
r1,مدنين,13,agree,أحمد نجيب الشابي,أحمد نجيب بن عبد العزيز الشابي,942,0.77,agree,122342
r1,مدنين,14,agree,حمودة بن سلامة,حمودة بن محمد بن حمودة بن سلامة,184,0.15,agree,122342
r1,مدنين,15,agree,علي شورابي,علي المولدي بن محمد شورابي,246,0.2,agree,122342
r1,مدنين,16,agree,محمد الفريخة,محمد بن حسن بن محمد الفريخة,427,0.35,agree,122342
r1,مدنين,17,agree,محمد الحامدي,محمد بن المبروك بن محمد الحامدي,423,0.35,agree,122342
r1,مدنين,18,agree,المختار الماجري,المختار بن محمد الصالح الماجري,125,0.1,agree,122342
r1,مدنين,19,agree,عبد الرؤوف العيادي,عبد الرؤوف بن الصادق العيادي,137,0.11,agree,122342
r1,مدنين,20,agree,محرز بوصيان,محرز بن الطيب بن التليلي بوصيان,170,0.14,agree,122342
r1,مدنين,21,agree,مصطفى بن جعفر,مصطفى بن محمد بن رشيد بن جعفر,825,0.67,agree,122342
r1,مدنين,22,agree,نور الدين حشاد,نور الدين بن فرحات بن محمد حشاد,128,0.1,agree,122342
r1,مدنين,23,agree,محمد المنذر الزنايدي,محمد المنذر بن عبد العزيز الزنايدي,330,0.27,agree,122342
r1,مدنين,24,agree,محمد المنصف المرزوقي,محمد المنصف بن محمد بن أحمد المرزوقي,82689,67.59,agree,122342
r1,مدنين,25,agree,سمير العبدلي,سمير بن عز الدين بن ابراهيم العبدلي,158,0.13,agree,122342
r1,مدنين,26,agree,محمد الهاشمي حامدي,محمد الهاشمي بن يوسف حامدي,3658,2.99,agree,122342
r1,مدنين,27,agree,حمة الهمامي,حمة بن علي بن بوساحة الهمامي,3830,3.13,agree,122342
r1,تطاوين,1,agree,العربي نصرة,العربي بن الحبيب بن علي نصرة,56,0.16,agree,34201
r1,تطاوين,2,agree,عبد الرحيم الزواري,عبد الرحيم بن ابراهيم بن عمار الزواري,42,0.12,agree,34201
r1,تطاوين,3,agree,كلثوم كنو,كلثوم بنت المبروك بن أحمد كنو,83,0.24,agree,34201
r1,تطاوين,4,agree,كمال مرجان,كمال بن القنطاوي بن المعراجي مرجان,130,0.38,agree,34201
r1,تطاوين,5,agree,سالم شائبي,سالم بن عمار الشائبي,60,0.18,agree,34201
r1,تطاوين,6,agree,عبد الرزاق كيلاني,عبد الرزاق بن علي كيلاني,100,0.29,agree,34201
r1,تطاوين,7,agree,محمد الباجي قايد السبسي,محمد الباجي بن حسونة قايد السبسي,3348,9.79,agree,34201
r1,تطاوين,8,agree,سليم الرياحي,سليم بن محمد بن المختار الرياحي,1451,4.24,agree,34201
r1,تطاوين,9,agree,عبد القادر لباوي,عبد القادر بن ابراهيم بن مصطفى اللباوي,46,0.13,agree,34201
r1,تطاوين,10,agree,مصطفى كامل النابلي,مصطفى كامل بن الحاج علي النابلي,51,0.15,agree,34201
r1,تطاوين,11,agree,أحمد الصافي سعيد,أحمد الصافي بن ابراهيم سعيد,230,0.67,agree,34201
r1,تطاوين,12,agree,ياسين الشنوفي,يسين بن المولدي بن خليفة الشنوفي,34,0.1,agree,34201
r1,تطاوين,13,agree,أحمد نجيب الشابي,أحمد نجيب بن عبد العزيز الشابي,235,0.69,agree,34201
r1,تطاوين,14,agree,حمودة بن سلامة,حمودة بن محمد بن حمودة بن سلامة,50,0.15,agree,34201
r1,تطاوين,15,agree,علي شورابي,علي المولدي بن محمد شورابي,87,0.25,agree,34201
r1,تطاوين,16,agree,محمد الفريخة,محمد بن حسن بن محمد الفريخة,125,0.37,agree,34201
r1,تطاوين,17,agree,محمد الحامدي,محمد بن المبروك بن محمد الحامدي,117,0.34,agree,34201
r1,تطاوين,18,agree,المختار الماجري,المختار بن محمد الصالح الماجري,60,0.18,agree,34201
r1,تطاوين,19,agree,عبد الرؤوف العيادي,عبد الرؤوف بن الصادق العيادي,52,0.15,agree,34201
r1,تطاوين,20,agree,محرز بوصيان,محرز بن الطيب بن التليلي بوصيان,46,0.13,agree,34201
r1,تطاوين,21,agree,مصطفى بن جعفر,مصطفى بن محمد بن رشيد بن جعفر,167,0.49,agree,34201
r1,تطاوين,22,agree,نور الدين حشاد,نور الدين بن فرحات بن محمد حشاد,35,0.1,agree,34201
r1,تطاوين,23,agree,محمد المنذر الزنايدي,محمد المنذر بن عبد العزيز الزنايدي,73,0.21,agree,34201
r1,تطاوين,24,agree,محمد المنصف المرزوقي,محمد المنصف بن محمد بن أحمد المرزوقي,26017,76.07,agree,34201
r1,تطاوين,25,agree,سمير العبدلي,سمير بن عز الدين بن ابراهيم العبدلي,65,0.19,agree,34201
r1,تطاوين,26,agree,محمد الهاشمي حامدي,محمد الهاشمي بن يوسف حامدي,1126,3.29,agree,34201
r1,تطاوين,27,agree,حمة الهمامي,حمة بن علي بن بوساحة الهمامي,315,0.92,agree,34201
r1,قبلي,1,agree,العربي نصرة,العربي بن الحبيب بن علي نصرة,61,0.11,agree,58001
r1,قبلي,2,agree,عبد الرحيم الزواري,عبد الرحيم بن ابراهيم بن عمار الزواري,43,0.07,agree,58001
r1,قبلي,3,agree,كلثوم كنو,كلثوم بنت المبروك بن أحمد كنو,154,0.27,agree,58001
r1,قبلي,4,agree,كمال مرجان,كمال بن القنطاوي بن المعراجي مرجان,128,0.22,agree,58001
r1,قبلي,5,agree,سالم شائبي,سالم بن عمار الشائبي,56,0.1,agree,58001
r1,قبلي,6,agree,عبد الرزاق كيلاني,عبد الرزاق بن علي كيلاني,91,0.16,agree,58001
r1,قبلي,7,agree,محمد الباجي قايد السبسي,محمد الباجي بن حسونة قايد السبسي,6991,12.05,agree,58001
r1,قبلي,8,agree,سليم الرياحي,سليم بن محمد بن المختار الرياحي,1425,2.46,agree,58001
r1,قبلي,9,agree,عبد القادر لباوي,عبد القادر بن ابراهيم بن مصطفى اللباوي,106,0.18,agree,58001
r1,قبلي,10,agree,مصطفى كامل النابلي,مصطفى كامل بن الحاج علي النابلي,50,0.09,agree,58001
r1,قبلي,11,agree,أحمد الصافي سعيد,أحمد الصافي بن ابراهيم سعيد,307,0.53,agree,58001
r1,قبلي,12,agree,ياسين الشنوفي,يسين بن المولدي بن خليفة الشنوفي,43,0.07,agree,58001
r1,قبلي,13,agree,أحمد نجيب الشابي,أحمد نجيب بن عبد العزيز الشابي,234,0.4,agree,58001
r1,قبلي,14,agree,حمودة بن سلامة,حمودة بن محمد بن حمودة بن سلامة,56,0.1,agree,58001
r1,قبلي,15,agree,علي شورابي,علي المولدي بن محمد شورابي,78,0.13,agree,58001
r1,قبلي,16,agree,محمد الفريخة,محمد بن حسن بن محمد الفريخة,85,0.15,agree,58001
r1,قبلي,17,agree,محمد الحامدي,محمد بن المبروك بن محمد الحامدي,177,0.31,agree,58001
r1,قبلي,18,agree,المختار الماجري,المختار بن محمد الصالح الماجري,95,0.16,agree,58001
r1,قبلي,19,agree,عبد الرؤوف العيادي,عبد الرؤوف بن الصادق العيادي,56,0.1,agree,58001
r1,قبلي,20,agree,محرز بوصيان,محرز بن الطيب بن التليلي بوصيان,39,0.07,agree,58001
r1,قبلي,21,agree,مصطفى بن جعفر,مصطفى بن محمد بن رشيد بن جعفر,221,0.38,agree,58001
r1,قبلي,22,agree,نور الدين حشاد,نور الدين بن فرحات بن محمد حشاد,65,0.11,agree,58001
r1,قبلي,23,agree,محمد المنذر الزنايدي,محمد المنذر بن عبد العزيز الزنايدي,86,0.15,agree,58001
r1,قبلي,24,agree,محمد المنصف المرزوقي,محمد المنصف بن محمد بن أحمد المرزوقي,45239,78.0,agree,58001
r1,قبلي,25,agree,سمير العبدلي,سمير بن عز الدين بن ابراهيم العبدلي,61,0.11,agree,58001
r1,قبلي,26,agree,محمد الهاشمي حامدي,محمد الهاشمي بن يوسف حامدي,673,1.16,agree,58001
r1,قبلي,27,agree,حمة الهمامي,حمة بن علي بن بوساحة الهمامي,1381,2.38,agree,58001
r1,فرنسا 1,1,agree,العربي نصرة,العربي بن الحبيب بن علي نصرة,43,0.11,agree,39495
r1,فرنسا 1,2,agree,عبد الرحيم الزواري,عبد الرحيم بن ابراهيم بن عمار الزواري,2,0.01,agree,39495
r1,فرنسا 1,3,agree,كلثوم كنو,كلثوم بنت المبروك بن أحمد كنو,540,1.37,agree,39495
r1,فرنسا 1,4,agree,كمال مرجان,كمال بن القنطاوي بن المعراجي مرجان,382,0.97,agree,39495
r1,فرنسا 1,5,agree,سالم شائبي,سالم بن عمار الشائبي,9,0.02,agree,39495
r1,فرنسا 1,6,agree,عبد الرزاق كيلاني,عبد الرزاق بن علي كيلاني,54,0.14,agree,39495
r1,فرنسا 1,7,agree,محمد الباجي قايد السبسي,محمد الباجي بن حسونة قايد السبسي,14811,37.5,agree,39495
r1,فرنسا 1,8,agree,سليم الرياحي,سليم بن محمد بن المختار الرياحي,500,1.27,agree,39495
r1,فرنسا 1,9,agree,عبد القادر لباوي,عبد القادر بن ابراهيم بن مصطفى اللباوي,10,0.03,agree,39495
r1,فرنسا 1,10,agree,مصطفى كامل النابلي,مصطفى كامل بن الحاج علي النابلي,62,0.16,agree,39495
r1,فرنسا 1,11,agree,أحمد الصافي سعيد,أحمد الصافي بن ابراهيم سعيد,191,0.48,agree,39495
r1,فرنسا 1,12,agree,ياسين الشنوفي,يسين بن المولدي بن خليفة الشنوفي,13,0.03,agree,39495
r1,فرنسا 1,13,agree,أحمد نجيب الشابي,أحمد نجيب بن عبد العزيز الشابي,622,1.57,agree,39495
r1,فرنسا 1,14,agree,حمودة بن سلامة,حمودة بن محمد بن حمودة بن سلامة,27,0.07,agree,39495
r1,فرنسا 1,15,agree,علي شورابي,علي المولدي بن محمد شورابي,9,0.02,agree,39495
r1,فرنسا 1,16,agree,محمد الفريخة,محمد بن حسن بن محمد الفريخة,194,0.49,agree,39495
r1,فرنسا 1,17,agree,محمد الحامدي,محمد بن المبروك بن محمد الحامدي,14,0.04,agree,39495
r1,فرنسا 1,18,agree,المختار الماجري,المختار بن محمد الصالح الماجري,5,0.01,agree,39495
r1,فرنسا 1,19,agree,عبد الرؤوف العيادي,عبد الرؤوف بن الصادق العيادي,31,0.08,agree,39495
r1,فرنسا 1,20,agree,محرز بوصيان,محرز بن الطيب بن التليلي بوصيان,43,0.11,agree,39495
r1,فرنسا 1,21,agree,مصطفى بن جعفر,مصطفى بن محمد بن رشيد بن جعفر,380,0.96,agree,39495
r1,فرنسا 1,22,agree,نور الدين حشاد,نور الدين بن فرحات بن محمد حشاد,15,0.04,agree,39495
r1,فرنسا 1,23,agree,محمد المنذر الزنايدي,محمد المنذر بن عبد العزيز الزنايدي,131,0.33,agree,39495
r1,فرنسا 1,24,agree,محمد المنصف المرزوقي,محمد المنصف بن محمد بن أحمد المرزوقي,16563,41.94,agree,39495
r1,فرنسا 1,25,agree,سمير العبدلي,سمير بن عز الدين بن ابراهيم العبدلي,13,0.03,agree,39495
r1,فرنسا 1,26,agree,محمد الهاشمي حامدي,محمد الهاشمي بن يوسف حامدي,486,1.23,agree,39495
r1,فرنسا 1,27,agree,حمة الهمامي,حمة بن علي بن بوساحة الهمامي,4345,11.0,agree,39495
r1,فرنسا 2,1,agree,العربي نصرة,العربي بن الحبيب بن علي نصرة,76,0.24,agree,31592
r1,فرنسا 2,2,agree,عبد الرحيم الزواري,عبد الرحيم بن ابراهيم بن عمار الزواري,12,0.04,agree,31592
r1,فرنسا 2,3,agree,كلثوم كنو,كلثوم بنت المبروك بن أحمد كنو,320,1.01,agree,31592
r1,فرنسا 2,4,agree,كمال مرجان,كمال بن القنطاوي بن المعراجي مرجان,401,1.27,agree,31592
r1,فرنسا 2,5,agree,سالم شائبي,سالم بن عمار الشائبي,21,0.07,agree,31592
r1,فرنسا 2,6,agree,عبد الرزاق كيلاني,عبد الرزاق بن علي كيلاني,53,0.17,agree,31592
r1,فرنسا 2,7,agree,محمد الباجي قايد السبسي,محمد الباجي بن حسونة قايد السبسي,13836,43.8,agree,31592
r1,فرنسا 2,8,agree,سليم الرياحي,سليم بن محمد بن المختار الرياحي,514,1.63,agree,31592
r1,فرنسا 2,9,agree,عبد القادر لباوي,عبد القادر بن ابراهيم بن مصطفى اللباوي,56,0.18,agree,31592
r1,فرنسا 2,10,agree,مصطفى كامل النابلي,مصطفى كامل بن الحاج علي النابلي,64,0.2,agree,31592
r1,فرنسا 2,11,agree,أحمد الصافي سعيد,أحمد الصافي بن ابراهيم سعيد,179,0.57,agree,31592
r1,فرنسا 2,12,agree,ياسين الشنوفي,يسين بن المولدي بن خليفة الشنوفي,16,0.05,agree,31592
r1,فرنسا 2,13,agree,أحمد نجيب الشابي,أحمد نجيب بن عبد العزيز الشابي,358,1.13,agree,31592
r1,فرنسا 2,14,agree,حمودة بن سلامة,حمودة بن محمد بن حمودة بن سلامة,34,0.11,agree,31592
r1,فرنسا 2,15,agree,علي شورابي,علي المولدي بن محمد شورابي,23,0.07,agree,31592
r1,فرنسا 2,16,agree,محمد الفريخة,محمد بن حسن بن محمد الفريخة,65,0.21,agree,31592
r1,فرنسا 2,17,agree,محمد الحامدي,محمد بن المبروك بن محمد الحامدي,33,0.1,agree,31592
r1,فرنسا 2,18,agree,المختار الماجري,المختار بن محمد الصالح الماجري,16,0.05,agree,31592
r1,فرنسا 2,19,agree,عبد الرؤوف العيادي,عبد الرؤوف بن الصادق العيادي,41,0.13,agree,31592
r1,فرنسا 2,20,agree,محرز بوصيان,محرز بن الطيب بن التليلي بوصيان,28,0.09,agree,31592
r1,فرنسا 2,21,agree,مصطفى بن جعفر,مصطفى بن محمد بن رشيد بن جعفر,296,0.94,agree,31592
r1,فرنسا 2,22,agree,نور الدين حشاد,نور الدين بن فرحات بن محمد حشاد,25,0.08,agree,31592
r1,فرنسا 2,23,agree,محمد المنذر الزنايدي,محمد المنذر بن عبد العزيز الزنايدي,125,0.4,agree,31592
r1,فرنسا 2,24,agree,محمد المنصف المرزوقي,محمد المنصف بن محمد بن أحمد المرزوقي,11224,35.53,agree,31592
r1,فرنسا 2,25,agree,سمير العبدلي,سمير بن عز الدين بن ابراهيم العبدلي,17,0.05,agree,31592
r1,فرنسا 2,26,agree,محمد الهاشمي حامدي,محمد الهاشمي بن يوسف حامدي,962,3.05,agree,31592
r1,فرنسا 2,27,agree,حمة الهمامي,حمة بن علي بن بوساحة الهمامي,2797,8.85,agree,31592
r1,إيطاليا,1,agree,العربي نصرة,العربي بن الحبيب بن علي نصرة,13,0.19,agree,6797
r1,إيطاليا,2,agree,عبد الرحيم الزواري,عبد الرحيم بن ابراهيم بن عمار الزواري,3,0.04,agree,6797
r1,إيطاليا,3,agree,كلثوم كنو,كلثوم بنت المبروك بن أحمد كنو,58,0.85,agree,6797
r1,إيطاليا,4,agree,كمال مرجان,كمال بن القنطاوي بن المعراجي مرجان,53,0.78,agree,6797
r1,إيطاليا,5,agree,سالم شائبي,سالم بن عمار الشائبي,3,0.04,agree,6797
r1,إيطاليا,6,agree,عبد الرزاق كيلاني,عبد الرزاق بن علي كيلاني,5,0.07,agree,6797
r1,إيطاليا,7,agree,محمد الباجي قايد السبسي,محمد الباجي بن حسونة قايد السبسي,1956,28.78,agree,6797
r1,إيطاليا,8,agree,سليم الرياحي,سليم بن محمد بن المختار الرياحي,247,3.63,agree,6797
r1,إيطاليا,9,agree,عبد القادر لباوي,عبد القادر بن ابراهيم بن مصطفى اللباوي,8,0.12,agree,6797
r1,إيطاليا,10,agree,مصطفى كامل النابلي,مصطفى كامل بن الحاج علي النابلي,15,0.22,agree,6797
r1,إيطاليا,11,agree,أحمد الصافي سعيد,أحمد الصافي بن ابراهيم سعيد,56,0.82,agree,6797
r1,إيطاليا,12,agree,ياسين الشنوفي,يسين بن المولدي بن خليفة الشنوفي,2,0.03,agree,6797
r1,إيطاليا,13,agree,أحمد نجيب الشابي,أحمد نجيب بن عبد العزيز الشابي,91,1.34,agree,6797
r1,إيطاليا,14,agree,حمودة بن سلامة,حمودة بن محمد بن حمودة بن سلامة,7,0.1,agree,6797
r1,إيطاليا,15,agree,علي شورابي,علي المولدي بن محمد شورابي,5,0.07,agree,6797
r1,إيطاليا,16,agree,محمد الفريخة,محمد بن حسن بن محمد الفريخة,45,0.66,agree,6797
r1,إيطاليا,17,agree,محمد الحامدي,محمد بن المبروك بن محمد الحامدي,7,0.1,agree,6797
r1,إيطاليا,18,agree,المختار الماجري,المختار بن محمد الصالح الماجري,1,0.01,agree,6797
r1,إيطاليا,19,agree,عبد الرؤوف العيادي,عبد الرؤوف بن الصادق العيادي,16,0.24,agree,6797
r1,إيطاليا,20,agree,محرز بوصيان,محرز بن الطيب بن التليلي بوصيان,16,0.24,agree,6797
r1,إيطاليا,21,agree,مصطفى بن جعفر,مصطفى بن محمد بن رشيد بن جعفر,60,0.88,agree,6797
r1,إيطاليا,22,agree,نور الدين حشاد,نور الدين بن فرحات بن محمد حشاد,2,0.03,agree,6797
r1,إيطاليا,23,agree,محمد المنذر الزنايدي,محمد المنذر بن عبد العزيز الزنايدي,24,0.35,agree,6797
r1,إيطاليا,24,agree,محمد المنصف المرزوقي,محمد المنصف بن محمد بن أحمد المرزوقي,3127,46.01,agree,6797
r1,إيطاليا,25,agree,سمير العبدلي,سمير بن عز الدين بن ابراهيم العبدلي,35,0.51,agree,6797
r1,إيطاليا,26,agree,محمد الهاشمي حامدي,محمد الهاشمي بن يوسف حامدي,411,6.05,agree,6797
r1,إيطاليا,27,agree,حمة الهمامي,حمة بن علي بن بوساحة الهمامي,531,7.81,agree,6797
r1,ألمانيا,1,agree,العربي نصرة,العربي بن الحبيب بن علي نصرة,1,0.01,agree,7018
r1,ألمانيا,2,agree,عبد الرحيم الزواري,عبد الرحيم بن ابراهيم بن عمار الزواري,1,0.01,agree,7018
r1,ألمانيا,3,agree,كلثوم كنو,كلثوم بنت المبروك بن أحمد كنو,113,1.61,agree,7018
r1,ألمانيا,4,agree,كمال مرجان,كمال بن القنطاوي بن المعراجي مرجان,99,1.41,agree,7018
r1,ألمانيا,5,agree,سالم شائبي,سالم بن عمار الشائبي,2,0.03,agree,7018
r1,ألمانيا,6,agree,عبد الرزاق كيلاني,عبد الرزاق بن علي كيلاني,5,0.07,agree,7018
r1,ألمانيا,7,agree,محمد الباجي قايد السبسي,محمد الباجي بن حسونة قايد السبسي,2067,29.45,agree,7018
r1,ألمانيا,8,agree,سليم الرياحي,سليم بن محمد بن المختار الرياحي,120,1.71,agree,7018
r1,ألمانيا,9,agree,عبد القادر لباوي,عبد القادر بن ابراهيم بن مصطفى اللباوي,4,0.06,agree,7018
r1,ألمانيا,10,agree,مصطفى كامل النابلي,مصطفى كامل بن الحاج علي النابلي,8,0.11,agree,7018
r1,ألمانيا,11,agree,أحمد الصافي سعيد,أحمد الصافي بن ابراهيم سعيد,40,0.57,agree,7018
r1,ألمانيا,12,agree,ياسين الشنوفي,يسين بن المولدي بن خليفة الشنوفي,1,0.01,agree,7018
r1,ألمانيا,13,agree,أحمد نجيب الشابي,أحمد نجيب بن عبد العزيز الشابي,90,1.28,agree,7018
r1,ألمانيا,14,agree,حمودة بن سلامة,حمودة بن محمد بن حمودة بن سلامة,9,0.13,agree,7018
r1,ألمانيا,15,agree,علي شورابي,علي المولدي بن محمد شورابي,6,0.09,agree,7018
r1,ألمانيا,16,agree,محمد الفريخة,محمد بن حسن بن محمد الفريخة,38,0.54,agree,7018
r1,ألمانيا,17,agree,محمد الحامدي,محمد بن المبروك بن محمد الحامدي,4,0.06,agree,7018
r1,ألمانيا,18,agree,المختار الماجري,المختار بن محمد الصالح الماجري,1,0.01,agree,7018
r1,ألمانيا,19,agree,عبد الرؤوف العيادي,عبد الرؤوف بن الصادق العيادي,7,0.1,agree,7018
r1,ألمانيا,20,agree,محرز بوصيان,محرز بن الطيب بن التليلي بوصيان,7,0.1,agree,7018
r1,ألمانيا,21,agree,مصطفى بن جعفر,مصطفى بن محمد بن رشيد بن جعفر,50,0.71,agree,7018
r1,ألمانيا,22,agree,نور الدين حشاد,نور الدين بن فرحات بن محمد حشاد,1,0.01,agree,7018
r1,ألمانيا,23,agree,محمد المنذر الزنايدي,محمد المنذر بن عبد العزيز الزنايدي,20,0.28,agree,7018
r1,ألمانيا,24,agree,محمد المنصف المرزوقي,محمد المنصف بن محمد بن أحمد المرزوقي,3308,47.14,agree,7018
r1,ألمانيا,25,agree,سمير العبدلي,سمير بن عز الدين بن ابراهيم العبدلي,5,0.07,agree,7018
r1,ألمانيا,26,agree,محمد الهاشمي حامدي,محمد الهاشمي بن يوسف حامدي,161,2.29,agree,7018
r1,ألمانيا,27,agree,حمة الهمامي,حمة بن علي بن بوساحة الهمامي,850,12.11,agree,7018
r1,القارة الأمريكية وبقية الدول الأوروبية,1,agree,العربي نصرة,العربي بن الحبيب بن علي نصرة,8,0.05,agree,15632
r1,القارة الأمريكية وبقية الدول الأوروبية,2,agree,عبد الرحيم الزواري,عبد الرحيم بن ابراهيم بن عمار الزواري,4,0.03,agree,15632
r1,القارة الأمريكية وبقية الدول الأوروبية,3,agree,كلثوم كنو,كلثوم بنت المبروك بن أحمد كنو,255,1.63,agree,15632
r1,القارة الأمريكية وبقية الدول الأوروبية,4,agree,كمال مرجان,كمال بن القنطاوي بن المعراجي مرجان,172,1.1,agree,15632
r1,القارة الأمريكية وبقية الدول الأوروبية,5,agree,سالم شائبي,سالم بن عمار الشائبي,2,0.01,agree,15632
r1,القارة الأمريكية وبقية الدول الأوروبية,6,agree,عبد الرزاق كيلاني,عبد الرزاق بن علي كيلاني,14,0.09,agree,15632
r1,القارة الأمريكية وبقية الدول الأوروبية,7,agree,محمد الباجي قايد السبسي,محمد الباجي بن حسونة قايد السبسي,5730,36.66,agree,15632
r1,القارة الأمريكية وبقية الدول الأوروبية,8,agree,سليم الرياحي,سليم بن محمد بن المختار الرياحي,282,1.8,agree,15632
r1,القارة الأمريكية وبقية الدول الأوروبية,9,agree,عبد القادر لباوي,عبد القادر بن ابراهيم بن مصطفى اللباوي,7,0.04,agree,15632
r1,القارة الأمريكية وبقية الدول الأوروبية,10,agree,مصطفى كامل النابلي,مصطفى كامل بن الحاج علي النابلي,30,0.19,agree,15632
r1,القارة الأمريكية وبقية الدول الأوروبية,11,agree,أحمد الصافي سعيد,أحمد الصافي بن ابراهيم سعيد,97,0.62,agree,15632
r1,القارة الأمريكية وبقية الدول الأوروبية,12,agree,ياسين الشنوفي,يسين بن المولدي بن خليفة الشنوفي,0,0.0,agree,15632
r1,القارة الأمريكية وبقية الدول الأوروبية,13,agree,أحمد نجيب الشابي,أحمد نجيب بن عبد العزيز الشابي,202,1.29,agree,15632
r1,القارة الأمريكية وبقية الدول الأوروبية,14,agree,حمودة بن سلامة,حمودة بن محمد بن حمودة بن سلامة,19,0.12,agree,15632
r1,القارة الأمريكية وبقية الدول الأوروبية,15,agree,علي شورابي,علي المولدي بن محمد شورابي,6,0.04,agree,15632
r1,القارة الأمريكية وبقية الدول الأوروبية,16,agree,محمد الفريخة,محمد بن حسن بن محمد الفريخة,60,0.38,agree,15632
r1,القارة الأمريكية وبقية الدول الأوروبية,17,agree,محمد الحامدي,محمد بن المبروك بن محمد الحامدي,11,0.07,agree,15632
r1,القارة الأمريكية وبقية الدول الأوروبية,18,agree,المختار الماجري,المختار بن محمد الصالح الماجري,3,0.02,agree,15632
r1,القارة الأمريكية وبقية الدول الأوروبية,19,agree,عبد الرؤوف العيادي,عبد الرؤوف بن الصادق العيادي,4,0.03,agree,15632
r1,القارة الأمريكية وبقية الدول الأوروبية,20,agree,محرز بوصيان,محرز بن الطيب بن التليلي بوصيان,19,0.12,agree,15632
r1,القارة الأمريكية وبقية الدول الأوروبية,21,agree,مصطفى بن جعفر,مصطفى بن محمد بن رشيد بن جعفر,95,0.61,agree,15632
r1,القارة الأمريكية وبقية الدول الأوروبية,22,agree,نور الدين حشاد,نور الدين بن فرحات بن محمد حشاد,3,0.02,agree,15632
r1,القارة الأمريكية وبقية الدول الأوروبية,23,agree,محمد المنذر الزنايدي,محمد المنذر بن عبد العزيز الزنايدي,66,0.42,agree,15632
r1,القارة الأمريكية وبقية الدول الأوروبية,24,agree,محمد المنصف المرزوقي,محمد المنصف بن محمد بن أحمد المرزوقي,6440,41.2,agree,15632
r1,القارة الأمريكية وبقية الدول الأوروبية,25,agree,سمير العبدلي,سمير بن عز الدين بن ابراهيم العبدلي,9,0.06,agree,15632
r1,القارة الأمريكية وبقية الدول الأوروبية,26,agree,محمد الهاشمي حامدي,محمد الهاشمي بن يوسف حامدي,240,1.54,agree,15632
r1,القارة الأمريكية وبقية الدول الأوروبية,27,agree,حمة الهمامي,حمة بن علي بن بوساحة الهمامي,1854,11.86,agree,15632
r1,الدول العربية وباقي دول العالم,1,agree,العربي نصرة,العربي بن الحبيب بن علي نصرة,12,0.1,agree,12543
r1,الدول العربية وباقي دول العالم,2,agree,عبد الرحيم الزواري,عبد الرحيم بن ابراهيم بن عمار الزواري,2,0.02,agree,12543
r1,الدول العربية وباقي دول العالم,3,agree,كلثوم كنو,كلثوم بنت المبروك بن أحمد كنو,136,1.08,agree,12543
r1,الدول العربية وباقي دول العالم,4,agree,كمال مرجان,كمال بن القنطاوي بن المعراجي مرجان,134,1.07,agree,12543
r1,الدول العربية وباقي دول العالم,5,agree,سالم شائبي,سالم بن عمار الشائبي,6,0.05,agree,12543
r1,الدول العربية وباقي دول العالم,6,agree,عبد الرزاق كيلاني,عبد الرزاق بن علي كيلاني,13,0.1,agree,12543
r1,الدول العربية وباقي دول العالم,7,agree,محمد الباجي قايد السبسي,محمد الباجي بن حسونة قايد السبسي,4199,33.48,agree,12543
r1,الدول العربية وباقي دول العالم,8,agree,سليم الرياحي,سليم بن محمد بن المختار الرياحي,342,2.73,agree,12543
r1,الدول العربية وباقي دول العالم,9,agree,عبد القادر لباوي,عبد القادر بن ابراهيم بن مصطفى اللباوي,2,0.02,agree,12543
r1,الدول العربية وباقي دول العالم,10,agree,مصطفى كامل النابلي,مصطفى كامل بن الحاج علي النابلي,22,0.18,agree,12543
r1,الدول العربية وباقي دول العالم,11,agree,أحمد الصافي سعيد,أحمد الصافي بن ابراهيم سعيد,88,0.7,agree,12543
r1,الدول العربية وباقي دول العالم,12,agree,ياسين الشنوفي,يسين بن المولدي بن خليفة الشنوفي,3,0.02,agree,12543
r1,الدول العربية وباقي دول العالم,13,agree,أحمد نجيب الشابي,أحمد نجيب بن عبد العزيز الشابي,212,1.69,agree,12543
r1,الدول العربية وباقي دول العالم,14,agree,حمودة بن سلامة,حمودة بن محمد بن حمودة بن سلامة,19,0.15,agree,12543
r1,الدول العربية وباقي دول العالم,15,agree,علي شورابي,علي المولدي بن محمد شورابي,5,0.04,agree,12543
r1,الدول العربية وباقي دول العالم,16,agree,محمد الفريخة,محمد بن حسن بن محمد الفريخة,61,0.49,agree,12543
r1,الدول العربية وباقي دول العالم,17,agree,محمد الحامدي,محمد بن المبروك بن محمد الحامدي,7,0.06,agree,12543
r1,الدول العربية وباقي دول العالم,18,agree,المختار الماجري,المختار بن محمد الصالح الماجري,0,0.0,agree,12543
r1,الدول العربية وباقي دول العالم,19,agree,عبد الرؤوف العيادي,عبد الرؤوف بن الصادق العيادي,6,0.05,agree,12543
r1,الدول العربية وباقي دول العالم,20,agree,محرز بوصيان,محرز بن الطيب بن التليلي بوصيان,8,0.06,agree,12543
r1,الدول العربية وباقي دول العالم,21,agree,مصطفى بن جعفر,مصطفى بن محمد بن رشيد بن جعفر,92,0.73,agree,12543
r1,الدول العربية وباقي دول العالم,22,agree,نور الدين حشاد,نور الدين بن فرحات بن محمد حشاد,4,0.03,agree,12543
r1,الدول العربية وباقي دول العالم,23,agree,محمد المنذر الزنايدي,محمد المنذر بن عبد العزيز الزنايدي,58,0.46,agree,12543
r1,الدول العربية وباقي دول العالم,24,agree,محمد المنصف المرزوقي,محمد المنصف بن محمد بن أحمد المرزوقي,5817,46.38,agree,12543
r1,الدول العربية وباقي دول العالم,25,agree,سمير العبدلي,سمير بن عز الدين بن ابراهيم العبدلي,4,0.03,agree,12543
r1,الدول العربية وباقي دول العالم,26,agree,محمد الهاشمي حامدي,محمد الهاشمي بن يوسف حامدي,236,1.88,agree,12543
r1,الدول العربية وباقي دول العالم,27,agree,حمة الهمامي,حمة بن علي بن بوساحة الهمامي,1055,8.41,agree,12543
r2,تونس 1,1,,محمد الباجي بن حسونة قايد السبسي,محمد الباجي بن حسونة قايد السبسي,88327,56.94,recomputed,155122
r2,تونس 1,2,,محمد المنصف بن محمد بن أحمد المرزوقي,محمد المنصف بن محمد بن أحمد المرزوقي,66795,43.06,recomputed,155122
r2,تونس 2,1,,محمد الباجي بن حسونة قايد السبسي,محمد الباجي بن حسونة قايد السبسي,136194,70.3,recomputed,193723
r2,تونس 2,2,,محمد المنصف بن محمد بن أحمد المرزوقي,محمد المنصف بن محمد بن أحمد المرزوقي,57529,29.7,recomputed,193723
r2,أريانة,1,,محمد الباجي بن حسونة قايد السبسي,محمد الباجي بن حسونة قايد السبسي,104503,64.52,recomputed,161967
r2,أريانة,2,,محمد المنصف بن محمد بن أحمد المرزوقي,محمد المنصف بن محمد بن أحمد المرزوقي,57464,35.48,recomputed,161967
r2,منوبة,1,,محمد الباجي بن حسونة قايد السبسي,محمد الباجي بن حسونة قايد السبسي,58959,57.43,recomputed,102670
r2,منوبة,2,,محمد المنصف بن محمد بن أحمد المرزوقي,محمد المنصف بن محمد بن أحمد المرزوقي,43711,42.57,recomputed,102670
r2,بن عروس,1,,محمد الباجي بن حسونة قايد السبسي,محمد الباجي بن حسونة قايد السبسي,113542,57.64,recomputed,196976
r2,بن عروس,2,,محمد المنصف بن محمد بن أحمد المرزوقي,محمد المنصف بن محمد بن أحمد المرزوقي,83434,42.36,recomputed,196976
r2,بنزرت,1,,محمد الباجي بن حسونة قايد السبسي,محمد الباجي بن حسونة قايد السبسي,85547,59.99,recomputed,142592
r2,بنزرت,2,,محمد المنصف بن محمد بن أحمد المرزوقي,محمد المنصف بن محمد بن أحمد المرزوقي,57045,40.01,recomputed,142592
r2,نابل 1,1,,محمد الباجي بن حسونة قايد السبسي,محمد الباجي بن حسونة قايد السبسي,93298,70.33,recomputed,132662
r2,نابل 1,2,,محمد المنصف بن محمد بن أحمد المرزوقي,محمد المنصف بن محمد بن أحمد المرزوقي,39364,29.67,recomputed,132662
r2,نابل 2,1,,محمد الباجي بن حسونة قايد السبسي,محمد الباجي بن حسونة قايد السبسي,73958,70.55,recomputed,104833
r2,نابل 2,2,,محمد المنصف بن محمد بن أحمد المرزوقي,محمد المنصف بن محمد بن أحمد المرزوقي,30875,29.45,recomputed,104833
r2,زغوان,1,,محمد الباجي بن حسونة قايد السبسي,محمد الباجي بن حسونة قايد السبسي,28400,62.34,recomputed,45559
r2,زغوان,2,,محمد المنصف بن محمد بن أحمد المرزوقي,محمد المنصف بن محمد بن أحمد المرزوقي,17159,37.66,recomputed,45559
r2,باجة,1,,محمد الباجي بن حسونة قايد السبسي,محمد الباجي بن حسونة قايد السبسي,51588,70.55,recomputed,73121
r2,باجة,2,,محمد المنصف بن محمد بن أحمد المرزوقي,محمد المنصف بن محمد بن أحمد المرزوقي,21533,29.45,recomputed,73121
r2,الكاف,1,,محمد الباجي بن حسونة قايد السبسي,محمد الباجي بن حسونة قايد السبسي,51100,75.36,recomputed,67804
r2,الكاف,2,,محمد المنصف بن محمد بن أحمد المرزوقي,محمد المنصف بن محمد بن أحمد المرزوقي,16704,24.64,recomputed,67804
r2,سليانة,1,,محمد الباجي بن حسونة قايد السبسي,محمد الباجي بن حسونة قايد السبسي,34810,71.22,recomputed,48874
r2,سليانة,2,,محمد المنصف بن محمد بن أحمد المرزوقي,محمد المنصف بن محمد بن أحمد المرزوقي,14064,28.78,recomputed,48874
r2,جندوبة,1,,محمد الباجي بن حسونة قايد السبسي,محمد الباجي بن حسونة قايد السبسي,60864,69.74,recomputed,87274
r2,جندوبة,2,,محمد المنصف بن محمد بن أحمد المرزوقي,محمد المنصف بن محمد بن أحمد المرزوقي,26410,30.26,recomputed,87274
r2,القيروان,1,,محمد المنصف بن محمد بن أحمد المرزوقي,محمد المنصف بن محمد بن أحمد المرزوقي,55651,50.43,recomputed,110353
r2,القيروان,2,,محمد الباجي بن حسونة قايد السبسي,محمد الباجي بن حسونة قايد السبسي,54702,49.57,recomputed,110353
r2,سوسة,1,,محمد الباجي بن حسونة قايد السبسي,محمد الباجي بن حسونة قايد السبسي,126399,67.3,recomputed,187809
r2,سوسة,2,,محمد المنصف بن محمد بن أحمد المرزوقي,محمد المنصف بن محمد بن أحمد المرزوقي,61410,32.7,recomputed,187809
r2,المنستير,1,,محمد الباجي بن حسونة قايد السبسي,محمد الباجي بن حسونة قايد السبسي,122387,73.38,recomputed,166781
r2,المنستير,2,,محمد المنصف بن محمد بن أحمد المرزوقي,محمد المنصف بن محمد بن أحمد المرزوقي,44394,26.62,recomputed,166781
r2,المهدية,1,,محمد الباجي بن حسونة قايد السبسي,محمد الباجي بن حسونة قايد السبسي,64627,67.6,recomputed,95609
r2,المهدية,2,,محمد المنصف بن محمد بن أحمد المرزوقي,محمد المنصف بن محمد بن أحمد المرزوقي,30982,32.4,recomputed,95609
r2,القصرين,1,,محمد المنصف بن محمد بن أحمد المرزوقي,محمد المنصف بن محمد بن أحمد المرزوقي,49488,53.01,recomputed,93353
r2,القصرين,2,,محمد الباجي بن حسونة قايد السبسي,محمد الباجي بن حسونة قايد السبسي,43865,46.99,recomputed,93353
r2,سيدي بوزيد,1,,محمد الباجي بن حسونة قايد السبسي,محمد الباجي بن حسونة قايد السبسي,52005,62.06,recomputed,83794
r2,سيدي بوزيد,2,,محمد المنصف بن محمد بن أحمد المرزوقي,محمد المنصف بن محمد بن أحمد المرزوقي,31789,37.94,recomputed,83794
r2,قفصة,1,,محمد المنصف بن محمد بن أحمد المرزوقي,محمد المنصف بن محمد بن أحمد المرزوقي,60547,64.21,recomputed,94300
r2,قفصة,2,,محمد الباجي بن حسونة قايد السبسي,محمد الباجي بن حسونة قايد السبسي,33753,35.79,recomputed,94300
r2,توزر,1,,محمد المنصف بن محمد بن أحمد المرزوقي,محمد المنصف بن محمد بن أحمد المرزوقي,25010,70.43,recomputed,35511
r2,توزر,2,,محمد الباجي بن حسونة قايد السبسي,محمد الباجي بن حسونة قايد السبسي,10501,29.57,recomputed,35511
r2,صفاقس 1,1,,محمد المنصف بن محمد بن أحمد المرزوقي,محمد المنصف بن محمد بن أحمد المرزوقي,69675,57.73,recomputed,120689
r2,صفاقس 1,2,,محمد الباجي بن حسونة قايد السبسي,محمد الباجي بن حسونة قايد السبسي,51014,42.27,recomputed,120689
r2,صفاقس 2,1,,محمد المنصف بن محمد بن أحمد المرزوقي,محمد المنصف بن محمد بن أحمد المرزوقي,86256,51.79,recomputed,166548
r2,صفاقس 2,2,,محمد الباجي بن حسونة قايد السبسي,محمد الباجي بن حسونة قايد السبسي,80292,48.21,recomputed,166548
r2,قابس,1,,محمد المنصف بن محمد بن أحمد المرزوقي,محمد المنصف بن محمد بن أحمد المرزوقي,94961,79.83,recomputed,118954
r2,قابس,2,,محمد الباجي بن حسونة قايد السبسي,محمد الباجي بن حسونة قايد السبسي,23993,20.17,recomputed,118954
r2,مدنين,1,,محمد المنصف بن محمد بن أحمد المرزوقي,محمد المنصف بن محمد بن أحمد المرزوقي,101436,81.08,recomputed,125099
r2,مدنين,2,,محمد الباجي بن حسونة قايد السبسي,محمد الباجي بن حسونة قايد السبسي,23663,18.92,recomputed,125099
r2,تطاوين,1,,محمد المنصف بن محمد بن أحمد المرزوقي,محمد المنصف بن محمد بن أحمد المرزوقي,32040,88.89,recomputed,36046
r2,تطاوين,2,,محمد الباجي بن حسونة قايد السبسي,محمد الباجي بن حسونة قايد السبسي,4006,11.11,recomputed,36046
r2,قبلي,1,,محمد المنصف بن محمد بن أحمد المرزوقي,محمد المنصف بن محمد بن أحمد المرزوقي,50974,85.84,recomputed,59382
r2,قبلي,2,,محمد الباجي بن حسونة قايد السبسي,محمد الباجي بن حسونة قايد السبسي,8408,14.16,recomputed,59382
r2,فرنسا 1,1,,محمد المنصف بن محمد بن أحمد المرزوقي,محمد المنصف بن محمد بن أحمد المرزوقي,18439,50.86,recomputed,36252
r2,فرنسا 1,2,,محمد الباجي بن حسونة قايد السبسي,محمد الباجي بن حسونة قايد السبسي,17813,49.14,recomputed,36252
r2,فرنسا 2,1,,محمد الباجي بن حسونة قايد السبسي,محمد الباجي بن حسونة قايد السبسي,16185,56.1,recomputed,28848
r2,فرنسا 2,2,,محمد المنصف بن محمد بن أحمد المرزوقي,محمد المنصف بن محمد بن أحمد المرزوقي,12663,43.9,recomputed,28848
r2,إيطاليا,1,,محمد المنصف بن محمد بن أحمد المرزوقي,محمد المنصف بن محمد بن أحمد المرزوقي,3634,61.29,recomputed,5929
r2,إيطاليا,2,,محمد الباجي بن حسونة قايد السبسي,محمد الباجي بن حسونة قايد السبسي,2295,38.71,recomputed,5929
r2,ألمانيا,1,,محمد المنصف بن محمد بن أحمد المرزوقي,محمد المنصف بن محمد بن أحمد المرزوقي,3564,57.96,recomputed,6149
r2,ألمانيا,2,,محمد الباجي بن حسونة قايد السبسي,محمد الباجي بن حسونة قايد السبسي,2585,42.04,recomputed,6149
r2,القارة الأمريكية وبقية الدول الأوروبية,1,,محمد المنصف بن محمد بن أحمد المرزوقي,محمد المنصف بن محمد بن أحمد المرزوقي,7016,50.44,recomputed,13910
r2,القارة الأمريكية وبقية الدول الأوروبية,2,,محمد الباجي بن حسونة قايد السبسي,محمد الباجي بن حسونة قايد السبسي,6894,49.56,recomputed,13910
r2,الدول العربية وباقي دول العالم,1,,محمد المنصف بن محمد بن أحمد المرزوقي,محمد المنصف بن محمد بن أحمد المرزوقي,6497,56.26,recomputed,11549
r2,الدول العربية وباقي دول العالم,2,,محمد الباجي بن حسونة قايد السبسي,محمد الباجي بن حسونة قايد السبسي,5052,43.74,recomputed,11549
