constituency,rank,candidate,votes,share_pct,constituency_valid_votes
أريانة,1,منجي الرحوي,1421,0.82,173306
أريانة,2,محمد املحرزي عبو,9395,5.42,173306
أريانة,3,عبير موسي,8192,4.73,173306
أريانة,4,نبيل القروي,20926,12.07,173306
أريانة,5,محمد لطفي مرايحي,11794,6.81,173306
أريانة,6,املهدي جمعه,4119,2.38,173306
أريانة,7,حمادي الجبالي,228,0.13,173306
أريانة,8,حمه الهمامي,884,0.51,173306
أريانة,9,محمد املنصف املرزوقي,2447,1.41,173306
أريانة,10,عبد الكريم زبيدي,27706,15.99,173306
أريانة,11,محسن مرزوق,369,0.21,173306
أريانة,12,محمد الصغير نوري,159,0.09,173306
أريانة,13,محمد الهاشمي حامدي,365,0.21,173306
أريانة,14,عبد الفتاح مورو,21433,12.37,173306
أريانة,15,عمر منصور,1165,0.67,173306
أريانة,16,يوسف الشاهد,19135,11.04,173306
أريانة,17,قيس سعيد,27662,15.96,173306
أريانة,18,الياس الفخفاخ,812,0.47,173306
أريانة,19,سليم الرياحي,167,0.10,173306
أريانة,20,سلمه اللومي,187,0.11,173306
أريانة,21,سعيد علي مروان العايدي,777,0.45,173306
أريانة,22,أحمد الصافي سعيد,7072,4.08,173306
أريانة,23,الناجي جلول,311,0.18,173306
أريانة,24,حاتم بولبيار,140,0.08,173306
أريانة,25,عبيد بريكي,192,0.11,173306
أريانة,26,سيف الدين مخلوف,6248,3.61,173306
أملانيا,1,منجي الرحوي,51,0.92,5545
أملانيا,2,محمد املحرزي عبو,746,13.45,5545
أملانيا,3,عبير موسي,277,5.00,5545
أملانيا,4,نبيل القروي,169,3.05,5545
أملانيا,5,محمد لطفي مرايحي,467,8.42,5545
أملانيا,6,املهدي جمعه,167,3.01,5545
أملانيا,7,حمادي الجبالي,11,0.20,5545
أملانيا,8,حمه الهمامي,37,0.67,5545
أملانيا,9,محمد املنصف املرزوقي,244,4.40,5545
أملانيا,10,عبد الكريم زبيدي,535,9.65,5545
أملانيا,11,محسن مرزوق,12,0.22,5545
أملانيا,12,محمد الصغير نوري,2,0.04,5545
أملانيا,13,محمد الهاشمي حامدي,8,0.14,5545
أملانيا,14,عبد الفتاح مورو,1159,20.90,5545
أملانيا,15,عمر منصور,1,0.02,5545
أملانيا,16,يوسف الشاهد,343,6.19,5545
أملانيا,17,قيس سعيد,338,6.10,5545
أملانيا,18,الياس الفخفاخ,39,0.70,5545
أملانيا,19,سليم الرياحي,5,0.09,5545
أملانيا,20,سلمه اللومي,10,0.18,5545
أملانيا,21,سعيد علي مروان العايدي,35,0.63,5545
أملانيا,22,أحمد الصافي سعيد,349,6.29,5545
أملانيا,23,الناجي جلول,5,0.09,5545
أملانيا,24,حاتم بولبيار,4,0.07,5545
أملانيا,25,عبيد بريكي,5,0.09,5545
أملانيا,26,سيف الدين مخلوف,526,9.49,5545
إيطاليا,1,منجي الرحوي,20,0.38,5258
إيطاليا,2,محمد املحرزي عبو,161,3.06,5258
إيطاليا,3,عبير موسي,238,4.53,5258
إيطاليا,4,نبيل القروي,371,7.06,5258
إيطاليا,5,محمد لطفي مرايحي,252,4.79,5258
إيطاليا,6,املهدي جمعه,103,1.96,5258
إيطاليا,7,حمادي الجبالي,14,0.27,5258
إيطاليا,8,حمه الهمامي,45,0.86,5258
إيطاليا,9,محمد املنصف املرزوقي,357,6.79,5258
إيطاليا,10,عبد الكريم زبيدي,432,8.22,5258
إيطاليا,11,محسن مرزوق,9,0.17,5258
إيطاليا,12,محمد الصغير نوري,3,0.06,5258
إيطاليا,13,محمد الهاشمي حامدي,55,1.05,5258
إيطاليا,14,عبد الفتاح مورو,919,17.48,5258
إيطاليا,15,عمر منصور,8,0.15,5258
إيطاليا,16,يوسف الشاهد,158,3.00,5258
إيطاليا,17,قيس سعيد,858,16.32,5258
إيطاليا,18,الياس الفخفاخ,5,0.10,5258
إيطاليا,19,سليم الرياحي,6,0.11,5258
إيطاليا,20,سلمه اللومي,5,0.10,5258
إيطاليا,21,سعيد علي مروان العايدي,11,0.21,5258
إيطاليا,22,أحمد الصافي سعيد,418,7.95,5258
إيطاليا,23,الناجي جلول,12,0.23,5258
إيطاليا,24,حاتم بولبيار,2,0.04,5258
إيطاليا,25,عبيد بريكي,5,0.10,5258
إيطاليا,26,سيف الدين مخلوف,791,15.04,5258
الدول العربية وباقي دول العالم,1,منجي الرحوي,61,0.57,10760
الدول العربية وباقي دول العالم,2,محمد املحرزي عبو,831,7.72,10760
الدول العربية وباقي دول العالم,3,عبير موسي,362,3.36,10760
الدول العربية وباقي دول العالم,4,نبيل القروي,422,3.92,10760
الدول العربية وباقي دول العالم,5,محمد لطفي مرايحي,1404,13.05,10760
الدول العربية وباقي دول العالم,6,املهدي جمعه,345,3.21,10760
الدول العربية وباقي دول العالم,7,حمادي الجبالي,18,0.17,10760
الدول العربية وباقي دول العالم,8,حمه الهمامي,58,0.54,10760
الدول العربية وباقي دول العالم,9,محمد املنصف املرزوقي,461,4.28,10760
الدول العربية وباقي دول العالم,10,عبد الكريم زبيدي,1446,13.44,10760
الدول العربية وباقي دول العالم,11,محسن مرزوق,40,0.37,10760
الدول العربية وباقي دول العالم,12,محمد الصغير نوري,7,0.07,10760
الدول العربية وباقي دول العالم,13,محمد الهاشمي حامدي,19,0.18,10760
الدول العربية وباقي دول العالم,14,عبد الفتاح مورو,2018,18.75,10760
الدول العربية وباقي دول العالم,15,عمر منصور,13,0.12,10760
الدول العربية وباقي دول العالم,16,يوسف الشاهد,507,4.71,10760
الدول العربية وباقي دول العالم,17,قيس سعيد,1077,10.01,10760
الدول العربية وباقي دول العالم,18,الياس الفخفاخ,56,0.52,10760
الدول العربية وباقي دول العالم,19,سليم الرياحي,8,0.07,10760
الدول العربية وباقي دول العالم,20,سلمه اللومي,10,0.09,10760
الدول العربية وباقي دول العالم,21,سعيد علي مروان العايدي,59,0.55,10760
الدول العربية وباقي دول العالم,22,أحمد الصافي سعيد,550,5.11,10760
الدول العربية وباقي دول العالم,23,الناجي جلول,20,0.19,10760
الدول العربية وباقي دول العالم,24,حاتم بولبيار,1,0.01,10760
الدول العربية وباقي دول العالم,25,عبيد بريكي,3,0.03,10760
الدول العربية وباقي دول العالم,26,سيف الدين مخلوف,964,8.96,10760
القارة األمريكية وبقية الدول األوروبية,1,منجي الرحوي,101,0.80,12663
القارة األمريكية وبقية الدول األوروبية,2,محمد املحرزي عبو,1359,10.73,12663
القارة األمريكية وبقية الدول األوروبية,3,عبير موسي,789,6.23,12663
القارة األمريكية وبقية الدول األوروبية,4,نبيل القروي,369,2.91,12663
القارة األمريكية وبقية الدول األوروبية,5,محمد لطفي مرايحي,1016,8.02,12663
القارة األمريكية وبقية الدول األوروبية,6,املهدي جمعه,380,3.00,12663
القارة األمريكية وبقية الدول األوروبية,7,حمادي الجبالي,17,0.13,12663
القارة األمريكية وبقية الدول األوروبية,8,حمه الهمامي,97,0.77,12663
القارة األمريكية وبقية الدول األوروبية,9,محمد املنصف املرزوقي,610,4.82,12663
القارة األمريكية وبقية الدول األوروبية,10,عبد الكريم زبيدي,2058,16.25,12663
القارة األمريكية وبقية الدول األوروبية,11,محسن مرزوق,26,0.21,12663
القارة األمريكية وبقية الدول األوروبية,12,محمد الصغير نوري,5,0.04,12663
القارة األمريكية وبقية الدول األوروبية,13,محمد الهاشمي حامدي,27,0.21,12663
القارة األمريكية وبقية الدول األوروبية,14,عبد الفتاح مورو,2239,17.68,12663
القارة األمريكية وبقية الدول األوروبية,15,عمر منصور,20,0.16,12663
القارة األمريكية وبقية الدول األوروبية,16,يوسف الشاهد,932,7.36,12663
القارة األمريكية وبقية الدول األوروبية,17,قيس سعيد,807,6.37,12663
القارة األمريكية وبقية الدول األوروبية,18,الياس الفخفاخ,81,0.64,12663
القارة األمريكية وبقية الدول األوروبية,19,سليم الرياحي,5,0.04,12663
القارة األمريكية وبقية الدول األوروبية,20,سلمه اللومي,21,0.17,12663
القارة األمريكية وبقية الدول األوروبية,21,سعيد علي مروان العايدي,84,0.66,12663
القارة األمريكية وبقية الدول األوروبية,22,أحمد الصافي سعيد,578,4.56,12663
القارة األمريكية وبقية الدول األوروبية,23,الناجي جلول,8,0.06,12663
القارة األمريكية وبقية الدول األوروبية,24,حاتم بولبيار,4,0.03,12663
القارة األمريكية وبقية الدول األوروبية,25,عبيد بريكي,12,0.09,12663
القارة األمريكية وبقية الدول األوروبية,26,سيف الدين مخلوف,1018,8.04,12663
القصرين,1,منجي الرحوي,754,0.69,109880
القصرين,2,محمد املحرزي عبو,1189,1.08,109880
القصرين,3,عبير موسي,1497,1.36,109880
القصرين,4,نبيل القروي,19074,17.36,109880
القصرين,5,محمد لطفي مرايحي,50476,45.94,109880
القصرين,6,املهدي جمعه,652,0.59,109880
القصرين,7,حمادي الجبالي,241,0.22,109880
القصرين,8,حمه الهمامي,550,0.50,109880
القصرين,9,محمد املنصف املرزوقي,2204,2.01,109880
القصرين,10,عبد الكريم زبيدي,3341,3.04,109880
القصرين,11,محسن مرزوق,282,0.26,109880
القصرين,12,محمد الصغير نوري,165,0.15,109880
القصرين,13,محمد الهاشمي حامدي,1171,1.07,109880
القصرين,14,عبد الفتاح مورو,11543,10.51,109880
القصرين,15,عمر منصور,420,0.38,109880
القصرين,16,يوسف الشاهد,5000,4.55,109880
القصرين,17,قيس سعيد,5366,4.88,109880
القصرين,18,الياس الفخفاخ,143,0.13,109880
القصرين,19,سليم الرياحي,254,0.23,109880
القصرين,20,سلمه اللومي,118,0.11,109880
القصرين,21,سعيد علي مروان العايدي,138,0.13,109880
القصرين,22,أحمد الصافي سعيد,2752,2.50,109880
القصرين,23,الناجي جلول,234,0.21,109880
القصرين,24,حاتم بولبيار,143,0.13,109880
القصرين,25,عبيد بريكي,304,0.28,109880
القصرين,26,سيف الدين مخلوف,1869,1.70,109880
القيروان,1,منجي الرحوي,901,0.71,126957
القيروان,2,محمد املحرزي عبو,4849,3.82,126957
القيروان,3,عبير موسي,2937,2.31,126957
القيروان,4,نبيل القروي,29952,23.59,126957
القيروان,5,محمد لطفي مرايحي,4075,3.21,126957
القيروان,6,املهدي جمعه,1256,0.99,126957
القيروان,7,حمادي الجبالي,322,0.25,126957
القيروان,8,حمه الهمامي,1330,1.05,126957
القيروان,9,محمد املنصف املرزوقي,2874,2.26,126957
القيروان,10,عبد الكريم زبيدي,8738,6.88,126957
القيروان,11,محسن مرزوق,441,0.35,126957
القيروان,12,محمد الصغير نوري,206,0.16,126957
القيروان,13,محمد الهاشمي حامدي,1880,1.48,126957
القيروان,14,عبد الفتاح مورو,16289,12.83,126957
القيروان,15,عمر منصور,427,0.34,126957
القيروان,16,يوسف الشاهد,8375,6.60,126957
القيروان,17,قيس سعيد,28942,22.80,126957
القيروان,18,الياس الفخفاخ,231,0.18,126957
القيروان,19,سليم الرياحي,224,0.18,126957
القيروان,20,سلمه اللومي,163,0.13,126957
القيروان,21,سعيد علي مروان العايدي,281,0.22,126957
القيروان,22,أحمد الصافي سعيد,6027,4.75,126957
القيروان,23,الناجي جلول,278,0.22,126957
القيروان,24,حاتم بولبيار,202,0.16,126957
القيروان,25,عبيد بريكي,210,0.17,126957
القيروان,26,سيف الدين مخلوف,5547,4.37,126957
الكاف,1,منجي الرحوي,1585,2.41,65813
الكاف,2,محمد املحرزي عبو,1302,1.98,65813
الكاف,3,عبير موسي,2464,3.74,65813
الكاف,4,نبيل القروي,20283,30.82,65813
الكاف,5,محمد لطفي مرايحي,6842,10.40,65813
الكاف,6,املهدي جمعه,746,1.13,65813
الكاف,7,حمادي الجبالي,161,0.24,65813
الكاف,8,حمه الهمامي,649,0.99,65813
الكاف,9,محمد املنصف املرزوقي,685,1.04,65813
الكاف,10,عبد الكريم زبيدي,4501,6.84,65813
الكاف,11,محسن مرزوق,218,0.33,65813
الكاف,12,محمد الصغير نوري,129,0.20,65813
الكاف,13,محمد الهاشمي حامدي,375,0.57,65813
الكاف,14,عبد الفتاح مورو,6361,9.67,65813
الكاف,15,عمر منصور,255,0.39,65813
الكاف,16,يوسف الشاهد,3123,4.75,65813
الكاف,17,قيس سعيد,11964,18.18,65813
الكاف,18,الياس الفخفاخ,79,0.12,65813
الكاف,19,سليم الرياحي,122,0.19,65813
الكاف,20,سلمه اللومي,135,0.21,65813
الكاف,21,سعيد علي مروان العايدي,150,0.23,65813
الكاف,22,أحمد الصافي سعيد,2332,3.54,65813
الكاف,23,الناجي جلول,196,0.30,65813
الكاف,24,حاتم بولبيار,92,0.14,65813
الكاف,25,عبيد بريكي,125,0.19,65813
الكاف,26,سيف الدين مخلوف,939,1.43,65813
املنستير,1,منجي الرحوي,704,0.37,188527
املنستير,2,محمد املحرزي عبو,3040,1.61,188527
املنستير,3,عبير موسي,11169,5.92,188527
املنستير,4,نبيل القروي,18340,9.73,188527
املنستير,5,محمد لطفي مرايحي,6297,3.34,188527
املنستير,6,املهدي جمعه,9153,4.86,188527
املنستير,7,حمادي الجبالي,333,0.18,188527
املنستير,8,حمه الهمامي,692,0.37,188527
املنستير,9,محمد املنصف املرزوقي,1224,0.65,188527
املنستير,10,عبد الكريم زبيدي,51137,27.12,188527
املنستير,11,محسن مرزوق,281,0.15,188527
املنستير,12,محمد الصغير نوري,160,0.08,188527
املنستير,13,محمد الهاشمي حامدي,400,0.21,188527
املنستير,14,عبد الفتاح مورو,17384,9.22,188527
املنستير,15,عمر منصور,225,0.12,188527
املنستير,16,يوسف الشاهد,7389,3.92,188527
املنستير,17,قيس سعيد,48592,25.77,188527
املنستير,18,الياس الفخفاخ,279,0.15,188527
املنستير,19,سليم الرياحي,172,0.09,188527
املنستير,20,سلمه اللومي,210,0.11,188527
املنستير,21,سعيد علي مروان العايدي,410,0.22,188527
املنستير,22,أحمد الصافي سعيد,6371,3.38,188527
املنستير,23,الناجي جلول,710,0.38,188527
املنستير,24,حاتم بولبيار,120,0.06,188527
املنستير,25,عبيد بريكي,121,0.06,188527
املنستير,26,سيف الدين مخلوف,3614,1.92,188527
املهدية,1,منجي الرحوي,776,0.64,120780
املهدية,2,محمد املحرزي عبو,1747,1.45,120780
املهدية,3,عبير موسي,4777,3.96,120780
املهدية,4,نبيل القروي,20346,16.85,120780
املهدية,5,محمد لطفي مرايحي,2546,2.11,120780
املهدية,6,املهدي جمعه,6250,5.17,120780
املهدية,7,حمادي الجبالي,275,0.23,120780
املهدية,8,حمه الهمامي,684,0.57,120780
املهدية,9,محمد املنصف املرزوقي,1197,0.99,120780
املهدية,10,عبد الكريم زبيدي,24250,20.08,120780
املهدية,11,محسن مرزوق,307,0.25,120780
املهدية,12,محمد الصغير نوري,170,0.14,120780
املهدية,13,محمد الهاشمي حامدي,637,0.53,120780
املهدية,14,عبد الفتاح مورو,11784,9.76,120780
املهدية,15,عمر منصور,250,0.21,120780
املهدية,16,يوسف الشاهد,4250,3.52,120780
املهدية,17,قيس سعيد,29339,24.29,120780
املهدية,18,الياس الفخفاخ,195,0.16,120780
املهدية,19,سليم الرياحي,191,0.16,120780
املهدية,20,سلمه اللومي,196,0.16,120780
املهدية,21,سعيد علي مروان العايدي,184,0.15,120780
املهدية,22,أحمد الصافي سعيد,5053,4.18,120780
املهدية,23,الناجي جلول,264,0.22,120780
املهدية,24,حاتم بولبيار,144,0.12,120780
املهدية,25,عبيد بريكي,153,0.13,120780
املهدية,26,سيف الدين مخلوف,4815,3.99,120780
باجة,1,منجي الرحوي,1025,1.30,78754
باجة,2,محمد املحرزي عبو,1988,2.52,78754
باجة,3,عبير موسي,5772,7.33,78754
باجة,4,نبيل القروي,24403,30.99,78754
باجة,5,محمد لطفي مرايحي,2893,3.67,78754
باجة,6,املهدي جمعه,872,1.11,78754
باجة,7,حمادي الجبالي,164,0.21,78754
باجة,8,حمه الهمامي,644,0.82,78754
باجة,9,محمد املنصف املرزوقي,1057,1.34,78754
باجة,10,عبد الكريم زبيدي,4615,5.86,78754
باجة,11,محسن مرزوق,253,0.32,78754
باجة,12,محمد الصغير نوري,149,0.19,78754
باجة,13,محمد الهاشمي حامدي,474,0.60,78754
باجة,14,عبد الفتاح مورو,8960,11.38,78754
باجة,15,عمر منصور,354,0.45,78754
باجة,16,يوسف الشاهد,4815,6.11,78754
باجة,17,قيس سعيد,13568,17.23,78754
باجة,18,الياس الفخفاخ,123,0.16,78754
باجة,19,سليم الرياحي,154,0.20,78754
باجة,20,سلمه اللومي,287,0.36,78754
باجة,21,سعيد علي مروان العايدي,214,0.27,78754
باجة,22,أحمد الصافي سعيد,3619,4.60,78754
باجة,23,الناجي جلول,224,0.28,78754
باجة,24,حاتم بولبيار,141,0.18,78754
باجة,25,عبيد بريكي,136,0.17,78754
باجة,26,سيف الدين مخلوف,1850,2.35,78754
بن عروس,1,منجي الرحوي,2011,0.95,211774
بن عروس,2,محمد املحرزي عبو,13597,6.42,211774
بن عروس,3,عبير موسي,10115,4.78,211774
بن عروس,4,نبيل القروي,26758,12.64,211774
بن عروس,5,محمد لطفي مرايحي,17920,8.46,211774
بن عروس,6,املهدي جمعه,3980,1.88,211774
بن عروس,7,حمادي الجبالي,304,0.14,211774
بن عروس,8,حمه الهمامي,1350,0.64,211774
بن عروس,9,محمد املنصف املرزوقي,3704,1.75,211774
بن عروس,10,عبد الكريم زبيدي,20953,9.89,211774
بن عروس,11,محسن مرزوق,312,0.15,211774
بن عروس,12,محمد الصغير نوري,248,0.12,211774
بن عروس,13,محمد الهاشمي حامدي,500,0.24,211774
بن عروس,14,عبد الفتاح مورو,28532,13.47,211774
بن عروس,15,عمر منصور,754,0.36,211774
بن عروس,16,يوسف الشاهد,22552,10.65,211774
بن عروس,17,قيس سعيد,34797,16.43,211774
بن عروس,18,الياس الفخفاخ,598,0.28,211774
بن عروس,19,سليم الرياحي,229,0.11,211774
بن عروس,20,سلمه اللومي,235,0.11,211774
بن عروس,21,سعيد علي مروان العايدي,668,0.32,211774
بن عروس,22,أحمد الصافي سعيد,10570,4.99,211774
بن عروس,23,الناجي جلول,422,0.20,211774
بن عروس,24,حاتم بولبيار,166,0.08,211774
بن عروس,25,عبيد بريكي,298,0.14,211774
بن عروس,26,سيف الدين مخلوف,10201,4.82,211774
بنزرت,1,منجي الرحوي,999,0.63,158927
بنزرت,2,محمد املحرزي عبو,5767,3.63,158927
بنزرت,3,عبير موسي,7177,4.52,158927
بنزرت,4,نبيل القروي,45320,28.52,158927
بنزرت,5,محمد لطفي مرايحي,6906,4.35,158927
بنزرت,6,املهدي جمعه,2656,1.67,158927
بنزرت,7,حمادي الجبالي,333,0.21,158927
بنزرت,8,حمه الهمامي,749,0.47,158927
بنزرت,9,محمد املنصف املرزوقي,2878,1.81,158927
بنزرت,10,عبد الكريم زبيدي,9091,5.72,158927
بنزرت,11,محسن مرزوق,343,0.22,158927
بنزرت,12,محمد الصغير نوري,201,0.13,158927
بنزرت,13,محمد الهاشمي حامدي,487,0.31,158927
بنزرت,14,عبد الفتاح مورو,19685,12.39,158927
بنزرت,15,عمر منصور,382,0.24,158927
بنزرت,16,يوسف الشاهد,8555,5.38,158927
بنزرت,17,قيس سعيد,31520,19.83,158927
بنزرت,18,الياس الفخفاخ,327,0.21,158927
بنزرت,19,سليم الرياحي,202,0.13,158927
بنزرت,20,سلمه اللومي,215,0.14,158927
بنزرت,21,سعيد علي مروان العايدي,478,0.30,158927
بنزرت,22,أحمد الصافي سعيد,6448,4.06,158927
بنزرت,23,الناجي جلول,366,0.23,158927
بنزرت,24,حاتم بولبيار,221,0.14,158927
بنزرت,25,عبيد بريكي,169,0.11,158927
بنزرت,26,سيف الدين مخلوف,7452,4.69,158927
تطاوين,1,منجي الرحوي,119,0.34,35518
تطاوين,2,محمد املحرزي عبو,393,1.11,35518
تطاوين,3,عبير موسي,327,0.92,35518
تطاوين,4,نبيل القروي,757,2.13,35518
تطاوين,5,محمد لطفي مرايحي,313,0.88,35518
تطاوين,6,املهدي جمعه,510,1.44,35518
تطاوين,7,حمادي الجبالي,212,0.60,35518
تطاوين,8,حمه الهمامي,98,0.28,35518
تطاوين,9,محمد املنصف املرزوقي,5262,14.82,35518
تطاوين,10,عبد الكريم زبيدي,839,2.36,35518
تطاوين,11,محسن مرزوق,92,0.26,35518
تطاوين,12,محمد الصغير نوري,70,0.20,35518
تطاوين,13,محمد الهاشمي حامدي,185,0.52,35518
تطاوين,14,عبد الفتاح مورو,8689,24.46,35518
تطاوين,15,عمر منصور,69,0.19,35518
تطاوين,16,يوسف الشاهد,2534,7.13,35518
تطاوين,17,قيس سعيد,4337,12.21,35518
تطاوين,18,الياس الفخفاخ,161,0.45,35518
تطاوين,19,سليم الرياحي,58,0.16,35518
تطاوين,20,سلمه اللومي,42,0.12,35518
تطاوين,21,سعيد علي مروان العايدي,36,0.10,35518
تطاوين,22,أحمد الصافي سعيد,1471,4.14,35518
تطاوين,23,الناجي جلول,33,0.09,35518
تطاوين,24,حاتم بولبيار,51,0.14,35518
تطاوين,25,عبيد بريكي,63,0.18,35518
تطاوين,26,سيف الدين مخلوف,8797,24.77,35518
توزر,1,منجي الرحوي,131,0.38,34506
توزر,2,محمد املحرزي عبو,589,1.71,34506
توزر,3,عبير موسي,904,2.62,34506
توزر,4,نبيل القروي,5138,14.89,34506
توزر,5,محمد لطفي مرايحي,756,2.19,34506
توزر,6,املهدي جمعه,762,2.21,34506
توزر,7,حمادي الجبالي,127,0.37,34506
توزر,8,حمه الهمامي,226,0.65,34506
توزر,9,محمد املنصف املرزوقي,2125,6.16,34506
توزر,10,عبد الكريم زبيدي,1431,4.15,34506
توزر,11,محسن مرزوق,74,0.21,34506
توزر,12,محمد الصغير نوري,37,0.11,34506
توزر,13,محمد الهاشمي حامدي,147,0.43,34506
توزر,14,عبد الفتاح مورو,5072,14.70,34506
توزر,15,عمر منصور,73,0.21,34506
توزر,16,يوسف الشاهد,2474,7.17,34506
توزر,17,قيس سعيد,7972,23.10,34506
توزر,18,الياس الفخفاخ,96,0.28,34506
توزر,19,سليم الرياحي,69,0.20,34506
توزر,20,سلمه اللومي,59,0.17,34506
توزر,21,سعيد علي مروان العايدي,56,0.16,34506
توزر,22,أحمد الصافي سعيد,4611,13.36,34506
توزر,23,الناجي جلول,82,0.24,34506
توزر,24,حاتم بولبيار,43,0.12,34506
توزر,25,عبيد بريكي,49,0.14,34506
توزر,26,سيف الدين مخلوف,1403,4.07,34506
تونس 1,1,منجي الرحوي,1229,0.80,154140
تونس 1,2,محمد املحرزي عبو,9116,5.91,154140
تونس 1,3,عبير موسي,6941,4.50,154140
تونس 1,4,نبيل القروي,24226,15.72,154140
تونس 1,5,محمد لطفي مرايحي,9253,6.00,154140
تونس 1,6,املهدي جمعه,2394,1.55,154140
تونس 1,7,حمادي الجبالي,285,0.18,154140
تونس 1,8,حمه الهمامي,991,0.64,154140
تونس 1,9,محمد املنصف املرزوقي,2999,1.95,154140
تونس 1,10,عبد الكريم زبيدي,12264,7.96,154140
تونس 1,11,محسن مرزوق,283,0.18,154140
تونس 1,12,محمد الصغير نوري,191,0.12,154140
تونس 1,13,محمد الهاشمي حامدي,392,0.25,154140
تونس 1,14,عبد الفتاح مورو,24072,15.62,154140
تونس 1,15,عمر منصور,1217,0.79,154140
تونس 1,16,يوسف الشاهد,15710,10.19,154140
تونس 1,17,قيس سعيد,25623,16.62,154140
تونس 1,18,الياس الفخفاخ,340,0.22,154140
تونس 1,19,سليم الرياحي,203,0.13,154140
تونس 1,20,سلمه اللومي,237,0.15,154140
تونس 1,21,سعيد علي مروان العايدي,460,0.30,154140
تونس 1,22,أحمد الصافي سعيد,7546,4.90,154140
تونس 1,23,الناجي جلول,332,0.22,154140
تونس 1,24,حاتم بولبيار,172,0.11,154140
تونس 1,25,عبيد بريكي,242,0.16,154140
تونس 1,26,سيف الدين مخلوف,7422,4.82,154140
تونس 2,1,منجي الرحوي,1761,0.92,191737
تونس 2,2,محمد املحرزي عبو,12443,6.49,191737
تونس 2,3,عبير موسي,11724,6.11,191737
تونس 2,4,نبيل القروي,21076,10.99,191737
تونس 2,5,محمد لطفي مرايحي,13836,7.22,191737
تونس 2,6,املهدي جمعه,5430,2.83,191737
تونس 2,7,حمادي الجبالي,190,0.10,191737
تونس 2,8,حمه الهمامي,1023,0.53,191737
تونس 2,9,محمد املنصف املرزوقي,2298,1.20,191737
تونس 2,10,عبد الكريم زبيدي,37452,19.53,191737
تونس 2,11,محسن مرزوق,253,0.13,191737
تونس 2,12,محمد الصغير نوري,181,0.09,191737
تونس 2,13,محمد الهاشمي حامدي,263,0.14,191737
تونس 2,14,عبد الفتاح مورو,19179,10.00,191737
تونس 2,15,عمر منصور,784,0.41,191737
تونس 2,16,يوسف الشاهد,27018,14.09,191737
تونس 2,17,قيس سعيد,21006,10.96,191737
تونس 2,18,الياس الفخفاخ,746,0.39,191737
تونس 2,19,سليم الرياحي,126,0.07,191737
تونس 2,20,سلمه اللومي,205,0.11,191737
تونس 2,21,سعيد علي مروان العايدي,1190,0.62,191737
تونس 2,22,أحمد الصافي سعيد,6775,3.53,191737
تونس 2,23,الناجي جلول,323,0.17,191737
تونس 2,24,حاتم بولبيار,166,0.09,191737
تونس 2,25,عبيد بريكي,220,0.11,191737
تونس 2,26,سيف الدين مخلوف,6069,3.17,191737
جندوبة,1,منجي الرحوي,4014,4.40,91229
جندوبة,2,محمد املحرزي عبو,1217,1.33,91229
جندوبة,3,عبير موسي,2709,2.97,91229
جندوبة,4,نبيل القروي,27427,30.06,91229
جندوبة,5,محمد لطفي مرايحي,2223,2.44,91229
جندوبة,6,املهدي جمعه,771,0.85,91229
جندوبة,7,حمادي الجبالي,266,0.29,91229
جندوبة,8,حمه الهمامي,528,0.58,91229
جندوبة,9,محمد املنصف املرزوقي,1243,1.36,91229
جندوبة,10,عبد الكريم زبيدي,4460,4.89,91229
جندوبة,11,محسن مرزوق,337,0.37,91229
جندوبة,12,محمد الصغير نوري,211,0.23,91229
جندوبة,13,محمد الهاشمي حامدي,447,0.49,91229
جندوبة,14,عبد الفتاح مورو,10395,11.39,91229
جندوبة,15,عمر منصور,371,0.41,91229
جندوبة,16,يوسف الشاهد,7064,7.74,91229
جندوبة,17,قيس سعيد,20933,22.95,91229
جندوبة,18,الياس الفخفاخ,164,0.18,91229
جندوبة,19,سليم الرياحي,163,0.18,91229
جندوبة,20,سلمه اللومي,206,0.23,91229
جندوبة,21,سعيد علي مروان العايدي,237,0.26,91229
جندوبة,22,أحمد الصافي سعيد,3450,3.78,91229
جندوبة,23,الناجي جلول,361,0.40,91229
جندوبة,24,حاتم بولبيار,165,0.18,91229
جندوبة,25,عبيد بريكي,164,0.18,91229
جندوبة,26,سيف الدين مخلوف,1703,1.87,91229
زغوان,1,منجي الرحوي,318,0.59,54297
زغوان,2,محمد املحرزي عبو,972,1.79,54297
زغوان,3,عبير موسي,1847,3.40,54297
زغوان,4,نبيل القروي,13322,24.54,54297
زغوان,5,محمد لطفي مرايحي,1371,2.53,54297
زغوان,6,املهدي جمعه,634,1.17,54297
زغوان,7,حمادي الجبالي,122,0.22,54297
زغوان,8,حمه الهمامي,310,0.57,54297
زغوان,9,محمد املنصف املرزوقي,771,1.42,54297
زغوان,10,عبد الكريم زبيدي,3493,6.43,54297
زغوان,11,محسن مرزوق,168,0.31,54297
زغوان,12,محمد الصغير نوري,81,0.15,54297
زغوان,13,محمد الهاشمي حامدي,261,0.48,54297
زغوان,14,عبد الفتاح مورو,5284,9.73,54297
زغوان,15,عمر منصور,149,0.27,54297
زغوان,16,يوسف الشاهد,3826,7.05,54297
زغوان,17,قيس سعيد,16214,29.86,54297
زغوان,18,الياس الفخفاخ,112,0.21,54297
زغوان,19,سليم الرياحي,102,0.19,54297
زغوان,20,سلمه اللومي,171,0.31,54297
زغوان,21,سعيد علي مروان العايدي,101,0.19,54297
زغوان,22,أحمد الصافي سعيد,2810,5.18,54297
زغوان,23,الناجي جلول,121,0.22,54297
زغوان,24,حاتم بولبيار,79,0.15,54297
زغوان,25,عبيد بريكي,110,0.20,54297
زغوان,26,سيف الدين مخلوف,1548,2.85,54297
سليانة,1,منجي الرحوي,504,0.89,56905
سليانة,2,محمد املحرزي عبو,865,1.52,56905
سليانة,3,عبير موسي,2480,4.36,56905
سليانة,4,نبيل القروي,14528,25.53,56905
سليانة,5,محمد لطفي مرايحي,3904,6.86,56905
سليانة,6,املهدي جمعه,507,0.89,56905
سليانة,7,حمادي الجبالي,174,0.31,56905
سليانة,8,حمه الهمامي,1418,2.49,56905
سليانة,9,محمد املنصف املرزوقي,767,1.35,56905
سليانة,10,عبد الكريم زبيدي,2990,5.25,56905
سليانة,11,محسن مرزوق,235,0.41,56905
سليانة,12,محمد الصغير نوري,116,0.20,56905
سليانة,13,محمد الهاشمي حامدي,340,0.60,56905
سليانة,14,عبد الفتاح مورو,5563,9.78,56905
سليانة,15,عمر منصور,325,0.57,56905
سليانة,16,يوسف الشاهد,4743,8.33,56905
سليانة,17,قيس سعيد,13051,22.93,56905
سليانة,18,الياس الفخفاخ,192,0.34,56905
سليانة,19,سليم الرياحي,110,0.19,56905
سليانة,20,سلمه اللومي,192,0.34,56905
سليانة,21,سعيد علي مروان العايدي,147,0.26,56905
سليانة,22,أحمد الصافي سعيد,2403,4.22,56905
سليانة,23,الناجي جلول,195,0.34,56905
سليانة,24,حاتم بولبيار,107,0.19,56905
سليانة,25,عبيد بريكي,94,0.17,56905
سليانة,26,سيف الدين مخلوف,955,1.68,56905
سوسة,1,منجي الرحوي,1054,0.50,210025
سوسة,2,محمد املحرزي عبو,4416,2.10,210025
سوسة,3,عبير موسي,9188,4.37,210025
سوسة,4,نبيل القروي,29463,14.03,210025
سوسة,5,محمد لطفي مرايحي,7857,3.74,210025
سوسة,6,املهدي جمعه,3634,1.73,210025
سوسة,7,حمادي الجبالي,582,0.28,210025
سوسة,8,حمه الهمامي,1129,0.54,210025
سوسة,9,محمد املنصف املرزوقي,2913,1.39,210025
سوسة,10,عبد الكريم زبيدي,53652,25.55,210025
سوسة,11,محسن مرزوق,314,0.15,210025
سوسة,12,محمد الصغير نوري,168,0.08,210025
سوسة,13,محمد الهاشمي حامدي,742,0.35,210025
سوسة,14,عبد الفتاح مورو,21097,10.04,210025
سوسة,15,عمر منصور,250,0.12,210025
سوسة,16,يوسف الشاهد,12547,5.97,210025
سوسة,17,قيس سعيد,43496,20.71,210025
سوسة,18,الياس الفخفاخ,298,0.14,210025
سوسة,19,سليم الرياحي,202,0.10,210025
سوسة,20,سلمه اللومي,198,0.09,210025
سوسة,21,سعيد علي مروان العايدي,589,0.28,210025
سوسة,22,أحمد الصافي سعيد,8608,4.10,210025
سوسة,23,الناجي جلول,449,0.21,210025
سوسة,24,حاتم بولبيار,163,0.08,210025
سوسة,25,عبيد بريكي,183,0.09,210025
سوسة,26,سيف الدين مخلوف,6833,3.25,210025
سيدي بوزيد,1,منجي الرحوي,800,0.76,105404
سيدي بوزيد,2,محمد املحرزي عبو,1230,1.17,105404
سيدي بوزيد,3,عبير موسي,2351,2.23,105404
سيدي بوزيد,4,نبيل القروي,15954,15.14,105404
سيدي بوزيد,5,محمد لطفي مرايحي,3118,2.96,105404
سيدي بوزيد,6,املهدي جمعه,1347,1.28,105404
سيدي بوزيد,7,حمادي الجبالي,251,0.24,105404
سيدي بوزيد,8,حمه الهمامي,1752,1.66,105404
سيدي بوزيد,9,محمد املنصف املرزوقي,2364,2.24,105404
سيدي بوزيد,10,عبد الكريم زبيدي,7909,7.50,105404
سيدي بوزيد,11,محسن مرزوق,310,0.29,105404
سيدي بوزيد,12,محمد الصغير نوري,596,0.57,105404
سيدي بوزيد,13,محمد الهاشمي حامدي,11500,10.91,105404
سيدي بوزيد,14,عبد الفتاح مورو,12162,11.54,105404
سيدي بوزيد,15,عمر منصور,304,0.29,105404
سيدي بوزيد,16,يوسف الشاهد,5169,4.90,105404
سيدي بوزيد,17,قيس سعيد,19124,18.14,105404
سيدي بوزيد,18,الياس الفخفاخ,164,0.16,105404
سيدي بوزيد,19,سليم الرياحي,205,0.19,105404
سيدي بوزيد,20,سلمه اللومي,176,0.17,105404
سيدي بوزيد,21,سعيد علي مروان العايدي,150,0.14,105404
سيدي بوزيد,22,أحمد الصافي سعيد,15234,14.45,105404
سيدي بوزيد,23,الناجي جلول,236,0.22,105404
سيدي بوزيد,24,حاتم بولبيار,152,0.14,105404
سيدي بوزيد,25,عبيد بريكي,267,0.25,105404
سيدي بوزيد,26,سيف الدين مخلوف,2579,2.45,105404
صفاقس 1,1,منجي الرحوي,969,0.65,150182
صفاقس 1,2,محمد املحرزي عبو,6806,4.53,150182
صفاقس 1,3,عبير موسي,4401,2.93,150182
صفاقس 1,4,نبيل القروي,19489,12.98,150182
صفاقس 1,5,محمد لطفي مرايحي,11667,7.77,150182
صفاقس 1,6,املهدي جمعه,1805,1.20,150182
صفاقس 1,7,حمادي الجبالي,270,0.18,150182
صفاقس 1,8,حمه الهمامي,1303,0.87,150182
صفاقس 1,9,محمد املنصف املرزوقي,3419,2.28,150182
صفاقس 1,10,عبد الكريم زبيدي,8502,5.66,150182
صفاقس 1,11,محسن مرزوق,313,0.21,150182
صفاقس 1,12,محمد الصغير نوري,142,0.09,150182
صفاقس 1,13,محمد الهاشمي حامدي,695,0.46,150182
صفاقس 1,14,عبد الفتاح مورو,23382,15.57,150182
صفاقس 1,15,عمر منصور,195,0.13,150182
صفاقس 1,16,يوسف الشاهد,8768,5.84,150182
صفاقس 1,17,قيس سعيد,36316,24.18,150182
صفاقس 1,18,الياس الفخفاخ,1314,0.87,150182
صفاقس 1,19,سليم الرياحي,146,0.10,150182
صفاقس 1,20,سلمه اللومي,146,0.10,150182
صفاقس 1,21,سعيد علي مروان العايدي,568,0.38,150182
صفاقس 1,22,أحمد الصافي سعيد,10944,7.29,150182
صفاقس 1,23,الناجي جلول,190,0.13,150182
صفاقس 1,24,حاتم بولبيار,152,0.10,150182
صفاقس 1,25,عبيد بريكي,196,0.13,150182
صفاقس 1,26,سيف الدين مخلوف,8084,5.38,150182
صفاقس 2,1,منجي الرحوي,882,0.50,194838
صفاقس 2,2,محمد املحرزي عبو,11500,5.90,194838
صفاقس 2,3,عبير موسي,6434,3.30,194838
صفاقس 2,4,نبيل القروي,21858,11.20,194838
صفاقس 2,5,محمد لطفي مرايحي,18334,9.40,194838
صفاقس 2,6,املهدي جمعه,2707,1.40,194838
صفاقس 2,7,حمادي الجبالي,326,0.20,194838
صفاقس 2,8,حمه الهمامي,956,0.50,194838
صفاقس 2,9,محمد املنصف املرزوقي,4720,2.40,194838
صفاقس 2,10,عبد الكريم زبيدي,15812,8.10,194838
صفاقس 2,11,محسن مرزوق,460,0.20,194838
صفاقس 2,12,محمد الصغير نوري,169,0.10,194838
صفاقس 2,13,محمد الهاشمي حامدي,897,0.50,194838
صفاقس 2,14,عبد الفتاح مورو,25509,13.10,194838
صفاقس 2,15,عمر منصور,220,0.10,194838
صفاقس 2,16,يوسف الشاهد,14456,7.40,194838
صفاقس 2,17,قيس سعيد,39602,20.30,194838
صفاقس 2,18,الياس الفخفاخ,2381,1.20,194838
صفاقس 2,19,سليم الرياحي,186,0.10,194838
صفاقس 2,20,سلمه اللومي,163,0.10,194838
صفاقس 2,21,سعيد علي مروان العايدي,1106,0.60,194838
صفاقس 2,22,أحمد الصافي سعيد,14321,7.40,194838
صفاقس 2,23,الناجي جلول,214,0.10,194838
صفاقس 2,24,حاتم بولبيار,148,0.10,194838
صفاقس 2,25,عبيد بريكي,209,0.10,194838
صفاقس 2,26,سيف الدين مخلوف,11268,5.80,194838
فرنسا 1,1,منجي الرحوي,271,0.95,28450
فرنسا 1,2,محمد املحرزي عبو,3056,10.74,28450
فرنسا 1,3,عبير موسي,1162,4.08,28450
فرنسا 1,4,نبيل القروي,1472,5.17,28450
فرنسا 1,5,محمد لطفي مرايحي,1762,6.19,28450
فرنسا 1,6,املهدي جمعه,1191,4.19,28450
فرنسا 1,7,حمادي الجبالي,80,0.28,28450
فرنسا 1,8,حمه الهمامي,275,0.97,28450
فرنسا 1,9,محمد املنصف املرزوقي,2174,7.64,28450
فرنسا 1,10,عبد الكريم زبيدي,4696,16.51,28450
فرنسا 1,11,محسن مرزوق,88,0.31,28450
فرنسا 1,12,محمد الصغير نوري,16,0.06,28450
فرنسا 1,13,محمد الهاشمي حامدي,43,0.15,28450
فرنسا 1,14,عبد الفتاح مورو,4403,15.48,28450
فرنسا 1,15,عمر منصور,42,0.15,28450
فرنسا 1,16,يوسف الشاهد,2376,8.35,28450
فرنسا 1,17,قيس سعيد,1585,5.57,28450
فرنسا 1,18,الياس الفخفاخ,257,0.90,28450
فرنسا 1,19,سليم الرياحي,15,0.05,28450
فرنسا 1,20,سلمه اللومي,49,0.17,28450
فرنسا 1,21,سعيد علي مروان العايدي,298,1.05,28450
فرنسا 1,22,أحمد الصافي سعيد,1283,4.51,28450
فرنسا 1,23,الناجي جلول,42,0.15,28450
فرنسا 1,24,حاتم بولبيار,15,0.05,28450
فرنسا 1,25,عبيد بريكي,45,0.16,28450
فرنسا 1,26,سيف الدين مخلوف,1754,6.17,28450
فرنسا 2,1,منجي الرحوي,237,1.25,18896
فرنسا 2,2,محمد املحرزي عبو,884,4.68,18896
فرنسا 2,3,عبير موسي,1230,6.51,18896
فرنسا 2,4,نبيل القروي,2816,14.90,18896
فرنسا 2,5,محمد لطفي مرايحي,1225,6.48,18896
فرنسا 2,6,املهدي جمعه,550,2.91,18896
فرنسا 2,7,حمادي الجبالي,72,0.38,18896
فرنسا 2,8,حمه الهمامي,178,0.94,18896
فرنسا 2,9,محمد املنصف املرزوقي,1384,7.32,18896
فرنسا 2,10,عبد الكريم زبيدي,2426,12.84,18896
فرنسا 2,11,محسن مرزوق,58,0.31,18896
فرنسا 2,12,محمد الصغير نوري,16,0.08,18896
فرنسا 2,13,محمد الهاشمي حامدي,61,0.32,18896
فرنسا 2,14,عبد الفتاح مورو,2550,13.49,18896
فرنسا 2,15,عمر منصور,24,0.13,18896
فرنسا 2,16,يوسف الشاهد,1305,6.91,18896
فرنسا 2,17,قيس سعيد,1495,7.91,18896
فرنسا 2,18,الياس الفخفاخ,65,0.34,18896
فرنسا 2,19,سليم الرياحي,34,0.18,18896
فرنسا 2,20,سلمه اللومي,55,0.29,18896
فرنسا 2,21,سعيد علي مروان العايدي,92,0.49,18896
فرنسا 2,22,أحمد الصافي سعيد,915,4.84,18896
فرنسا 2,23,الناجي جلول,61,0.32,18896
فرنسا 2,24,حاتم بولبيار,25,0.13,18896
فرنسا 2,25,عبيد بريكي,20,0.11,18896
فرنسا 2,26,سيف الدين مخلوف,1118,5.92,18896
قابس,1,منجي الرحوي,510,0.47,109278
قابس,2,محمد املحرزي عبو,2334,2.14,109278
قابس,3,عبير موسي,1872,1.71,109278
قابس,4,نبيل القروي,8372,7.66,109278
قابس,5,محمد لطفي مرايحي,3817,3.49,109278
قابس,6,املهدي جمعه,710,0.65,109278
قابس,7,حمادي الجبالي,414,0.38,109278
قابس,8,حمه الهمامي,566,0.52,109278
قابس,9,محمد املنصف املرزوقي,10463,9.57,109278
قابس,10,عبد الكريم زبيدي,4938,4.52,109278
قابس,11,محسن مرزوق,229,0.21,109278
قابس,12,محمد الصغير نوري,165,0.15,109278
قابس,13,محمد الهاشمي حامدي,501,0.46,109278
قابس,14,عبد الفتاح مورو,24099,22.05,109278
قابس,15,عمر منصور,274,0.25,109278
قابس,16,يوسف الشاهد,5790,5.30,109278
قابس,17,قيس سعيد,20541,18.80,109278
قابس,18,الياس الفخفاخ,422,0.39,109278
قابس,19,سليم الرياحي,176,0.16,109278
قابس,20,سلمه اللومي,156,0.14,109278
قابس,21,سعيد علي مروان العايدي,168,0.15,109278
قابس,22,أحمد الصافي سعيد,13907,12.73,109278
قابس,23,الناجي جلول,180,0.16,109278
قابس,24,حاتم بولبيار,135,0.12,109278
قابس,25,عبيد بريكي,190,0.17,109278
قابس,26,سيف الدين مخلوف,8349,7.64,109278
قبلي,1,منجي الرحوي,241,0.41,58893
قبلي,2,محمد املحرزي عبو,644,1.09,58893
قبلي,3,عبير موسي,1392,2.36,58893
قبلي,4,نبيل القروي,2979,5.06,58893
قبلي,5,محمد لطفي مرايحي,605,1.03,58893
قبلي,6,املهدي جمعه,354,0.60,58893
قبلي,7,حمادي الجبالي,208,0.35,58893
قبلي,8,حمه الهمامي,513,0.87,58893
قبلي,9,محمد املنصف املرزوقي,18326,31.12,58893
قبلي,10,عبد الكريم زبيدي,1933,3.28,58893
قبلي,11,محسن مرزوق,110,0.19,58893
قبلي,12,محمد الصغير نوري,98,0.17,58893
قبلي,13,محمد الهاشمي حامدي,146,0.25,58893
قبلي,14,عبد الفتاح مورو,9756,16.57,58893
قبلي,15,عمر منصور,85,0.14,58893
قبلي,16,يوسف الشاهد,2097,3.56,58893
قبلي,17,قيس سعيد,6558,11.14,58893
قبلي,18,الياس الفخفاخ,506,0.86,58893
قبلي,19,سليم الرياحي,89,0.15,58893
قبلي,20,سلمه اللومي,99,0.17,58893
قبلي,21,سعيد علي مروان العايدي,49,0.08,58893
قبلي,22,أحمد الصافي سعيد,6638,11.27,58893
قبلي,23,الناجي جلول,77,0.13,58893
قبلي,24,حاتم بولبيار,51,0.09,58893
قبلي,25,عبيد بريكي,110,0.19,58893
قبلي,26,سيف الدين مخلوف,5229,8.88,58893
قفصة,1,منجي الرحوي,702,0.65,107989
قفصة,2,محمد املحرزي عبو,1249,1.16,107989
قفصة,3,عبير موسي,1570,1.45,107989
قفصة,4,نبيل القروي,11073,10.25,107989
قفصة,5,محمد لطفي مرايحي,1096,1.01,107989
قفصة,6,املهدي جمعه,391,0.36,107989
قفصة,7,حمادي الجبالي,224,0.21,107989
قفصة,8,حمه الهمامي,1011,0.94,107989
قفصة,9,محمد املنصف املرزوقي,2043,1.89,107989
قفصة,10,عبد الكريم زبيدي,3239,3.00,107989
قفصة,11,محسن مرزوق,164,0.15,107989
قفصة,12,محمد الصغير نوري,110,0.10,107989
قفصة,13,محمد الهاشمي حامدي,582,0.54,107989
قفصة,14,عبد الفتاح مورو,11421,10.58,107989
قفصة,15,عمر منصور,215,0.20,107989
قفصة,16,يوسف الشاهد,5270,4.88,107989
قفصة,17,قيس سعيد,7181,6.65,107989
قفصة,18,الياس الفخفاخ,140,0.13,107989
قفصة,19,سليم الرياحي,120,0.11,107989
قفصة,20,سلمه اللومي,69,0.06,107989
قفصة,21,سعيد علي مروان العايدي,183,0.17,107989
قفصة,22,أحمد الصافي سعيد,57238,53.00,107989
قفصة,23,الناجي جلول,206,0.19,107989
قفصة,24,حاتم بولبيار,101,0.09,107989
قفصة,25,عبيد بريكي,797,0.74,107989
قفصة,26,سيف الدين مخلوف,1594,1.48,107989
مدنني,1,منجي الرحوي,692,0.55,126153
مدنني,2,محمد املحرزي عبو,3675,2.91,126153
مدنني,3,عبير موسي,2183,1.73,126153
مدنني,4,نبيل القروي,6113,4.85,126153
مدنني,5,محمد لطفي مرايحي,2312,1.83,126153
مدنني,6,املهدي جمعه,1298,1.03,126153
مدنني,7,حمادي الجبالي,522,0.41,126153
مدنني,8,حمه الهمامي,449,0.36,126153
مدنني,9,محمد املنصف املرزوقي,12471,9.89,126153
مدنني,10,عبد الكريم زبيدي,4121,3.27,126153
مدنني,11,محسن مرزوق,224,0.18,126153
مدنني,12,محمد الصغير نوري,164,0.13,126153
مدنني,13,محمد الهاشمي حامدي,598,0.47,126153
مدنني,14,عبد الفتاح مورو,32512,25.77,126153
مدنني,15,عمر منصور,226,0.18,126153
مدنني,16,يوسف الشاهد,11781,9.34,126153
مدنني,17,قيس سعيد,19907,15.78,126153
مدنني,18,الياس الفخفاخ,399,0.32,126153
مدنني,19,سليم الرياحي,183,0.15,126153
مدنني,20,سلمه اللومي,153,0.12,126153
مدنني,21,سعيد علي مروان العايدي,180,0.14,126153
مدنني,22,أحمد الصافي سعيد,10773,8.54,126153
مدنني,23,الناجي جلول,157,0.12,126153
مدنني,24,حاتم بولبيار,162,0.13,126153
مدنني,25,عبيد بريكي,615,0.49,126153
مدنني,26,سيف الدين مخلوف,14283,11.32,126153
منوبة,1,منجي الرحوي,859,0.78,109982
منوبة,2,محمد املحرزي عبو,5543,5.04,109982
منوبة,3,عبير موسي,4067,3.70,109982
منوبة,4,نبيل القروي,20185,18.35,109982
منوبة,5,محمد لطفي مرايحي,6493,5.90,109982
منوبة,6,املهدي جمعه,1529,1.39,109982
منوبة,7,حمادي الجبالي,215,0.20,109982
منوبة,8,حمه الهمامي,711,0.65,109982
منوبة,9,محمد املنصف املرزوقي,1708,1.55,109982
منوبة,10,عبد الكريم زبيدي,7847,7.13,109982
منوبة,11,محسن مرزوق,249,0.23,109982
منوبة,12,محمد الصغير نوري,147,0.13,109982
منوبة,13,محمد الهاشمي حامدي,346,0.31,109982
منوبة,14,عبد الفتاح مورو,16110,14.65,109982
منوبة,15,عمر منصور,494,0.45,109982
منوبة,16,يوسف الشاهد,9789,8.90,109982
منوبة,17,قيس سعيد,21792,19.81,109982
منوبة,18,الياس الفخفاخ,199,0.18,109982
منوبة,19,سليم الرياحي,167,0.15,109982
منوبة,20,سلمه اللومي,158,0.14,109982
منوبة,21,سعيد علي مروان العايدي,257,0.23,109982
منوبة,22,أحمد الصافي سعيد,6000,5.46,109982
منوبة,23,الناجي جلول,244,0.22,109982
منوبة,24,حاتم بولبيار,119,0.11,109982
منوبة,25,عبيد بريكي,179,0.16,109982
منوبة,26,سيف الدين مخلوف,4575,4.16,109982
نابل 1,1,منجي الرحوي,943,0.62,151793
نابل 1,2,محمد املحرزي عبو,5761,3.80,151793
نابل 1,3,عبير موسي,10009,6.59,151793
نابل 1,4,نبيل القروي,28032,18.47,151793
نابل 1,5,محمد لطفي مرايحي,12073,7.95,151793
نابل 1,6,املهدي جمعه,2355,1.55,151793
نابل 1,7,حمادي الجبالي,211,0.14,151793
نابل 1,8,حمه الهمامي,1206,0.79,151793
نابل 1,9,محمد املنصف املرزوقي,1301,0.86,151793
نابل 1,10,عبد الكريم زبيدي,14423,9.50,151793
نابل 1,11,محسن مرزوق,299,0.20,151793
نابل 1,12,محمد الصغير نوري,187,0.12,151793
نابل 1,13,محمد الهاشمي حامدي,410,0.27,151793
نابل 1,14,عبد الفتاح مورو,14371,9.47,151793
نابل 1,15,عمر منصور,308,0.20,151793
نابل 1,16,يوسف الشاهد,9948,6.55,151793
نابل 1,17,قيس سعيد,36084,23.77,151793
نابل 1,18,الياس الفخفاخ,367,0.24,151793
نابل 1,19,سليم الرياحي,202,0.13,151793
نابل 1,20,سلمه اللومي,575,0.38,151793
نابل 1,21,سعيد علي مروان العايدي,543,0.36,151793
نابل 1,22,أحمد الصافي سعيد,7374,4.86,151793
نابل 1,23,الناجي جلول,310,0.20,151793
نابل 1,24,حاتم بولبيار,199,0.13,151793
نابل 1,25,عبيد بريكي,182,0.12,151793
نابل 1,26,سيف الدين مخلوف,4120,2.71,151793
نابل 2,1,منجي الرحوي,710,0.62,113814
نابل 2,2,محمد املحرزي عبو,3623,3.18,113814
نابل 2,3,عبير موسي,6904,6.07,113814
نابل 2,4,نبيل القروي,24504,21.53,113814
نابل 2,5,محمد لطفي مرايحي,6287,5.52,113814
نابل 2,6,املهدي جمعه,1813,1.59,113814
نابل 2,7,حمادي الجبالي,192,0.17,113814
نابل 2,8,حمه الهمامي,840,0.74,113814
نابل 2,9,محمد املنصف املرزوقي,1645,1.45,113814
نابل 2,10,عبد الكريم زبيدي,10634,9.34,113814
نابل 2,11,محسن مرزوق,223,0.20,113814
نابل 2,12,محمد الصغير نوري,129,0.11,113814
نابل 2,13,محمد الهاشمي حامدي,330,0.29,113814
نابل 2,14,عبد الفتاح مورو,10598,9.31,113814
نابل 2,15,عمر منصور,261,0.23,113814
نابل 2,16,يوسف الشاهد,11250,9.88,113814
نابل 2,17,قيس سعيد,23064,20.26,113814
نابل 2,18,الياس الفخفاخ,241,0.21,113814
نابل 2,19,سليم الرياحي,177,0.16,113814
نابل 2,20,سلمه اللومي,192,0.17,113814
نابل 2,21,سعيد علي مروان العايدي,299,0.26,113814
نابل 2,22,أحمد الصافي سعيد,5511,4.84,113814
نابل 2,23,الناجي جلول,303,0.27,113814
نابل 2,24,حاتم بولبيار,119,0.10,113814
نابل 2,25,عبيد بريكي,131,0.12,113814
نابل 2,26,سيف الدين مخلوف,3834,3.37,113814
