procedure,reference_number,reference_year,year_published,month_published,language,title_from_filename,title_from_ocr,source_file,drive_id,source_url
cahier des charges,,,2020,10,fr,CC CONSOMABLES INFORMATIQUES 2020,,CC-CONSOMABLES-INFORMATIQUES-2020.pdf,19jNsDze1-rqXCjPxsgAA4q8_fNKdNJVY,https://drive.google.com/uc?export=download&id=19jNsDze1-rqXCjPxsgAA4q8_fNKdNJVY
cahier des charges,,,2020,10,fr,CC NETTOYAGE ET DESINFECTION 2020,,CC-NETTOYAGE-ET-DESINFECTION-2020.pdf,1ivwukLpvMVccv8Z6yVZouSYvbhuD7Jbs,https://drive.google.com/uc?export=download&id=1ivwukLpvMVccv8Z6yVZouSYvbhuD7Jbs
cahier des charges,,,2020,12,fr,CC Hebergement Site ISIE,,CC-Hebergement-Site-ISIE.pdf,143OVw_BKGBeenscC73cdmf6UMbJFrub-,https://drive.google.com/uc?export=download&id=143OVw_BKGBeenscC73cdmf6UMbJFrub-
cahier des charges,,,2020,12,fr,CCAP,,CCAP.pdf,1lIyx5qtGWru2aXhZxDt2Rghn3aipeMtR,https://drive.google.com/uc?export=download&id=1lIyx5qtGWru2aXhZxDt2Rghn3aipeMtR
cahier des charges,1,2021,2021,01,fr,CC 1 2021 FR,,CC-1-2021-FR.pdf,1AW9UlVS8hOAGsJHOoXxnn4TGYMuiowlp,https://drive.google.com/uc?export=download&id=1AW9UlVS8hOAGsJHOoXxnn4TGYMuiowlp
appel d'offres simplifié,2,2021,2021,03,fr,CC AOS 2 2021 Inventaire ISIE,,CC-AOS-2-2021-Inventaire-ISIE.pdf,1zs08bJlW0ocBiolYJLgPu3pQeHNYZboh,https://drive.google.com/uc?export=download&id=1zs08bJlW0ocBiolYJLgPu3pQeHNYZboh
appel d'offres simplifié,3,2021,2021,04,fr,CC AOS 3 2021 compressé,,CC-AOS-3-2021-compressé.pdf,11jgSoSRMW3n1wCt-IgDXNv8WamBxHTyW,https://drive.google.com/uc?export=download&id=11jgSoSRMW3n1wCt-IgDXNv8WamBxHTyW
cahier des charges,12,2021,2021,08,fr,CC C 12 2021 FR,,CC-C-12-2021-FR.pdf,1Vy3CMy9D3pSJ_9dGAzTBMU6YDJfdpwzq,https://drive.google.com/uc?export=download&id=1Vy3CMy9D3pSJ_9dGAzTBMU6YDJfdpwzq
cahier des charges,,,2021,09,mixed,كراس الشروط إعلان تفويت,,كراس-الشروط-إعلان-تفويت.pdf,1vgRw0u7TonQo1jVBYgjzakQdGJNryWo5,https://drive.google.com/uc?export=download&id=1vgRw0u7TonQo1jVBYgjzakQdGJNryWo5
appel d'offres,5,2021,2021,10,fr,CAO. AO 5 2021 compressé,,CAO.-AO-5-2021-compressé.pdf,17HC4yJQBchKX7tfjIr8XBlDc-XWMfdkz,https://drive.google.com/uc?export=download&id=17HC4yJQBchKX7tfjIr8XBlDc-XWMfdkz
appel d'offres,1,2022,2022,05,fr,CC AO 1 2022,,CC-AO-1-2022.pdf,1GBEx2hL8WpP_UnfuZ3JJtPc03pFonkU5,https://drive.google.com/uc?export=download&id=1GBEx2hL8WpP_UnfuZ3JJtPc03pFonkU5
appel d'offres,02,2022,2022,06,fr,CC AO 02 2022,,CC-AO-02-2022.pdf,1DkpaChUDN0Sl1X1P5wRFJqu5Hr0mMuap,https://drive.google.com/uc?export=download&id=1DkpaChUDN0Sl1X1P5wRFJqu5Hr0mMuap
appel d'offres simplifié,7,2022,2022,06,fr,CC AOS 7 2022 FR,,CC-AOS-7-2022-FR.pdf,1f-N_MEG6_dKIAf7tELNDQcCdNJB77N1Y,https://drive.google.com/uc?export=download&id=1f-N_MEG6_dKIAf7tELNDQcCdNJB77N1Y
cahier des charges,,,2022,06,ar,CC BUREAUTIQUE 2022 AR,,CC-BUREAUTIQUE-2022-AR.pdf,1DoF0XyghEwB2zaL9Ixj8H77DuP1nP7EG,https://drive.google.com/uc?export=download&id=1DoF0XyghEwB2zaL9Ixj8H77DuP1nP7EG
consultation,7,2022,2022,06,fr,CC Consultation n 7 2022,,CC-Consultation-n-7-2022.pdf,1oHCOi19wgMaDyG18wDEBXl64Ku70c2zJ,https://drive.google.com/uc?export=download&id=1oHCOi19wgMaDyG18wDEBXl64Ku70c2zJ
cahier des charges,,,2022,06,fr,CC Media Center 2022,,CC-Media-Center-2022.pdf,1k51X5IyNhcxNEAouNCR-Tbgl-P-f4y44,https://drive.google.com/uc?export=download&id=1k51X5IyNhcxNEAouNCR-Tbgl-P-f4y44
cahier des charges,,,2022,06,fr,Cahier des charges centre dappel ISIE 2022,,Cahier-des-charges-centre-dappel-ISIE-2022.pdf,1PneNlSNzDYALOQBR99CCwTc-sB3gz95s,https://drive.google.com/uc?export=download&id=1PneNlSNzDYALOQBR99CCwTc-sB3gz95s
appel d'offres simplifié,10,2022,2022,07,fr,CC AOS 10 2022,,CC-AOS-10-2022.pdf,1bXCisKT-ibdNcAKvk8g6rKezQtV3RbZV,https://drive.google.com/uc?export=download&id=1bXCisKT-ibdNcAKvk8g6rKezQtV3RbZV
appel d'offres simplifié,11,2022,2022,07,fr,CC AOS 11 2022 FR,,CC-AOS-11-2022-FR.pdf,1gMpdaaMXrNMNhprQPJjo3F3qZcw3LtBM,https://drive.google.com/uc?export=download&id=1gMpdaaMXrNMNhprQPJjo3F3qZcw3LtBM
appel d'offres simplifié,8,2022,2022,07,fr,CC AOS 8 2022,,CC-AOS-8-2022.pdf,1vLj0Sb2DrD7o64kMZqZk35W5aTb2O0Y9,https://drive.google.com/uc?export=download&id=1vLj0Sb2DrD7o64kMZqZk35W5aTb2O0Y9
appel d'offres simplifié,9,2022,2022,07,fr,CC AOS 9 2022,,CC-AOS-9-2022.pdf,174SReKe9GmE4VP-bQlTCvCTiN4rE7KAK,https://drive.google.com/uc?export=download&id=174SReKe9GmE4VP-bQlTCvCTiN4rE7KAK
appel d'offres,14,2022,2022,10,fr,CAO AO 14 2022,,CAO-AO-14-2022.pdf,1D5PaVhsjICrmxJG9FqvKC_GGvJ_B6rBS,https://drive.google.com/uc?export=download&id=1D5PaVhsjICrmxJG9FqvKC_GGvJ_B6rBS
appel d'offres,16,2022,2022,10,fr,CAO AO 16 2022,,CAO-AO-16-2022.pdf,1AmygaOJ__P_IFNfGV2ecUNsjzzxRr-4a,https://drive.google.com/uc?export=download&id=1AmygaOJ__P_IFNfGV2ecUNsjzzxRr-4a
appel d'offres,15,2022,2022,10,fr,CC AO 15 2022,,CC-AO-15-2022.pdf,1i1_td9W_ATfkFMhsj_Ey-GGMFIg-IJsh,https://drive.google.com/uc?export=download&id=1i1_td9W_ATfkFMhsj_Ey-GGMFIg-IJsh
appel d'offres,14,2022,2022,10,fr,CCAP AO 14 2022,,CCAP-AO-14-2022.pdf,1Nk0UjFvpDbLVU_U1E9_q1ZQmz3hhi2af,https://drive.google.com/uc?export=download&id=1Nk0UjFvpDbLVU_U1E9_q1ZQmz3hhi2af
appel d'offres,16,2022,2022,10,fr,CCAP AO16 2022,,CCAP-AO16-2022.pdf,1wB68Qnr9t6UMeZNsAkKl4lS5DOeRSM8U,https://drive.google.com/uc?export=download&id=1wB68Qnr9t6UMeZNsAkKl4lS5DOeRSM8U
appel d'offres,14,2022,2022,10,fr,CCTP AO 14 2022,,CCTP-AO-14-2022.pdf,1G_hdsBHC2dNS11jRQCBwC7AMti3_kREl,https://drive.google.com/uc?export=download&id=1G_hdsBHC2dNS11jRQCBwC7AMti3_kREl
appel d'offres,16,2022,2022,10,fr,CCTP AO16 2022,,CCTP-AO16-2022.pdf,1UKC5h9sISWS6SV6qK1Rw7MsvtaxjQnqQ,https://drive.google.com/uc?export=download&id=1UKC5h9sISWS6SV6qK1Rw7MsvtaxjQnqQ
appel d'offres,17,2022,2022,11,fr,CC AO 17 2022,,CC-AO-17-2022.pdf,1ooAnr8hYdfszoxy4aK7zMCHbWW6I3pqs,https://drive.google.com/uc?export=download&id=1ooAnr8hYdfszoxy4aK7zMCHbWW6I3pqs
appel d'offres,19,2022,2022,11,ar,CC AO19 2022 AR,,CC-AO19-2022-AR.pdf,1_Pqer9dLix2f2hF6Jp2kU2TeCR4WPBwg,https://drive.google.com/uc?export=download&id=1_Pqer9dLix2f2hF6Jp2kU2TeCR4WPBwg
consultation,61,2022,2022,12,fr,CC CONS 61 2022,,CC-CONS-61-2022.pdf,1cwJTNjFUn7884JHjCGhEiI3k0bwLjvGk,https://drive.google.com/uc?export=download&id=1cwJTNjFUn7884JHjCGhEiI3k0bwLjvGk
cahier des charges,,,2023,01,fr,CAHIER DE CHARGES COURTIER,,CAHIER-DE-CHARGES-COURTIER.pdf,1juZqZnYs1jdCODj_DCbTZ9KV9bR9Lge_,https://drive.google.com/uc?export=download&id=1juZqZnYs1jdCODj_DCbTZ9KV9bR9Lge_
cahier des charges,,,2023,02,fr,Cahier des charges JM 12 2023,,Cahier-des-charges-JM-12_2023.pdf,1O2a-BUwUOyZIIw44rRdrVCHWEXKWnbna,https://drive.google.com/uc?export=download&id=1O2a-BUwUOyZIIw44rRdrVCHWEXKWnbna
appel d'offres simplifié,2,2023,2023,05,fr,CC AOS 2 2023,,CC-AOS-2-2023.pdf,1SbCK7ALsLlg9EtTG5XmdOuMqob34e2nj,https://drive.google.com/uc?export=download&id=1SbCK7ALsLlg9EtTG5XmdOuMqob34e2nj
appel d'offres simplifié,3,2023,2023,07,fr,CC AOS 3 2023,,CC-AOS-3-2023.pdf,1tNyHOfSU_ETaT4yyfrj2s_3gDyj6Mwj_,https://drive.google.com/uc?export=download&id=1tNyHOfSU_ETaT4yyfrj2s_3gDyj6Mwj_
cahier des charges,41,2023,2023,08,fr,CC 41 2023,,CC-41-2023.pdf,1_ZXGxqTtvb6ud1MPa-wzATuql6J69qjN,https://drive.google.com/uc?export=download&id=1_ZXGxqTtvb6ud1MPa-wzATuql6J69qjN
appel d'offres simplifié,5,2023,2023,08,fr,CC AOS 5 2023,,CC-AOS-5-2023.pdf,1ZJCoN29X8CnsUlSCXt-Xp0uemLkysg3i,https://drive.google.com/uc?export=download&id=1ZJCoN29X8CnsUlSCXt-Xp0uemLkysg3i
appel d'offres,7,2023,2023,09,fr,CC AO7 2023,,CC-AO7-2023.pdf,1CMDBov-8By1zLGiqqViRYziAg-74djJC,https://drive.google.com/uc?export=download&id=1CMDBov-8By1zLGiqqViRYziAg-74djJC
appel d'offres,8,2023,2023,09,fr,CC AO8 2023,,CC-AO8-2023.pdf,1zzqDGSpE45HebaB_y9OdK7GFAmtqqd_G,https://drive.google.com/uc?export=download&id=1zzqDGSpE45HebaB_y9OdK7GFAmtqqd_G
appel d'offres,11,2023,2023,10,fr,CAO AO 11 2023,,CAO-AO-11-2023.pdf,195pEXMltvquXDdAiikdqXxLNYOW-OaU5,https://drive.google.com/uc?export=download&id=195pEXMltvquXDdAiikdqXxLNYOW-OaU5
appel d'offres,09,2023,2023,10,fr,CC AO 09 2023,,CC-AO-09-2023.pdf,1L883wcEHxAUkTV_VCmy8GPAusxae1GXJ,https://drive.google.com/uc?export=download&id=1L883wcEHxAUkTV_VCmy8GPAusxae1GXJ
appel d'offres,10,2023,2023,10,fr,CC AO 10 2023,,CC-AO-10-2023.pdf,16Mm45-s6zhMBLLAxHz_U65x6EDSN-DUL,https://drive.google.com/uc?export=download&id=16Mm45-s6zhMBLLAxHz_U65x6EDSN-DUL
cahier des charges,13,2023,2023,10,fr,CC AO ISIE 13 2023 VF,,CC-AO-ISIE-13-2023-VF.pdf,1Czw0RHLkHLK4Xq-7CuSb_rpgoJ9LqcwF,https://drive.google.com/uc?export=download&id=1Czw0RHLkHLK4Xq-7CuSb_rpgoJ9LqcwF
appel d'offres,13,2023,2023,10,fr,CC AO13 2023,,CC-AO13-2023.pdf,1sKBtOam3iIGlHQ0c152O185wh-9_vfaC,https://drive.google.com/uc?export=download&id=1sKBtOam3iIGlHQ0c152O185wh-9_vfaC
cahier des charges,,,2023,10,fr,CC AVOCAT 2023,,CC-AVOCAT-2023.pdf,14U3gPu5ilh6UR3HhAWmolnLBVcoozd-m,https://drive.google.com/uc?export=download&id=14U3gPu5ilh6UR3HhAWmolnLBVcoozd-m
cahier des charges,70,2023,2023,10,fr,CC CONS70 2023,,CC-CONS70-2023.pdf,1eKGMwq2lWC_zTZXM8AtgsjEJGHOWruYn,https://drive.google.com/uc?export=download&id=1eKGMwq2lWC_zTZXM8AtgsjEJGHOWruYn
consultation,94,2023,2023,10,fr,CONS ISIE 94 2023,,CONS-ISIE-94-2023.pdf,17D0kRZGxd6dNnDBU5HXFhNZzljAxl_xV,https://drive.google.com/uc?export=download&id=17D0kRZGxd6dNnDBU5HXFhNZzljAxl_xV
cahier des charges,,,2023,10,mixed,كراس شروط الاستشارة عدد 77,,كراس-شروط-الاستشارة-عدد-77.pdf,1KdDwoFWKNQSSX7QGe0vulzjqcnhCi6c8,https://drive.google.com/uc?export=download&id=1KdDwoFWKNQSSX7QGe0vulzjqcnhCi6c8
appel d'offres,15,2023,2023,11,fr,ANNEXES AO15 2023,,ANNEXES-AO15-2023.pdf,1IvoQYUppi4MfG9GzL14nV4TbRlgX1mcU,https://drive.google.com/uc?export=download&id=1IvoQYUppi4MfG9GzL14nV4TbRlgX1mcU
appel d'offres,15,2023,2023,11,fr,CAHIERS DE CHARGES AO15 2023,,CAHIERS-DE-CHARGES-AO15-2023.pdf,1dL_IQzXMHgMp-CG1GddC4LnkbeLIYEKr,https://drive.google.com/uc?export=download&id=1dL_IQzXMHgMp-CG1GddC4LnkbeLIYEKr
appel d'offres,14,2023,2023,11,fr,CC AO 14 2023,,CC-AO-14-2023.pdf,17GLz9i9mgjjhwEciUS0Emua3z2y288dr,https://drive.google.com/uc?export=download&id=17GLz9i9mgjjhwEciUS0Emua3z2y288dr
cahier des charges,,,2023,11,mixed,كراس شروط المتعلق بالتفويت في مواد بلاستيكية زال الانتفاع بها,,كراس-شروط-المتعلّق-بالتفويت-في-مواد-بلاستيكية-زال-الانتفاع-بها.pdf,1yEP15aEvCa-6rde4y5V-bpWEwfADGovk,https://drive.google.com/uc?export=download&id=1yEP15aEvCa-6rde4y5V-bpWEwfADGovk
consultation,123,2023,2023,12,fr,CONS 123 2023 Ordinateurs et ecrans TV,,CONS-123-2023-Ordinateurs-et-ecrans-TV.pdf,1wYIw4BlBZzqM_Mcr3BIMN4MZq6QKYjlQ,https://drive.google.com/uc?export=download&id=1wYIw4BlBZzqM_Mcr3BIMN4MZq6QKYjlQ
appel d'offres,01,2024,2024,01,fr,CC AO01 2024,,CC-AO01-2024.pdf,1WprZEirAdW4Jp29mCw1SZCjQf5PHNIua,https://drive.google.com/uc?export=download&id=1WprZEirAdW4Jp29mCw1SZCjQf5PHNIua
appel d'offres,2,2024,2024,01,fr,CC AO2 2024,,CC-AO2-2024.pdf,1wXfv4RYKLOn0EcFKa211prsU_JscLlY0,https://drive.google.com/uc?export=download&id=1wXfv4RYKLOn0EcFKa211prsU_JscLlY0
cahier des charges,10,2024,2024,02,fr,CAHIER DE CHARGES CONS10 2024,,CAHIER-DE-CHARGES-CONS10-2024.pdf,1fLQTJsOYwQZpzhcuIfJ09hQpBLoKZanz,https://drive.google.com/uc?export=download&id=1fLQTJsOYwQZpzhcuIfJ09hQpBLoKZanz
cahier des charges,,,2024,02,mixed,كراس شروط تفويت في وسائل نقل 2024,,كراس-شروط-تفويت-في-وسائل-نقل-2024.pdf,13Ya-qZzCa1GLrKawFFOEsUeB7J_BleVs,https://drive.google.com/uc?export=download&id=13Ya-qZzCa1GLrKawFFOEsUeB7J_BleVs
appel d'offres,3,2024,2024,05,fr,CAHIER DE CHARGES AO 3 2024,,CAHIER-DE-CHARGES-AO-3-2024.pdf,1pbDU_6KBd2ik1Bq8Tz_DYXEncjMIiRxy,https://drive.google.com/uc?export=download&id=1pbDU_6KBd2ik1Bq8Tz_DYXEncjMIiRxy
cahier des charges,,,2024,05,mixed,كراس شروط تفويت في مواد بلاستيكية للمرة الثانية,,كراس-شروط-تفويت-في-مواد-بلاستيكية-للمرة-الثانية.pdf,1qJnAuEM5-nDit1HgBTOWI27oWbdkRMgO,https://drive.google.com/uc?export=download&id=1qJnAuEM5-nDit1HgBTOWI27oWbdkRMgO
cahier des charges,,,2024,05,mixed,كراس شروط تفويت في وسائل نقل للمرة الثانية 2024,,كراس-شروط-تفويت-في-وسائل-نقل-للمرة-الثانية-2024.pdf,1vi9GKSLEvy-Ei6FV7MR2blKaODQxqFZo,https://drive.google.com/uc?export=download&id=1vi9GKSLEvy-Ei6FV7MR2blKaODQxqFZo
consultation,46,2024,2024,06,fr,CONS 46 2024,,CONS-46-2024.pdf,1bqFZv4oH_nGhiXVxQFKvLdNVdALERdDY,https://drive.google.com/uc?export=download&id=1bqFZv4oH_nGhiXVxQFKvLdNVdALERdDY
consultation,47,2024,2024,06,fr,Cahier des Charges de Consultation n°47 2024,,Cahier-des-Charges-de-Consultation-n°47-2024.pdf,113-fE5CPBZ2GrpOSkTUodBJ0YirhrSV7,https://drive.google.com/uc?export=download&id=113-fE5CPBZ2GrpOSkTUodBJ0YirhrSV7
appel d'offres,6,2024,2024,07,ar,CAO AO6 2024 ar,,CAO-AO6-2024-ar.pdf,12cdacc66LNAF4kP-3LFp5UphNxjmi1bA,https://drive.google.com/uc?export=download&id=12cdacc66LNAF4kP-3LFp5UphNxjmi1bA
cahier des charges,65,2024,2024,07,fr,CC 65 2024,,CC-65-2024.pdf,1kCgQGTTIpxqgubNm18TA6-wV679L1PgY,https://drive.google.com/uc?export=download&id=1kCgQGTTIpxqgubNm18TA6-wV679L1PgY
appel d'offres,04,2024,2024,07,fr,CC AO 04 2024 FR,,CC-AO-04-2024-FR.pdf,1o8nBwps7KDWiW7pjEhJhMY45KrCTIELg,https://drive.google.com/uc?export=download&id=1o8nBwps7KDWiW7pjEhJhMY45KrCTIELg
appel d'offres,7,2024,2024,07,ar,CC AO7 2024 ar,,CC-AO7-2024-ar.pdf,1yX8-p_oB318F2y0LXiljfzkTgg3t92dX,https://drive.google.com/uc?export=download&id=1yX8-p_oB318F2y0LXiljfzkTgg3t92dX
appel d'offres simplifié,5,2024,2024,07,fr,CC AOS 5 2024,,CC-AOS-5-2024.pdf,1pGLfteqKukV4VqYbu-bUVy8AjZ2Ti6EW,https://drive.google.com/uc?export=download&id=1pGLfteqKukV4VqYbu-bUVy8AjZ2Ti6EW
consultation,50,2024,2024,07,fr,consultation n°50 2024,,consultation-n°50-2024.pdf,1dbWEvARGBvL3KBJDwC83izuieibEFYD_,https://drive.google.com/uc?export=download&id=1dbWEvARGBvL3KBJDwC83izuieibEFYD_
other,,,2024,08,fr,CAOCCAP,,CAOCCAP.pdf,1yg3GIF9GzGbaYfripXYOSKgkeAFMA9j5,https://drive.google.com/uc?export=download&id=1yg3GIF9GzGbaYfripXYOSKgkeAFMA9j5
appel d'offres,08,2024,2024,08,fr,CC AO 08 2024,,CC-AO-08-2024.pdf,1BN6wDAFTQozAC7ktEsyL-7n8mcwY9749,https://drive.google.com/uc?export=download&id=1BN6wDAFTQozAC7ktEsyL-7n8mcwY9749
cahier des charges,79,2024,2024,09,fr,CC 79 2024,,CC-79-2024.pdf,1n-tIHjom6u6bQSPgDtmkNJHGig1wJPt0,https://drive.google.com/uc?export=download&id=1n-tIHjom6u6bQSPgDtmkNJHGig1wJPt0
cahier des charges,11,2024,2024,09,fr,CC AOS11 2024,,CC-AOS11-2024.pdf,1h8ATBZkYIvq95NUYpqjBNw3ls6exQACh,https://drive.google.com/uc?export=download&id=1h8ATBZkYIvq95NUYpqjBNw3ls6exQACh
