bureau_code,governorate,delegation,polling_centre,a_registered,b_delivered,c_signed,d_damaged,r_remaining,s_extracted,valid,blank,spoilt,w_voted,q_declared,zammel,maghzaoui,saied,candidate_sum,turnout_pct,saied_share_pct,checks_passed,checks_testable,checks_failed,legibility,fields_uncertain
01090610101,تونس,المدينة,نادي الثقافة دار الأصرم  تونس المدينة,716,800,147,0,653,147,140,3,4,147,140,7,3,130,140,20.53,92.86,7,7,,full,
01100610203,تونس,المرسى,م.إعدادية الطيب المهيري بالمرسى - المرسى المدينة,1176,1100,349,1,750,349,325,5,19,349,325,67,20,238,325,29.68,73.23,7,7,,full,
02010210103,بن عروس,الزهراء,م إبتدائية ساحة الجمهورية  - الزهراء المدينة,1190,1100,290,2,808,290,275,5,10,290,275,56,8,211,275,24.37,76.73,7,7,,full,
02100410201,بن عروس,فوشانة,م إبتدائية دوار الحوش -دوار الحوش,898,800,415,0,385,415,396,6,13,415,396,8,5,383,396,46.21,96.72,7,7,,full,
03030410101,أريانة,حي التضامن,الصندوق الوطني للتقاعد و الحيطة الاجتماعية بالتضامن,683,700,225,0,475,225,220,1,4,225,220,10,2,208,220,32.94,94.55,7,7,,full,
04010310201,منوبة,البطان,م إبتدائية المهرين البطان,1192,1189,392,0,807,392,369,9,14,392,369,9,1,359,369,32.89,97.29,6,7,match2_b_minus_m,full,
05020810401,جندوبة,بوسالم,م إبتدائية نهج الحبيب ثامر - بوسالم الشمالية,1147,1100,443,0,657,443,426,5,12,443,426,31,5,390,426,38.62,91.55,7,7,,full,
07030410201,سليانة,الكريب,م إبتدائية عقبة السلوقي - برج مسعودي الجنوبية,418,500,92,0,408,92,87,1,4,92,87,2,1,84,87,22.01,96.55,7,7,,full,
08030810501,بنزرت,بنزرت الجنوبية,م.إ  حفر مهر -فرحات حشاد - (بنزرت الجنوبية),548,600,314,0,286,314,275,2,37,314,275,7,4,264,275,57.3,96.0,7,7,,full,
06120710201,الكاف,نبر,م إبتدائية مركز بوزيد - سيدي مدين,427,500,163,0,337,163,149,2,12,163,149,0,2,147,149,38.17,98.66,7,7,,full,
08080510404,بنزرت,رأس الجبل,م إبتدائية نهج 18 جانفي1952 رأس الجبل - رأس الجبل الشمالية,1049,1000,344,1,655,344,334,4,6,344,334,41,8,285,334,32.79,85.33,7,7,,full,
09010810101,باجة,باجة الجنوبية,م إبتدائية سيدي فرج,1032,1000,427,0,573,427,388,11,28,427,388,34,6,348,388,41.38,89.69,7,7,,full,
10090310107,نابل,دار شعبان الفهري,م إبتدائية الهلالية - دار شعبان,1176,1100,251,0,849,251,245,4,2,251,245,16,0,229,245,21.34,93.47,7,7,,full,
12090210104,القيروان,حاجب العيون,م إبتدائية 2مارس 34 الحاجب - الحاجب المركز,1105,1100,281,0,819,281,271,4,6,281,271,13,6,252,271,25.43,92.99,7,7,,partial,"b_delivered,d_damaged"
13010610202,القصرين,الزهور - القصرين,م إبتدائية عين الخضراء - الزهور الغربي 4,755,700,225,0,475,225,221,3,1,225,221,7,1,213,221,29.8,96.38,7,7,,partial,a_registered
14030810302,سيدي بوزيد,المزونة,م إبتدائية حي النور - المزونة,1031,1000,321,0,679,321,317,1,3,321,317,8,4,305,317,31.13,96.21,7,7,,full,
13120110101,القصرين,فوسانة,م إبتدائية ذراع الجديد - أفران,537,600,165,0,435,165,162,1,2,165,162,3,4,155,162,30.73,95.68,7,7,,full,
14030910301,سيدي بوزيد,المزونة,م إبتدائية هداج 1- بوهدمة,377,400,159,0,241,159,159,0,0,159,159,0,0,159,159,42.18,100.0,7,7,,full,
15051010101,قفصة,المتلوي,م إبتدائية 2مارس 34 - وادي الارطة,901,899,380,0,519,380,369,5,6,380,369,11,10,348,369,42.18,94.31,7,7,,full,
16060610101,توزر,نفطة,م إبتدائية 2مارس 34 نفطة - العيون,1141,1100,414,0,686,414,399,6,9,414,399,21,8,370,399,36.28,92.73,7,7,,full,
17030510102,قبلي,دوز الشمالية,م إبتدائية 2مارس 34 دوز - دوز الشرقية,900,900,226,0,674,226,216,5,5,226,216,17,10,189,216,25.11,87.5,7,7,,full,
17060710101,قبلي,قبلي الجنوبية,م إبتدائية جمنة - جمنة الشمالية,1197,1200,395,0,805,395,376,6,13,395,376,55,15,306,376,33.0,81.38,7,7,,full,
18100510204,سوسة,سوسة جوهرة,م إبتدائية نهج الحكيم قرول سوسة - محمد القروي,1049,999,242,1,756,242,231,4,7,242,231,47,8,176,231,23.07,76.19,7,7,,full,
19070110201,المهدية,بومرداس,م إبتدائية أولاد امحمد - الحوس,988,1008,300,0,708,300,287,7,6,300,287,13,6,268,287,30.36,93.38,7,7,,full,
20080510302,المنستير,جمال,م إبتدائية القصاص جمال - جمال الشرقية,977,900,386,0,514,386,372,1,13,386,372,8,0,364,372,39.51,97.85,7,7,,full,
21050110201,صفاقس,المحرس,م إبتدائية خاوي الغزال - السمارة,1041,1100,351,0,749,351,340,3,8,351,340,25,6,309,340,33.72,90.88,7,7,,full,
22110410201,قابس,مطماطة الجديدة,م إبتدائية حي النور - مطماطة الجديدة,935,899,256,0,643,256,244,2,10,256,244,11,6,227,244,27.38,93.03,7,7,,full,
23030110202,مدنين,جربة أجيم,أجيم,,,73,0,,73,71,2,0,73,71,4,1,66,71,,92.96,5,5,,poor,"a_registered,b_delivered,r_remaining,m_total"
24051410401,تطاوين,تطاوين الشمالية,م إبتدائية وادي الغار تطاوين,914,1000,102,0,898,102,102,0,0,102,102,15,5,82,102,11.16,80.39,7,7,,full,
24040110101,تطاوين,تطاوين الجنوبية,م إبتدائية الدويرات تطاوين,652,700,190,0,510,190,173,3,14,190,173,10,4,159,173,29.14,91.91,7,7,,full,
