doc_type,reference_number,reference_year,year_published,month_published,language,title_from_filename,title_from_ocr,source_file,drive_id,source_url
decision,7,2018,2018,02,mixed,القرار عدد 7 لسنة 2018,,القرار-عدد-7-لسنة-2018.pdf,1gcdnjw69XX9f1ZGfKH3irSIyFz8vkpsq,https://drive.google.com/uc?export=download&id=1gcdnjw69XX9f1ZGfKH3irSIyFz8vkpsq
decision,8,2018,2018,02,mixed,القرار عدد 8 لسنة 2018,,القرار-عدد-8-لسنة-2018.pdf,1uJvLad24bsfL9m2VUCTrFXmFP1-VMZy4,https://drive.google.com/uc?export=download&id=1uJvLad24bsfL9m2VUCTrFXmFP1-VMZy4
decision,,,2018,02,mixed,قرار مشترك بين الهيئة العليا المستقلة للانتخابات والهيئة العليا المستقلة للاتصال السمعي والبصري,,قرار-مشترك-بين-الهيئة-العليا-المستقلّة-للانتخابات-والهيئة-العليا-المستقلّة-للاتّصال-السمعي-والبصري.pdf,1DZKbnR94s4qL1SbCg0OO1Au0Ik3t5W6R,https://drive.google.com/uc?export=download&id=1DZKbnR94s4qL1SbCg0OO1Au0Ik3t5W6R
campaign_finance,,,2020,03,mixed,دليل تمويل الحملة للانتخابات البلدية الجزئية الفوار حاسي الفريد جبنيانة,,دليل-تمويل-الحملة-للانتخابات-البلديّة-الجزئيّة-الفوّار-حاسي-الفريد-جبنيانة.pdf,1Z36wxExRZIUKxslS5Iwpr6yhLdNXor-e,https://drive.google.com/uc?export=download&id=1Z36wxExRZIUKxslS5Iwpr6yhLdNXor-e
guide,,,2020,08,mixed,دليل الاقتراع و الفرز أوت 2020,,دليل الاقتراع و الفرز أوت 2020.pdf,1454pCYnkXpYhdNuS9XU4CGB0VWczMhP2,https://drive.google.com/uc?export=download&id=1454pCYnkXpYhdNuS9XU4CGB0VWczMhP2
other,,,2020,08,mixed,زاوية قنطش,,زاوية قنطش.pdf,1bdoCjYetkdZn3J1YEorCBDyAPBDvW8Rp,https://drive.google.com/uc?export=download&id=1bdoCjYetkdZn3J1YEorCBDyAPBDvW8Rp
other,,,2020,08,mixed,فوسانة,,فوسانة .pdf,1NKPSSpiaAuvlyS_Phh9XxtnVlwvQ2tMw,https://drive.google.com/uc?export=download&id=1NKPSSpiaAuvlyS_Phh9XxtnVlwvQ2tMw
polling_geography,,,2020,08,mixed,قائمة اعضاء مكاتب الاقتراع اوت 2020,,قائمة اعضاء مكاتب الاقتراع  اوت 2020.pdf,1yNffNYddOl38ZpOUYVTxssDPq65xDCXN,https://drive.google.com/uc?export=download&id=1yNffNYddOl38ZpOUYVTxssDPq65xDCXN
other,,,2020,08,mixed,قربة,,قربة.pdf,1P9pd2OEVwdzftWRveTzM8KRBa7IxTqMA,https://drive.google.com/uc?export=download&id=1P9pd2OEVwdzftWRveTzM8KRBa7IxTqMA
guide,,,2020,10,mixed,2P دليل الترشحات للانتخابات البلدية الجزئية كندار منزل بوزيان,,2P-دليل-الترشحات-للانتخابات-البلدية-الجزئية-كندار-منزل-بوزيان.pdf,1NCj7pxlmsbzjqsp2Dmj45knyUhs68VhE,https://drive.google.com/uc?export=download&id=1NCj7pxlmsbzjqsp2Dmj45knyUhs68VhE
decision,30,2020,2020,10,mixed,القرار عدد 30 لسنة 2020,,القرار-عدد-30-لسنة-2020.pdf,1JLtykpArFaB_iXnA8WzuGt--_ZzdUZP0,https://drive.google.com/uc?export=download&id=1JLtykpArFaB_iXnA8WzuGt--_ZzdUZP0
decision,31,2020,2020,10,mixed,القرار عدد 31 لسنة 2020,,القرار-عدد-31-لسنة-2020.pdf,1e7o3swMoeXmIwN95JqEgzufFWcQ8pLp4,https://drive.google.com/uc?export=download&id=1e7o3swMoeXmIwN95JqEgzufFWcQ8pLp4
guide,,,2020,10,mixed,دليل الترشحات للانتخابات البلدية الجزئية كندار منزل بوزيان,,دليل-الترشحات-للانتخابات-البلدية-الجزئية-كندار-منزل-بوزيان.pdf,18RhDcYpZw6CdxqGIWBceuDdUqr6NqRII,https://drive.google.com/uc?export=download&id=18RhDcYpZw6CdxqGIWBceuDdUqr6NqRII
decision,,,2020,12,mixed,20140114502 قرار تصحيح,,20140114502-قرار-تصحيح.pdf,1qi0yh9yoVLdwoXXNrfqf0vYVpg4V7KY5,https://drive.google.com/uc?export=download&id=1qi0yh9yoVLdwoXXNrfqf0vYVpg4V7KY5
guide,,,2021,03,mixed,دليل الترشحات ساقية الداير وعين الصبح الناظور 2021,,دليل-الترشحات-ساقية-الداير-وعين-الصبح-الناظور-2021.pdf,1fB0LVQZQjqW6PfcFMPNQjjkJf33M7ns1,https://drive.google.com/uc?export=download&id=1fB0LVQZQjqW6PfcFMPNQjjkJf33M7ns1
guide,,,2021,04,mixed,دليل الترشحات الصخيرة 2021,,دليل-الترشحات-الصخيرة-2021.pdf,1DoGIhKf9zcjI-UN2l3kn21aPxJ0uBoFU,https://drive.google.com/uc?export=download&id=1DoGIhKf9zcjI-UN2l3kn21aPxJ0uBoFU
campaign_finance,,,2021,05,mixed,دليل تمويل الحملة الانتخابية للانتخابات البلدية الجزئية,,دليل-تمويل-الحملة-الانتخابية-للانتخابات-البلدية-الجزئية.pdf,1THS1wjBNfi_2N4DVxl87X45_cOM9C1Jj,https://drive.google.com/uc?export=download&id=1THS1wjBNfi_2N4DVxl87X45_cOM9C1Jj
guide,,,2021,05,mixed,دليل قواعد وإجراءات الحملة الانتخابية المتعلق بالانتخابات البلدية,,دليل-قواعد-وإجراءات-الحملة-الانتخابيّة-المتعلق-بالانتخابات-البلديّة.pdf,144jSvmmosKevCwhE_RQyBqXER2XKwJlP,https://drive.google.com/uc?export=download&id=144jSvmmosKevCwhE_RQyBqXER2XKwJlP
guide,,,2021,05,mixed,ملحق دليل الصخيرة,,ملحق-دليل-الصخيرة.pdf,10vON-dtPvqgIJ78z3-v6QrUQ8qxMDXsa,https://drive.google.com/uc?export=download&id=10vON-dtPvqgIJ78z3-v6QrUQ8qxMDXsa
guide,,,2021,05,mixed,ملحق دليل ساقية الداير عين الصبح الناظور,,ملحق-دليل-ساقية-الداير-عين-الصبح-الناظور.pdf,1D50qtaQa6vlZFRJDvIoVBxEU8er5few5,https://drive.google.com/uc?export=download&id=1D50qtaQa6vlZFRJDvIoVBxEU8er5few5
decision,12,2021,2021,06,fr,Décision n° 2021 12,,Décision-n°-2021-12.pdf,1P0GyTfHFriH6Vd5lf5wKWtbrlqBQkqfy,https://drive.google.com/uc?export=download&id=1P0GyTfHFriH6Vd5lf5wKWtbrlqBQkqfy
guide,,,2021,06,mixed,Guide2021 منزل كامل السبيخة,,Guide2021-_منزل-كامل-السبيخة.pdf,1zVBA2PnKL4lpQXr6STYcCd1CksWMLTm2,https://drive.google.com/uc?export=download&id=1zVBA2PnKL4lpQXr6STYcCd1CksWMLTm2
results,,,2021,06,fr,Résultats Préliminaires Skhira 2021,,Résultats-Préliminaires-Skhira-2021.pdf,1HK3OmVtxkU7anxPjrpyrxPw2VYLC7mIF,https://drive.google.com/uc?export=download&id=1HK3OmVtxkU7anxPjrpyrxPw2VYLC7mIF
campaign_finance,,,2021,07,mixed,دليل تمويل الحملة الانتخابية منزل كامل,,دليل-تمويل-الحملة-الانتخابية-منزل-كامل.pdf,1mPSmyRCrzv8covLHnc8I3pd9k81ecxB8,https://drive.google.com/uc?export=download&id=1mPSmyRCrzv8covLHnc8I3pd9k81ecxB8
guide,,,2021,07,mixed,دليل قواعد وإجراءات الحملة الانتخابية منزل كامل,,دليل-قواعد-وإجراءات-الحملة-الانتخابية-منزل-كامل.pdf,1C666PkpOid_yDmrVN6UPvvM39NrilVAp,https://drive.google.com/uc?export=download&id=1C666PkpOid_yDmrVN6UPvvM39NrilVAp
campaign_finance,,,2021,07,mixed,ملحق دليل تمويل الحملة المتعلق بالانتخابات البلدية الجزئية لسنة 2021 ببلدية منزل كامل,,ملحق-دليل-تمويل-الحملة-المتعلق-بالانتخابات-البلديّة-الجزئيّة-لسنة-2021-ببلديّة-منزل-كامل.pdf,1aVJUTUEcALMFqheonqsEIgYwvhB5qkgN,https://drive.google.com/uc?export=download&id=1aVJUTUEcALMFqheonqsEIgYwvhB5qkgN
other,,,2021,10,fr,CCAO6 2021,,CCAO6-2021.pdf,1nBcy6AGe5BiWE7Zu_eXqrljQdqZnJIu4,https://drive.google.com/uc?export=download&id=1nBcy6AGe5BiWE7Zu_eXqrljQdqZnJIu4
other,,,2021,10,fr,CCC14 2021,,CCC14-2021.pdf,1G3yJx7hmFsvWW9K7YUq-cbFkcAy2FAw9,https://drive.google.com/uc?export=download&id=1G3yJx7hmFsvWW9K7YUq-cbFkcAy2FAw9
candidate_list,,,2021,10,mixed,القائمات المقبولة أوليا السبيخة,,القائمات-المقبولة-أوليا-السبيخة.pdf,1trFzy9Pmy8-67nKIDCisLwtKwn6B8e9U,https://drive.google.com/uc?export=download&id=1trFzy9Pmy8-67nKIDCisLwtKwn6B8e9U
candidate_list,,,2021,10,mixed,القائمات المقبولة أوليا حمام الأغزاز,,القائمات-المقبولة-أوليا-حمام-الأغزاز.pdf,1R5Sdv0XTUTlSAZvzCXb7qFAkLjP71-4o,https://drive.google.com/uc?export=download&id=1R5Sdv0XTUTlSAZvzCXb7qFAkLjP71-4o
campaign_finance,,,2022,02,mixed,ملحق دليل تمويل الحملة الشيحية لسنة 2022,,ملحق-دليل-تمويل-الحملة-الشيحيّة-لسنة-2022.pdf,1EsncvkiHn0Tu2wKRx0FaVnNfS1B1mVcw,https://drive.google.com/uc?export=download&id=1EsncvkiHn0Tu2wKRx0FaVnNfS1B1mVcw
minutes,,,2022,05,mixed,محضر جلسة 13 ماي 2022,,محضر-جلسة-13-ماي-2022.pdf,1difzID3kADniSY460sK__h_q1sOMNE5i,https://drive.google.com/uc?export=download&id=1difzID3kADniSY460sK__h_q1sOMNE5i
minutes,,,2022,05,mixed,محضر جلسة 18 ماي 2022,,محضر-جلسة-18-ماي-2022.pdf,1vceC_JVGheQOdYZ7Qv9VvbDII_h-AwLs,https://drive.google.com/uc?export=download&id=1vceC_JVGheQOdYZ7Qv9VvbDII_h-AwLs
minutes,,,2022,05,mixed,محضر جلسة 20 ماي 2022,,محضر-جلسة-20-ماي-2022.pdf,1v-IbNbGnphcp6ZWVyZ_FRQlg6wH7a4xd,https://drive.google.com/uc?export=download&id=1v-IbNbGnphcp6ZWVyZ_FRQlg6wH7a4xd
minutes,,,2022,05,mixed,محضر جلسة 25 ماي 2022,,محضر-جلسة-25-ماي-2022.pdf,1vIPaY2o2xAlsgtLeAsSx1jCMpRkYZY2l,https://drive.google.com/uc?export=download&id=1vIPaY2o2xAlsgtLeAsSx1jCMpRkYZY2l
campaign_finance,,,2022,05,mixed,ملحق دليل تمويل الحملة بني مطير,,ملحق-دليل-تمويل-الحملة-بني-مطير.pdf,1uykt6rfZSidIvTHKnys81f_qsTRKWSNj,https://drive.google.com/uc?export=download&id=1uykt6rfZSidIvTHKnys81f_qsTRKWSNj
polling_geography,,,2022,06,fr,Annuaire codes USSD centres de Vote en Tunisie,,Annuaire-codes-USSD-centres-de-Vote-en-Tunisie.pdf,1yNJPtG8Azr8hAjEff-OiVEC93NE0aHwz,https://drive.google.com/uc?export=download&id=1yNJPtG8Azr8hAjEff-OiVEC93NE0aHwz
decision,15,2022,2022,06,fr,Decision n° 2022 15,,Decision-n°-2022-15.pdf,1d6_K_LRSP9-vFBoMyPujRw2bNeCV3CSO,https://drive.google.com/uc?export=download&id=1d6_K_LRSP9-vFBoMyPujRw2bNeCV3CSO
decision,14,2022,2022,06,fr,Décision n° 2022 14,,Décision-n°-2022-14.pdf,16839at5MdYmIIxnf3kZEjpmtdH_QaEQG,https://drive.google.com/uc?export=download&id=16839at5MdYmIIxnf3kZEjpmtdH_QaEQG
other,,,2022,06,mixed,الخصائص الفنية للرموز استفتاء 2022,,الخصائص-الفنيّة-للرموز-استفتاء-2022.pdf,1yKZnn9-h0YBQMdpuA1kJAqY3DDrQoT02,https://drive.google.com/uc?export=download&id=1yKZnn9-h0YBQMdpuA1kJAqY3DDrQoT02
decision,,,2022,06,mixed,القرار عدد 14 2022,,القرار-عدد-14-2022.pdf,1WSf5e7J80bQLKdahFOAzcIcTaqTCD9Id,https://drive.google.com/uc?export=download&id=1WSf5e7J80bQLKdahFOAzcIcTaqTCD9Id
polling_geography,,,2022,06,mixed,عناوين مقرات الادارات الفرعية 2022,,عناوين-مقرّات-الادارات-الفرعيّة-2022.pdf,1DNmIRxxyBVJm4sHTOyUH7wDPdnWbCwom,https://drive.google.com/uc?export=download&id=1DNmIRxxyBVJm4sHTOyUH7wDPdnWbCwom
list,,,2022,06,mixed,قائمة المزكين لتصريح مشاركة شخص طبيعي في حملة الاستفتاء,,قائمة-المزكّين-لتصريح-مشاركة-شخص-طبيعي-في-حملة-الاستفتاء.pdf,14c5GZke1rMOyccrAEVa3A5etZw465ZxC,https://drive.google.com/uc?export=download&id=14c5GZke1rMOyccrAEVa3A5etZw465ZxC
minutes,,,2022,06,mixed,محضر جلسة 27 ماي 2022,,محضر-جلسة-27-ماي-2022.pdf,12Czd4TShGYwfUumgy3JDfBxRD1VG_lwx,https://drive.google.com/uc?export=download&id=12Czd4TShGYwfUumgy3JDfBxRD1VG_lwx
decision,,,2022,07,fr,Decision commune ISIE HAICA 2022,,Decision-commune-ISIE-HAICA-2022.pdf,1P82EGml4A6zn1aZSbokUhqG0-ZVka_4z,https://drive.google.com/uc?export=download&id=1P82EGml4A6zn1aZSbokUhqG0-ZVka_4z
minutes,,,2022,07,fr,PV Zaghouan Referendum 2022,,PV-Zaghouan-Referendum-2022.pdf,1ayLVn4p4QNQ6-43JbT7yP5ZOlR-b_ITT,https://drive.google.com/uc?export=download&id=1ayLVn4p4QNQ6-43JbT7yP5ZOlR-b_ITT
list,,,2022,07,mixed,القائمة النهائية للأطراف المشاركة في حملة استفتاء 2022,,القائمة-النهائية-للأطراف-المشاركة-في-حملة-استفتاء-2022.pdf,1yTQl3dApT11pBs5EbKGtAI0vp485Rzwx,https://drive.google.com/uc?export=download&id=1yTQl3dApT11pBs5EbKGtAI0vp485Rzwx
decision,19,2022,2022,07,mixed,القرار عدد 19 لسنة 2022,,القرار-عدد-19-لسنة-2022.pdf,1U0AEz1CYhHk2PYrBasyn_AugrDcr5J5j,https://drive.google.com/uc?export=download&id=1U0AEz1CYhHk2PYrBasyn_AugrDcr5J5j
guide,,,2022,07,mixed,دليل الاقتراع والفرز استفتاء 2022,,دليل-الاقتراع-والفرز-استفتاء-2022.pdf,1eC5suR5ksVY1rczowAi3J6eHHEveISuU,https://drive.google.com/uc?export=download&id=1eC5suR5ksVY1rczowAi3J6eHHEveISuU
polling_geography,,,2022,07,mixed,قائمة في مراكز الاقتراع ذات التوقيت الاستثنائي جويلية 2022,,قائمة-في-مراكز-الاقتراع-ذات-التوقيت-الاستثنائي-جويلية-2022.pdf,15dGyW6lN-6Bx3pXVkIl3QtXj0XY2YI7f,https://drive.google.com/uc?export=download&id=15dGyW6lN-6Bx3pXVkIl3QtXj0XY2YI7f
list,,,2022,07,mixed,قائمة مراكز اقتراع استفتاء 2022,,قائمة-مراكز-اقتراع-استفتاء-2022.pdf,17gcSqiE_7VSVCwciUgUmuz5jVzIEnhvc,https://drive.google.com/uc?export=download&id=17gcSqiE_7VSVCwciUgUmuz5jVzIEnhvc
decision,17,2022,2022,07,mixed,قرار الهيئة العليا المستقلة للانتخابات عدد 17 لسنة 2022,,قرار-الهيئة-العليا-المستقلّة-للانتخابات-عدد-17-لسنة-2022.pdf,1JHtFiS1dX-VnmnDvp-mernpUa2Ptc3jZ,https://drive.google.com/uc?export=download&id=1JHtFiS1dX-VnmnDvp-mernpUa2Ptc3jZ
decision,21,2022,2022,07,mixed,قرار الهيئة عدد 21 لسنة 2022,,قرار-الهيئة-عدد-21-لسنة-2022.pdf,1GSG8UqCk1f0c4D1zJZCLgtXBsmZF3D55,https://drive.google.com/uc?export=download&id=1GSG8UqCk1f0c4D1zJZCLgtXBsmZF3D55
minutes,,,2022,07,mixed,محضر جلسة 13 جوان 2022,,محضر-جلسة-13-جوان-2022.pdf,1u3bNMUYtDO71LUls8ZsUAIfdX5uuWIdv,https://drive.google.com/uc?export=download&id=1u3bNMUYtDO71LUls8ZsUAIfdX5uuWIdv
minutes,,,2022,07,mixed,محضر جلسة 22 جوان 2022,,محضر-جلسة-22-جوان-2022.pdf,1OldC_vsj2bv2BC2-tpClSuVr95nu6dQA,https://drive.google.com/uc?export=download&id=1OldC_vsj2bv2BC2-tpClSuVr95nu6dQA
decision,17,2022,2022,08,fr,Decision n° 2022 17,,Decision-n°-2022-17.pdf,1dUOX9Jz9WT5eqyMQ8el_2OlepIO3aBl-,https://drive.google.com/uc?export=download&id=1dUOX9Jz9WT5eqyMQ8el_2OlepIO3aBl-
minutes,,,2022,08,mixed,محضر جلسة 1 جويلية 2022,,محضر-جلسة-1-جويلية-2022.pdf,1-OZYA92gAb7OgA-lGFKX3Y6llmJ6wPuM,https://drive.google.com/uc?export=download&id=1-OZYA92gAb7OgA-lGFKX3Y6llmJ6wPuM
minutes,,,2022,08,mixed,محضر جلسة 11 جويلية 2022,,محضر-جلسة-11-جويلية-2022.pdf,1jRYnCC3tnmA9z523ds3ElVnH5BEyMIRG,https://drive.google.com/uc?export=download&id=1jRYnCC3tnmA9z523ds3ElVnH5BEyMIRG
minutes,,,2022,08,mixed,محضر جلسة 22 جويلية 2022,,محضر-جلسة-22-جويلية-2022.pdf,1qoJDWGVS3OE3WoO8Ov-942VZ-t2oe22A,https://drive.google.com/uc?export=download&id=1qoJDWGVS3OE3WoO8Ov-942VZ-t2oe22A
minutes,,,2022,08,mixed,محضر جلسة 26 جويلية 2022,,محضر-جلسة-26-جويلية-2022.pdf,1L05lMOhz4ft2h_f1wiyJqxkhZ1sjV6Hq,https://drive.google.com/uc?export=download&id=1L05lMOhz4ft2h_f1wiyJqxkhZ1sjV6Hq
minutes,,,2022,08,mixed,محضر جلسة 27 جوان 2022,,محضر-جلسة-27-جوان-2022.pdf,1pKqz47qEJP8RCykpf6J4g7JxrcbuFacG,https://drive.google.com/uc?export=download&id=1pKqz47qEJP8RCykpf6J4g7JxrcbuFacG
decision,18,2022,2022,10,fr,Decision n° 2022 18,,Decision-n°-2022-18.pdf,1ESIC8px8mCG7P4l5Re83YvWwLW2Ipy0I,https://drive.google.com/uc?export=download&id=1ESIC8px8mCG7P4l5Re83YvWwLW2Ipy0I
decision,19,2022,2022,10,fr,Decision n° 2022 19,,Decision-n°-2022-19.pdf,1a6epePObFj5kDICzNgLCGSl5OW9wlFn6,https://drive.google.com/uc?export=download&id=1a6epePObFj5kDICzNgLCGSl5OW9wlFn6
list,,,2022,10,mixed,التشريعية 2022 قائمة مكاتب التحيين القارة حسب كل إدارة فرعية,,التشريعية-2022__-قائمة-مكاتب-التحيين-القارة-حسب-كل-إدارة-فرعية.pdf,1LnaZakkUgXuT8FFFXCJkQAJI-8OT1sqi,https://drive.google.com/uc?export=download&id=1LnaZakkUgXuT8FFFXCJkQAJI-8OT1sqi
guide,,,2022,10,mixed,دليل الترشحات الخاص بالانتخابات التشريعية 2022,,دليل-الترشحات-الخاص-بالانتخابات-التشريعيّة-2022.pdf,1JvyP2UhFscqkgbp-w0YvDD3MVAfsuE9R,https://drive.google.com/uc?export=download&id=1JvyP2UhFscqkgbp-w0YvDD3MVAfsuE9R
calendar,,,2022,10,mixed,روزنامة الانتخابات التشريعية 2022,,روزنامة-الانتخابات-التشريعية-2022.pdf,1XvPPSXzuGEXVVyOHOshCMhwwfR1KyYb-,https://drive.google.com/uc?export=download&id=1XvPPSXzuGEXVVyOHOshCMhwwfR1KyYb-
decision,23,2022,2022,10,mixed,قرار الهيئة عدد 23 لسنة 2022,,قرار-الهيئة-عدد-23-لسنة-2022.pdf,1RtGH66Qn_7w2YhsBhHOBarOSdG91mxLH,https://drive.google.com/uc?export=download&id=1RtGH66Qn_7w2YhsBhHOBarOSdG91mxLH
decision,25,2022,2022,10,mixed,قرار الهيئة عدد 25 لسنة 2022,,قرار-الهيئة-عدد-25-لسنة-2022.pdf,1V8W4zk2OQqLCVSlTXism1JvLFK_HXdyZ,https://drive.google.com/uc?export=download&id=1V8W4zk2OQqLCVSlTXism1JvLFK_HXdyZ
minutes,,,2022,10,mixed,محضر جلسة 20 سبتمبر 2022 1,,محضر-جلسة-20-سبتمبر-2022-1.pdf,1p1vTb-tTCVrpv9O13VMrir6rCobuWxZj,https://drive.google.com/uc?export=download&id=1p1vTb-tTCVrpv9O13VMrir6rCobuWxZj
minutes,,,2022,10,mixed,محضر جلسة 23 سبتمبر 2022 1,,محضر-جلسة-23-سبتمبر-2022-1.pdf,161YArt9DR0c78sS4qVCuygIcR8SXcBRN,https://drive.google.com/uc?export=download&id=161YArt9DR0c78sS4qVCuygIcR8SXcBRN
polling_geography,,,2022,10,mixed,مكاتب تحيين التسجيل القارة للفترة الثانية,,مكاتب-تحيين-التسجيل-القارة-للفترة-الثانية.pdf,1Ds9OpqVQWPRYaQR3Fs_p3zcx0U4mo7pX,https://drive.google.com/uc?export=download&id=1Ds9OpqVQWPRYaQR3Fs_p3zcx0U4mo7pX
decision,28,2022,2022,11,fr,Decision n° 2022 28,,Decision-n°-2022-28.pdf,1jsDoqsiCQrf4cRS0Xy1PSvhkKvZB6tLu,https://drive.google.com/uc?export=download&id=1jsDoqsiCQrf4cRS0Xy1PSvhkKvZB6tLu
decision,,,2022,11,fr,Decision portant delegation de signature,,Decision-portant-delegation-de-signature.pdf,1V4BP9VogcVmOMy-yIBsliNiwTSj6HYpa,https://drive.google.com/uc?export=download&id=1V4BP9VogcVmOMy-yIBsliNiwTSj6HYpa
decision,30,2022,2022,11,mixed,القرار عدد 30 لسنة 2022,,القرار-عدد-30-لسنة-2022.pdf,1mw5Cwi6gwMt1YwnzeXr6ptPPvigMzTOu,https://drive.google.com/uc?export=download&id=1mw5Cwi6gwMt1YwnzeXr6ptPPvigMzTOu
campaign_finance,,,2022,11,mixed,جدول السقف الجملي للانفاق على حملة الانتخابات التشريعية 2022,,جدول-السقف-الجملي-للانفاق-على-حملة-الانتخابات-التشريعية-2022.pdf,1xSAoxqlIaiHKnHiVJ5hfrf3W7lwfqGRB,https://drive.google.com/uc?export=download&id=1xSAoxqlIaiHKnHiVJ5hfrf3W7lwfqGRB
guide,,,2022,11,mixed,دليل المترشح للانتخابات التشريعية 17 ديسمبر 2022,,دليل-المترشح-للانتخابات-التشريعية-17-ديسمبر-2022.pdf,1ShAJSIwQsYoV4HfnuUWOg_4W8Q_3gM4v,https://drive.google.com/uc?export=download&id=1ShAJSIwQsYoV4HfnuUWOg_4W8Q_3gM4v
guide,,,2022,11,mixed,دليل قواعد وإجراءات الحملة الانتخابية للانتخابات التشريعية لسنة 2022,,دليل-قواعد-وإجراءات-الحملة-الانتخابية-للانتخابات-التشريعية-لسنة-2022.pdf,13HGONdQt6r2JOscT27_FaO1g9rd9WUAo,https://drive.google.com/uc?export=download&id=13HGONdQt6r2JOscT27_FaO1g9rd9WUAo
decision,28,2022,2022,11,mixed,قرار الهيئة عدد 28 لسنة 2022,,قرار-الهيئة-عدد-28-لسنة-2022.pdf,1fUCzqOiDIuqjMFF6izEaWUvpVV1hLL2w,https://drive.google.com/uc?export=download&id=1fUCzqOiDIuqjMFF6izEaWUvpVV1hLL2w
decision,8,2018,2022,11,mixed,قرار محين عدد 8 لسنة 2018,,قرار-محين-عدد-8-لسنة-2018.pdf,1pEfNnSVDFDGQqA5FEaSMAbg703QvJpRd,https://drive.google.com/uc?export=download&id=1pEfNnSVDFDGQqA5FEaSMAbg703QvJpRd
minutes,,,2022,11,mixed,محضر جلسة 14 أكتوبر 2022,,محضر-جلسة-14-أكتوبر-2022.pdf,12MYKTJ3aunA1CEyEBt6wYN9qZe0xDN-5,https://drive.google.com/uc?export=download&id=12MYKTJ3aunA1CEyEBt6wYN9qZe0xDN-5
minutes,,,2022,11,mixed,محضر جلسة 7 أكتوبر 2022,,محضر-جلسة-7-أكتوبر-2022.pdf,1fvA27YnVBCAo7AL6kraimWpyEyhNE--q,https://drive.google.com/uc?export=download&id=1fvA27YnVBCAo7AL6kraimWpyEyhNE--q
report,,,2022,12,fr,Rapport Referendum 2022,,Rapport-Referendum-2022.pdf,1nmGCYPhBMwIXXzfVoTgDjERNIgIgZ4n1,https://drive.google.com/uc?export=download&id=1nmGCYPhBMwIXXzfVoTgDjERNIgIgZ4n1
other,,,2022,12,mixed,إيطاليا,,إيطاليا.pdf,1UAPp3tcgUK75Sd4Hed3ttlZsfyU6zWVL,https://drive.google.com/uc?export=download&id=1UAPp3tcgUK75Sd4Hed3ttlZsfyU6zWVL
guide,,,2022,12,mixed,دليل اجراءات الاقتراع و الفرز الانتخابات التشريعية 2022,,دليل-اجراءات-الاقتراع-و-الفرز-الانتخابات-التشريعية-2022.pdf,1n3JuZ8omB2PSq9pd7qsBa70yaP3sVkNq,https://drive.google.com/uc?export=download&id=1n3JuZ8omB2PSq9pd7qsBa70yaP3sVkNq
other,,,2022,12,mixed,فرنسا 2,,فرنسا 2.pdf,1hPmhL3ZYDQfRIqQITmy9jxN1evfICkvE,https://drive.google.com/uc?export=download&id=1hPmhL3ZYDQfRIqQITmy9jxN1evfICkvE
other,,,2022,12,mixed,فرنسا 3,,فرنسا 3.pdf,1BGToLcE4efJ7_0yfrBtFQ5xmAHNnAW9r,https://drive.google.com/uc?export=download&id=1BGToLcE4efJ7_0yfrBtFQ5xmAHNnAW9r
polling_geography,,,2022,12,mixed,قائمة مراكز الاقتراع ذات التوقيت الاستثنائي,,قائمة-مراكز-الاقتراع-ذات-التوقيت-الاستثنائي.pdf,1_IZOdilzwBCLB95sMl54j8XTy6WY78QV,https://drive.google.com/uc?export=download&id=1_IZOdilzwBCLB95sMl54j8XTy6WY78QV
decision,,,2022,12,mixed,قرار الهيئة العليا المسقلة للانتخابات يتعلق بالتصريح بالنتائج الأولية للدورة الأولى للانتخابات التشريعية 2022,,قرار-الهيئة-العليا-المسقلة-للانتخابات-يتعلق-بالتصريح-بالنتائج-الأولية-للدورة-الأولى-للانتخابات-التشريعية-2022.pdf,1lXu-L21lG0CXFPqn8b_a5-EHUuo7SD3d,https://drive.google.com/uc?export=download&id=1lXu-L21lG0CXFPqn8b_a5-EHUuo7SD3d
decision,,,2022,12,mixed,قرار أولي بالالغاء الكلي والجزئي لنتائج بعض الفائزين في انتخابات أعضاء مجلس نواب الشعب 17 ديسمبر 2022 في بعض الدوائر الانتخابية,,قرار-أولي-بالالغاء-الكلي-والجزئي-لنتائج-بعض-الفائزين-في-انتخابات-أعضاء-مجلس-نواب-الشعب-17-ديسمبر-2022-في-بعض-الدوائر-الانتخابية.pdf,10VFZqbvxcxQ_sZHdIRdSGkXNNTLC4aKN,https://drive.google.com/uc?export=download&id=10VFZqbvxcxQ_sZHdIRdSGkXNNTLC4aKN
results,,,2023,01,mixed,النتائج الأولية للدورة الثانية للانتخابات التشريعية,,النتائج-الأولية-للدورة-الثانية-للانتخابات-التشريعية.pdf,1xG8_69IanptMEgifmg4gZAyY0Rjxzl-y,https://drive.google.com/uc?export=download&id=1xG8_69IanptMEgifmg4gZAyY0Rjxzl-y
decision,,,2023,01,mixed,قرار الالغاء الكلي والجزئي لنتائج بعض الفائزين في الدورة الثانية للانتخابات التشريعية,,قرار-الالغاء-الكلي-والجزئي-لنتائج-بعض-الفائزين-في-الدورة-الثانية-للانتخابات-التشريعية.pdf,1gTe_kk47FtXUOdO5ImUkl-uwU5tTBFWZ,https://drive.google.com/uc?export=download&id=1gTe_kk47FtXUOdO5ImUkl-uwU5tTBFWZ
decision,6,2023,2023,02,mixed,قرار عدد 6 لسنة 2023 بتاريخ 25 فيفري 2023,,قرار-عدد-6-لسنة-2023-بتاريخ-25-فيفري-2023.pdf,1OVuIZ1C2O1K4N4nuXevQyMgE4E4Ob0fE,https://drive.google.com/uc?export=download&id=1OVuIZ1C2O1K4N4nuXevQyMgE4E4Ob0fE
minutes,,,2023,02,mixed,محضر جلسة 30 جانفي 2023,,محضر-جلسة-30-جانفي-2023.pdf,1BM59kfHBCTNsk_XtOjFsyg0Rgu5IixV2,https://drive.google.com/uc?export=download&id=1BM59kfHBCTNsk_XtOjFsyg0Rgu5IixV2
communique,,,2023,05,mixed,بلاغ السيد رئيس اللجنة المكلفة بمتابعة الإشكاليات الإدارية بالهيئة,,بلاغ-السيد-رئيس-اللجنة-المكلفة-بمتابعة-الإشكاليات-الإدارية-بالهيئة.pdf,1hBC3HCmyOGYU_aErAWkGt-QNtYxE2ad8,https://drive.google.com/uc?export=download&id=1hBC3HCmyOGYU_aErAWkGt-QNtYxE2ad8
minutes,,,2023,07,mixed,محضر جلسة 20 جوان 2023,,محضر-جلسة-20-جوان-2023.pdf,1KzlxInF-4klYXdfyk_qgW-EZIRRy_s9q,https://drive.google.com/uc?export=download&id=1KzlxInF-4klYXdfyk_qgW-EZIRRy_s9q
minutes,,,2023,07,mixed,محضر جلسة 28 أفريل 2023,,محضر-جلسة-28-أفريل-2023.pdf,1oKLtt1sOPhDS_10zMWn65_z7alqE2z1m,https://drive.google.com/uc?export=download&id=1oKLtt1sOPhDS_10zMWn65_z7alqE2z1m
other,,,2023,08,fr,CC A.O 06 2023,,CC_A.O-06-2023.pdf,1GtQrHaQKLO7SWh_yH08aRN9BT-dvhIS-,https://drive.google.com/uc?export=download&id=1GtQrHaQKLO7SWh_yH08aRN9BT-dvhIS-
other,,,2023,08,fr,Cc A.O 04 2023,,Cc_A.O-04-2023.pdf,1WjLz-h5mGl8YiAVSGGvEjCJXy1h9zvGt,https://drive.google.com/uc?export=download&id=1WjLz-h5mGl8YiAVSGGvEjCJXy1h9zvGt
report,,,2023,08,mixed,تقرير الهيئة العليا المستقلة للانتخابات حول انتخابات أعضاء مجلس نواب الشعب لسنة 2022,,تقرير-الهيئة-العليا-المستقلّة-للانتخابات-حول-انتخابات-أعضاء-مجلس-نوّاب-الشعب-لسنة-2022.pdf,1s15NJCCfk4_vmw3nNKVLrWYRiastx67F,https://drive.google.com/uc?export=download&id=1s15NJCCfk4_vmw3nNKVLrWYRiastx67F
statistics,,,2023,08,mixed,معطيات حول الدوائر الانتخابية المحلية لانتخابات المجالس المحلية وعدد المقاعد المخصصة لها,,معطيات-حول-الدوائر-الانتخابية-المحلية-لانتخابات-المجالس-المحلية-وعدد-المقاعد-المخصصة-لها.pdf,1NNleSDfFSYsbjq9fz4y2BvKTLXKwPEOk,https://drive.google.com/uc?export=download&id=1NNleSDfFSYsbjq9fz4y2BvKTLXKwPEOk
statistics,,,2023,08,mixed,معطيات حول انتخابات المجلس الوطني للجهات والأقاليم,,معطيات-حول-انتخابات-المجلس-الوطني-للجهات-والأقاليم.pdf,1uMrWvDLoPb0gyAf46weDrrG5XZB49SY1,https://drive.google.com/uc?export=download&id=1uMrWvDLoPb0gyAf46weDrrG5XZB49SY1
statistics,,,2023,08,mixed,معطيات عامة حول الدوائر الخاصة بذوي الاعاقة بالمجالس المحلية وعدد المقاعد المخصصة لها,,معطيات-عامة-حول-الدوائر-الخاصة-بذوي-الاعاقة-بالمجالس-المحلية-وعدد-المقاعد-المخصصة-لها.pdf,1OfgpQuTENzVpBgmNMJOBkd2SQW_XoWjk,https://drive.google.com/uc?export=download&id=1OfgpQuTENzVpBgmNMJOBkd2SQW_XoWjk
statistics,,,2023,08,mixed,معطيات عامة حول مشروع التحديد الترابي للدوائر الانتخابية المحلية,,معطيات-عامة-حول-مشروع-التحديد-الترابي-للدوائر-الانتخابية-المحلية.pdf,1mb3wgXt72kDIWtsCXRBvtmE-wnU0w8jG,https://drive.google.com/uc?export=download&id=1mb3wgXt72kDIWtsCXRBvtmE-wnU0w8jG
decision,,,2023,09,fr,Decret2023 590Arabe,,Decret2023_590Arabe.pdf,1FPtqyui09wiIbZjO3IHcaQ564_GwCMeD,https://drive.google.com/uc?export=download&id=1FPtqyui09wiIbZjO3IHcaQ564_GwCMeD
legal_text,,,2023,09,fr,constitution de la republique tunisienne,,constitution-de-la-republique-tunisienne.pdf,117JVms8kOmfFT6dYvINEqlbOZ2J2hiLP,https://drive.google.com/uc?export=download&id=117JVms8kOmfFT6dYvINEqlbOZ2J2hiLP
minutes,,,2023,09,mixed,محضر جلسة 15 سبتمبر 2023,,محضر-جلسة-15-سبتمبر-2023.pdf,1cHkwK5r8X32WmDg4hCVdXmfTHlk3L_Gk,https://drive.google.com/uc?export=download&id=1cHkwK5r8X32WmDg4hCVdXmfTHlk3L_Gk
statistics,,,2023,09,mixed,معطيات حول انتخابات المجلس الوطني للجهات والأقاليم 2023,,معطيات-حول-انتخابات-المجلس-الوطني-للجهات-والأقاليم-2023.pdf,1aD9WcuX4T3Gc_4mhPT-c81VQ_GWTjS9M,https://drive.google.com/uc?export=download&id=1aD9WcuX4T3Gc_4mhPT-c81VQ_GWTjS9M
statistics,,,2023,09,mixed,معطيات عامة حول مجالس الاقاليم,,معطيات-عامة-حول-مجالس-الاقاليم.pdf,1pa56nnviaummmRQR4r2HLsyYfWFc7cdk,https://drive.google.com/uc?export=download&id=1pa56nnviaummmRQR4r2HLsyYfWFc7cdk
recruitment,,,2023,10,fr,CV Membre ISIE Mohamed Tlili Mnasri,,CV-Membre-ISIE-Mohamed-Tlili-Mnasri.pdf,1X_ufmNjTJG1_3B_kSHpdzz-AQ7GXgH7T,https://drive.google.com/uc?export=download&id=1X_ufmNjTJG1_3B_kSHpdzz-AQ7GXgH7T
recruitment,,,2023,10,mixed,إعلان عن فتح مناظرة خارجية لانتداب أعوان قارين بالهيئة العليا المستقلة للانتخابات,,إعلان-عن-فتح-مناظرة-خارجية-لانتداب-أعوان-قارين-بالهيئة-العليا-المستقلة-للانتخابات.pdf,1btspGR6PZSMoHLOMJcnTr8yfYfARLIzG,https://drive.google.com/uc?export=download&id=1btspGR6PZSMoHLOMJcnTr8yfYfARLIzG
communique,,,2023,10,mixed,بلاغ حول تأمين حصة عمل استثنائية من قبل القباضات المالية والبلدية يوم السبت والأحد,,بلاغ-حول-تأمين-حصة-عمل-استثنائية-من-قبل-القباضات-الماليّة-والبلدية-يوم-السبت-والأحد.pdf,1FV1cV4tTJhKZsdDd39uCI_Egqv6VNliI,https://drive.google.com/uc?export=download&id=1FV1cV4tTJhKZsdDd39uCI_Egqv6VNliI
communique,,,2023,10,mixed,بلاغ حول تأمين حصة عمل استثنائية من قبل القباضات المالية والبلدية,,بلاغ-حول-تأمين-حصة-عمل-استثنائية-من-قبل-القباضات-الماليّة-والبلدية.pdf,15iGrWoEx6bAORo1rNQMj8ClDGIAsUszZ,https://drive.google.com/uc?export=download&id=15iGrWoEx6bAORo1rNQMj8ClDGIAsUszZ
decision,9,2023,2023,10,mixed,قرار الهيئة عدد 9 لسنة 2023,,قرار-الهيئة-عدد-9-لسنة-2023.pdf,1Ig1vhMJRUdJYuuY7asHLo_6fuJfmy1Jo,https://drive.google.com/uc?export=download&id=1Ig1vhMJRUdJYuuY7asHLo_6fuJfmy1Jo
decision,8,2023,2023,10,mixed,قرار عدد 8 لسنة 2023,,قرار-عدد-8-لسنة-2023.pdf,1ZgwQoDZUYmK0a4n3oQAPBoE9aaUAkIHD,https://drive.google.com/uc?export=download&id=1ZgwQoDZUYmK0a4n3oQAPBoE9aaUAkIHD
minutes,,,2023,10,mixed,محضر جلسة 11 أكتوبر 2023,,محضر-جلسة-11-أكتوبر-2023.pdf,1g-s3Dq5__HXPDOB-Kn8aktu49Ex326cs,https://drive.google.com/uc?export=download&id=1g-s3Dq5__HXPDOB-Kn8aktu49Ex326cs
minutes,,,2023,10,mixed,محضر جلسة 3 أكتوبر 2023,,محضر-جلسة-3-أكتوبر-2023.pdf,1mHMWbFIRLmPllYb8ZmFGQtP1YBexL-QN,https://drive.google.com/uc?export=download&id=1mHMWbFIRLmPllYb8ZmFGQtP1YBexL-QN
recruitment,,,2023,11,fr,CV Membre ISIE Mahmoud El Ouaer,,CV-Membre-ISIE-Mahmoud-El-Ouaer.pdf,1NuuXhZUERu3w4KlHPKMF9TqzA6una-Lw,https://drive.google.com/uc?export=download&id=1NuuXhZUERu3w4KlHPKMF9TqzA6una-Lw
recruitment,,,2023,11,fr,CV Membre ISIE Mohamed Naoufel Frikha,,CV-Membre-ISIE-Mohamed-Naoufel-Frikha.pdf,1t5GQPZPaejy36IMGqfoXb1JHA6A27wJU,https://drive.google.com/uc?export=download&id=1t5GQPZPaejy36IMGqfoXb1JHA6A27wJU
decision,12,2023,2023,11,mixed,القرار عدد 12 لسنة 2023,,القرار-عدد-12-لسنة-2023.pdf,1aYwYeNxNjCHFRxjSVpQFnHDeMO61fFqp,https://drive.google.com/uc?export=download&id=1aYwYeNxNjCHFRxjSVpQFnHDeMO61fFqp
communique,,,2023,11,mixed,بلاغ حول تأمين حصة عمل استثنائية من قبل القباضات المالية والبلدية ليومي 4 و5 نوفمبر,,بلاغ-حول-تأمين-حصة-عمل-استثنائية-من-قبل-القباضات-المالية-والبلدية-ليومي-4-و5-نوفمبر.pdf,1xDg5w9teWH9eWeVJMK8bk50yiHycmL0e,https://drive.google.com/uc?export=download&id=1xDg5w9teWH9eWeVJMK8bk50yiHycmL0e
guide,,,2023,11,mixed,دليل المترشح لانتخابات أعضاء المجالس المحلية 2023,,دليل-المترشح-لانتخابات-أعضاء-المجالس-المحلية-2023.pdf,1hJh7lneY59m24yq_rFL4z8pPpUUR58-S,https://drive.google.com/uc?export=download&id=1hJh7lneY59m24yq_rFL4z8pPpUUR58-S
polling_geography,,,2023,11,mixed,مكاتب تحيين تسجيل الناخبين القارة الفترة الاستثنائية 21 نوفمبر 2023,,مكاتب-تحيين-تسجيل-الناخبين-القارة-الفترة-الاستثنائية-21-نوفمبر-2023.pdf,1-NYEzS038CDMQAiSIzYxTITGkuF_DR7v,https://drive.google.com/uc?export=download&id=1-NYEzS038CDMQAiSIzYxTITGkuF_DR7v
decision,,,2023,12,fr,decision isie n16 2023,,decision-isie-n16-2023.pdf,1wAOYqE6aAq3RRxaEUGtxW5cWzJ-9EjiW,https://drive.google.com/uc?export=download&id=1wAOYqE6aAq3RRxaEUGtxW5cWzJ-9EjiW
decision,16,2023,2023,12,mixed,قرار الهيئة العليا المستقلة للانتخابات عدد 16 لسنة 2023,,قرار-الهيئة-العليا-المستقلة-للانتخابات-عدد-16-لسنة-2023.pdf,1TSoxbWaBcYuyk8lPwWxyFGrfnm4MnohV,https://drive.google.com/uc?export=download&id=1TSoxbWaBcYuyk8lPwWxyFGrfnm4MnohV
minutes,,,2023,12,mixed,محضر جلسة 7 ديسمبر 2023,,محضر-جلسة-7-ديسمبر-2023.pdf,1ELD1y6tPdshS8oXLSgcLc1s_4chXBmkW,https://drive.google.com/uc?export=download&id=1ELD1y6tPdshS8oXLSgcLc1s_4chXBmkW
minutes,,,2023,12,mixed,محضر جلسة الهيئة 28 نوفمبر 2023,,محضر-جلسة-الهيئة-28-نوفمبر-2023.pdf,1RWSS5Ht-Mz8-mhauJKcyZqxb-fqqkyzT,https://drive.google.com/uc?export=download&id=1RWSS5Ht-Mz8-mhauJKcyZqxb-fqqkyzT
polling_geography,,,2023,12,mixed,مراكز الاقتراع للانتخابات المحلية 2023,,مراكز-الاقتراع-للانتخابات-المحلية-2023.pdf,1YYDWdUDqu95DD2qFWJ645-50uyssnu4Z,https://drive.google.com/uc?export=download&id=1YYDWdUDqu95DD2qFWJ645-50uyssnu4Z
guide,,,2024,01,mixed,دليل الاقتراع والفرز لانتخابات أعضاء المجالس المحلية,,دليل-الاقتراع-والفرز-لانتخابات-أعضاء-المجالس-المحلية.pdf,1fp3oR-6kG3NDBwRzHUi-s4qGIFmCa1k-,https://drive.google.com/uc?export=download&id=1fp3oR-6kG3NDBwRzHUi-s4qGIFmCa1k-
guide,,,2024,01,mixed,دليل قواعد وإجراءات الحملة الانتخابية لانتخابات أعضاء المجالس المحلية,,دليل-قواعد-وإجراءات-الحملة-الانتخابية-لانتخابات-أعضاء-المجالس-المحلية.pdf,1se-QzENMEtNZXXI7C1d1PC5QSt3yd5LQ,https://drive.google.com/uc?export=download&id=1se-QzENMEtNZXXI7C1d1PC5QSt3yd5LQ
minutes,,,2024,01,mixed,محضر جلسة 20 جانفي 2024,,محضر-جلسة-20-جانفي-2024.pdf,1P1r1XYKlR5zz8aUcBgI1S1AdAc5M001f,https://drive.google.com/uc?export=download&id=1P1r1XYKlR5zz8aUcBgI1S1AdAc5M001f
code_of_conduct,,,2024,01,mixed,مدونة سلوك الصحفيين المحليين والأجانب,,مدونة-سلوك-الصحفيين-المحليين-والأجانب.pdf,106WqwaqKFWvZEmJTE2v-x5Wv2vaGUmod,https://drive.google.com/uc?export=download&id=106WqwaqKFWvZEmJTE2v-x5Wv2vaGUmod
code_of_conduct,,,2024,01,mixed,مدونة سلوك المترشحين والأحزاب وممثليهم,,مدونة-سلوك-المترشحين-والأحزاب-وممثليهم.pdf,1wc2NQwR-wGtdolTGGqjIm_zPM2itlO3f,https://drive.google.com/uc?export=download&id=1wc2NQwR-wGtdolTGGqjIm_zPM2itlO3f
code_of_conduct,,,2024,01,mixed,مدونة سلوك الملاحظين المحلين والأجانب,,مدونة-سلوك-الملاحظين-المحلين-والأجانب.pdf,1kDEGomj9vxY5kz9oJrOpBmS4GJkzLZ2t,https://drive.google.com/uc?export=download&id=1kDEGomj9vxY5kz9oJrOpBmS4GJkzLZ2t
other,,,2024,02,fr,JournalArabe0312024,,JournalArabe0312024.pdf,1oxYus3xrXNm2TSmVIYECf5xoU6Mr3Ax0,https://drive.google.com/uc?export=download&id=1oxYus3xrXNm2TSmVIYECf5xoU6Mr3Ax0
other,,,2024,02,fr,JournalArabe0322024,,JournalArabe0322024.pdf,16gqX4FvR2m0cQ9bvTfxXEtjvU4kwGV_5,https://drive.google.com/uc?export=download&id=16gqX4FvR2m0cQ9bvTfxXEtjvU4kwGV_5
report,,,2024,02,mixed,تقرير نشاط الهيئة لسنة 2022,,تقرير-نشاط-الهيئة-لسنة-2022.pdf,1NGvvaxgURBNViHAfA0lLsDokkzfTM1_Y,https://drive.google.com/uc?export=download&id=1NGvvaxgURBNViHAfA0lLsDokkzfTM1_Y
decision,,,2024,02,mixed,قرار الهيئة عدد 281 2024,,قرار-الهيئة-عدد-281-2024.pdf,17JV-9Afe3aP6qDx_GTah0j4RfupHnove,https://drive.google.com/uc?export=download&id=17JV-9Afe3aP6qDx_GTah0j4RfupHnove
decision,,,2024,02,mixed,قرار الهيئة عدد 282 2024,,قرار-الهيئة-عدد-282-2024.pdf,1jcNNo6EchW1YPBM4So1bE3VoGcJNUx5v,https://drive.google.com/uc?export=download&id=1jcNNo6EchW1YPBM4So1bE3VoGcJNUx5v
candidate_list,,,2024,03,mixed,قائمة المترشحين المقبولين نهائيا لمجالس الأقاليم,,قائمة-المترشحين-المقبولين-نهائيا-لمجالس-الأقاليم.pdf,1EG8bIHAZL7jSE2rhUv1RytXJuwNVA66r,https://drive.google.com/uc?export=download&id=1EG8bIHAZL7jSE2rhUv1RytXJuwNVA66r
list,,,2024,03,mixed,قائمة المقبولين أوليا المجلس الوطني للجهات و الأقاليم,,قائمة-المقبولين-أوليا-المجلس-الوطني-للجهات-و-الأقاليم.pdf,13zrXfthQdE20wY3QvcGAzjpjnw6JNlhX,https://drive.google.com/uc?export=download&id=13zrXfthQdE20wY3QvcGAzjpjnw6JNlhX
list,,,2024,03,mixed,قائمة المقبولين نهائيا المجلس الوطني للجهات والأقاليم,,قائمة-المقبولين-نهائيا-المجلس-الوطني-للجهات-والأقاليم.pdf,1TmbSSrrS-FoVJrvry2z5eWSHckVWlffu,https://drive.google.com/uc?export=download&id=1TmbSSrrS-FoVJrvry2z5eWSHckVWlffu
list,,,2024,03,mixed,قائمة أولية في المقبولين مجالس أقاليم,,قائمة-أولية-في-المقبولين-مجالس-أقاليم.pdf,1R6wUXcVFzzmB5JQiwA1TGRl4yrEZvtqX,https://drive.google.com/uc?export=download&id=1R6wUXcVFzzmB5JQiwA1TGRl4yrEZvtqX
decision,,,2024,03,mixed,قرار الهيئة المتعلق بالتصريح بالنتائج الأولية لانتخابات أعضاء مجالس الأقاليم,,قرار-الهيئة-المتعلق-بالتصريح-بالنتائج-الأولية-لانتخابات-أعضاء-مجالس-الأقاليم.pdf,1qHPj9KxnddvRmTem7Ij11ZKKaf_ragCp,https://drive.google.com/uc?export=download&id=1qHPj9KxnddvRmTem7Ij11ZKKaf_ragCp
decision,537,2024,2024,03,mixed,قرار عدد 537 لسنة 2024 يتعلق بضبط تركيبة المجالس الجهوية,,قرار-عدد-537-لسنة-2024-يتعلق-بضبط-تركيبة-المجالس-الجهوية.pdf,1-khNRkEmcmpF6iHUxxl1t8Qe29y1KX0g,https://drive.google.com/uc?export=download&id=1-khNRkEmcmpF6iHUxxl1t8Qe29y1KX0g
decision,,,2024,03,mixed,قرار عدد 538 بتاريخ 18 مارس 2024,,قرار-عدد-538-بتاريخ-18-مارس-2024.pdf,1gx0bKIIkdD2GxdzJdo9LvnaEQVCr4vbN,https://drive.google.com/uc?export=download&id=1gx0bKIIkdD2GxdzJdo9LvnaEQVCr4vbN
decision,,,2024,03,mixed,قرار نتائج أولية مجلس وطني للجهات و الأقاليم,,قرار-نتائج-أولية-مجلس-وطني-للجهات-و-الأقاليم.pdf,1v67rrFGWqE9Gqfo4PZVZqkmRZUxUAowI,https://drive.google.com/uc?export=download&id=1v67rrFGWqE9Gqfo4PZVZqkmRZUxUAowI
minutes,,,2024,03,mixed,محضر جلسة 13 مارس 2024,,محضر-جلسة-13-مارس-2024.pdf,1BqQKQgPOJ_xsTIPrNySA16Mm-oNAP7Lk,https://drive.google.com/uc?export=download&id=1BqQKQgPOJ_xsTIPrNySA16Mm-oNAP7Lk
decision,539,2024,2024,04,mixed,قرار عدد 539 لسنة 2024,,قرار-عدد-539-لسنة-2024.pdf,1KdQT-rloPG0SNXw967Mxq4loCW56pTAS,https://drive.google.com/uc?export=download&id=1KdQT-rloPG0SNXw967Mxq4loCW56pTAS
minutes,,,2024,04,mixed,محضر جلسة 23 أفريل 2024,,محضر-جلسة-23-أفريل-2024.pdf,1JCIlqwoVaZcHtI_W-5OP1rR_0l0wyd0c,https://drive.google.com/uc?export=download&id=1JCIlqwoVaZcHtI_W-5OP1rR_0l0wyd0c
minutes,,,2024,04,mixed,محضر جلسة 28 مارس 2024,,محضر-جلسة-28-مارس-2024.pdf,1kW058VYcMGbSpRIxcdN2V9a1zICoC8h3,https://drive.google.com/uc?export=download&id=1kW058VYcMGbSpRIxcdN2V9a1zICoC8h3
minutes,,,2024,04,mixed,محضر جلسة 3 أفريل 2024,,محضر-جلسة-3-أفريل-2024.pdf,1_iHh8bSFf9O0Fb1l-Zc6G1EDi5dFwPA5,https://drive.google.com/uc?export=download&id=1_iHh8bSFf9O0Fb1l-Zc6G1EDi5dFwPA5
minutes,,,2024,05,mixed,محضر جلسة 6 ماي 2024,,محضر-جلسة-6-ماي-2024.pdf,1iYm4XgqrXxkbgPwuvbFYbugQ7zivowmK,https://drive.google.com/uc?export=download&id=1iYm4XgqrXxkbgPwuvbFYbugQ7zivowmK
decision,,,2024,06,mixed,قرار الهيئة عدد 541 بتاريخ 3 جوان 2024,,قرار-الهيئة-عدد-541-بتاريخ-3-جوان-2024.pdf,17LVroBjS4_Qz8wilC74CetTTxxYJgYO2,https://drive.google.com/uc?export=download&id=17LVroBjS4_Qz8wilC74CetTTxxYJgYO2
guide,,,2024,07,mixed,دليل الترشحات للانتخابات الرئاسية لسنة 2024,,دليل-الترشحات-للانتخابات-الرئاسية-لسنة-2024.pdf,1bA9RRrOe-wcRcSJB1Zzw92MN3uKr1FXk,https://drive.google.com/uc?export=download&id=1bA9RRrOe-wcRcSJB1Zzw92MN3uKr1FXk
decision,543,2024,2024,07,mixed,قرار الهيئة عدد 543 لسنة 2024,,قرار-الهيئة-عدد-543-لسنة-2024.pdf,1qb4mqHFcnhbkwy1s-39hk03QakcwePo9,https://drive.google.com/uc?export=download&id=1qb4mqHFcnhbkwy1s-39hk03QakcwePo9
minutes,,,2024,07,mixed,محضر جلسة 4 جويلية 2024,,محضر-جلسة-4-جويلية-2024.pdf,1W4fzK7FXEw8AyggOl34n_r2BUZxJeBBg,https://drive.google.com/uc?export=download&id=1W4fzK7FXEw8AyggOl34n_r2BUZxJeBBg
other,,,2024,08,fr,CCAO10 2024,,CCAO10-2024.pdf,1bOjlTyX5Ewdv5TcIm9SHfueT3OZHvICx,https://drive.google.com/uc?export=download&id=1bOjlTyX5Ewdv5TcIm9SHfueT3OZHvICx
guide,,,2024,08,mixed,الرئاسية 2024 دليل وسائل الاعلام في الفترة والحملة الانتخابية للانتخابات,,الرئاسية-2024-دليل-وسائل-الاعلام-في-الفترة-والحملة-الانتخابية-للانتخابات.pdf,1Zu8BvBlC9VDWs6eglYunahCYIwD7zr1X,https://drive.google.com/uc?export=download&id=1Zu8BvBlC9VDWs6eglYunahCYIwD7zr1X
candidate_list,,,2024,08,mixed,بلاغ حول نشر قائمة المترشحين المقبولين أوليا لعضوية الهيئات الفرعية للانتخابات بالداخل والخارج,,بلاغ-حول-نشر-قائمة-المترشّحين-المقبولين-أوّليّا-لعضويّة-الهيئات-الفرعيّة-للانتخابات-بالداخل-والخارج.pdf,15LKSlhUiqpthNMQfipu4A8mVaRNviKnz,https://drive.google.com/uc?export=download&id=15LKSlhUiqpthNMQfipu4A8mVaRNviKnz
candidate_list,,,2024,08,mixed,قائمة المترشحين المقبولين أوليا للانتخابات الرئاسية 2024,,قائمة-المترشحين-المقبولين-أوليا-للانتخابات-الرئاسية-2024.pdf,10YLnEn5eUEUpdW-7kH76zOfyRrgKVz_v,https://drive.google.com/uc?export=download&id=10YLnEn5eUEUpdW-7kH76zOfyRrgKVz_v
other,,,2024,08,mixed,ماهر بن علي الأزرق,,ماهر-بن-علي-الأزرق.pdf,1f_uPbqUcyMWHsfv3fa6jZ46ntrRolXb5,https://drive.google.com/uc?export=download&id=1f_uPbqUcyMWHsfv3fa6jZ46ntrRolXb5
minutes,,,2024,08,mixed,محضر جلسة 12 أوت 2024,,محضر-جلسة-12-أوت-2024.pdf,1CyTQYyAw-TTjveTHMrP4CeidS3Bv_mOt,https://drive.google.com/uc?export=download&id=1CyTQYyAw-TTjveTHMrP4CeidS3Bv_mOt
other,,,2024,08,mixed,محمد وجيه بن عبد الحق دحلاب,,محمد-وجيه-بن-عبد-الحق-دحلاب.pdf,13BUzi7SkYSR1NEGKr7IY20d78mlYx24J,https://drive.google.com/uc?export=download&id=13BUzi7SkYSR1NEGKr7IY20d78mlYx24J
polling_geography,,,2024,09,mixed,التوزيع الجغرافي وعناوين مراكز الاقتراع الخاصة بالانتخابات الرئاسية بالخارج,,التوزيع-الجغرافي-وعناوين-مراكز-الاقتراع-الخاصة-بالانتخابات-الرئاسية-بالخارج.pdf,1Xy9GtGuGTOZUqv75FNGAbGp8urRSpVVb,https://drive.google.com/uc?export=download&id=1Xy9GtGuGTOZUqv75FNGAbGp8urRSpVVb
campaign_finance,,,2024,09,mixed,بلاغ حول إجراءات تمويل الحملة الانتخابية للانتخابات الرئاسية 2024,,بلاغ-حول-إجراءات-تمويل-الحملة-الانتخابيّة-للانتخابات-الرئاسية-2024.pdf,1FVPv93Q7_3ufN3NOaWGHQtnGGRu8ag31,https://drive.google.com/uc?export=download&id=1FVPv93Q7_3ufN3NOaWGHQtnGGRu8ag31
list,,,2024,09,mixed,بلاغ حول ضبط قائمة الأسعار المرجعية الدنيا للأنشطة ذات العلاقة بحملة الانتخابات الرئاسية 2024,,بلاغ-حول-ضبط-قائمة-الأسعار-المرجعية-الدنيا-للأنشطة-ذات-العلاقة-بحملة-الانتخابات-الرئاسية-2024.pdf,10bNzAOm0UNMpKEsA1hAOY-zDwLYoFImZ,https://drive.google.com/uc?export=download&id=10bNzAOm0UNMpKEsA1hAOY-zDwLYoFImZ
decision,,,2024,09,mixed,قرار الهيئة عدد 545 سنة 2024,,قرار-الهيئة-عدد-545-سنة-2024.pdf,1NvZFvozglyu3LYVaKahgXmTgRs7uLiIC,https://drive.google.com/uc?export=download&id=1NvZFvozglyu3LYVaKahgXmTgRs7uLiIC
decision,546,2024,2024,09,mixed,قرار الهيئة عدد 546 لسنة 2024,,قرار-الهيئة-عدد-546-لسنة-2024.pdf,1ZUollrHtvR37MkVsEIASxfFlQXDqIL22,https://drive.google.com/uc?export=download&id=1ZUollrHtvR37MkVsEIASxfFlQXDqIL22
decision,547,2024,2024,09,mixed,قرار الهيئة عدد 547 لسنة 2024,,قرار-الهيئة-عدد-547-لسنة-2024.pdf,178rtzLL48tmSzVCdWxEgRuzQy6eXaTcG,https://drive.google.com/uc?export=download&id=178rtzLL48tmSzVCdWxEgRuzQy6eXaTcG
minutes,,,2024,09,mixed,محضر جلسة 21 أوت 2024,,محضر-جلسة-21-أوت-2024.pdf,1tQy8pMHFTb5F9Xsw8lSVSMV7PJ9qBF_z,https://drive.google.com/uc?export=download&id=1tQy8pMHFTb5F9Xsw8lSVSMV7PJ9qBF_z
decision,548,2024,2024,10,mixed,قرار عدد 548 لسنة 2024,,قرار-عدد-548-لسنة-2024.pdf,1hCSph7qA3aajGkccRATPHopYTMk8r-gT,https://drive.google.com/uc?export=download&id=1hCSph7qA3aajGkccRATPHopYTMk8r-gT
decision,551,2024,2024,10,mixed,قرار عدد 551 لسنة 2024,,قرار-عدد-551-لسنة-2024.pdf,1xazCXUmvNu5pLw8vthpERtAaX2OKfO0g,https://drive.google.com/uc?export=download&id=1xazCXUmvNu5pLw8vthpERtAaX2OKfO0g
