adm3_pcode,governorate_name,delegation_name,n_stations,n_read,read_pct,stations_with_any,any_pct,any_lo_pct,any_hi_pct,representatives,reps_per_100_stations,reps_saied,reps_zammel,reps_maghzaoui,stations_with_saied,stations_with_zammel,stations_with_maghzaoui,stations_with_saied_pct,stations_with_zammel_pct,stations_with_maghzaoui_pct,unattributed
TN1151,Tunis,Carthage,25,11,44.0,2,18.2,5.1,47.7,2,18.2,2,0,0,2,0,0,18.2,0.0,0.0,0
TN1152,Tunis,Médina,35,16,45.7,4,25.0,10.2,49.5,4,25.0,4,0,0,4,0,0,25.0,0.0,0.0,0
TN1153,Tunis,Bab Bhar,32,12,37.5,1,8.3,1.5,35.4,1,8.3,0,0,1,0,0,1,0.0,0.0,8.3,0
TN1154,Tunis,Bab Souika,35,16,45.7,7,43.8,23.1,66.8,7,43.8,7,0,0,7,0,0,43.8,0.0,0.0,0
TN1155,Tunis,Omrane,34,14,41.2,11,78.6,52.4,92.4,13,92.9,10,0,3,9,0,3,64.3,0.0,21.4,0
TN1156,Tunis,Omrane Supérieur,38,14,36.8,13,92.9,68.5,98.7,15,107.1,13,0,2,13,0,2,92.9,0.0,14.3,1
TN1157,Tunis,El Tahrir,14,5,35.7,2,40.0,11.8,76.9,2,40.0,2,0,0,2,0,0,40.0,0.0,0.0,0
TN1158,Tunis,El Menzah,36,17,47.2,2,11.8,3.3,34.3,2,11.8,1,0,1,1,0,1,5.9,0.0,5.9,0
TN1159,Tunis,Cité El Khadra,26,11,42.3,9,81.8,52.3,94.9,16,145.5,15,0,1,9,0,1,81.8,0.0,9.1,1
TN1160,Tunis,Bardo,63,27,42.9,4,14.8,5.9,32.5,5,18.5,4,0,1,4,0,1,14.8,0.0,3.7,0
TN1161,Tunis,Sijoumi,22,10,45.5,3,30.0,10.8,60.3,3,30.0,3,0,0,3,0,0,30.0,0.0,0.0,0
TN1162,Tunis,Ezzouhour,29,12,41.4,10,83.3,55.2,95.3,10,83.3,10,0,0,10,0,0,83.3,0.0,0.0,1
TN1163,Tunis,Hrairia,68,28,41.2,13,46.4,29.5,64.2,13,46.4,12,0,1,12,0,1,42.9,0.0,3.6,0
TN1164,Tunis,Sidi Hassine,65,28,43.1,22,78.6,60.5,89.8,25,89.3,22,0,3,21,0,3,75.0,0.0,10.7,3
TN1165,Tunis,El Ouardia,30,14,46.7,5,35.7,16.3,61.2,7,50.0,5,0,2,4,0,2,28.6,0.0,14.3,0
TN1166,Tunis,Kabaria,50,22,44.0,9,40.9,23.3,61.3,9,40.9,8,0,1,8,0,1,36.4,0.0,4.5,0
TN1167,Tunis,Sidi El Béchir,20,3,15.0,0,0.0,0.0,56.2,0,0.0,0,0,0,0,0,0,0.0,0.0,0.0,0
TN1168,Tunis,Jebel Jelloud,18,7,38.9,4,57.1,25.0,84.2,4,57.1,4,0,0,4,0,0,57.1,0.0,0.0,0
TN1169,Tunis,La Goulette,34,13,38.2,7,53.8,29.1,76.8,7,53.8,7,0,0,7,0,0,53.8,0.0,0.0,0
TN1170,Tunis,Le Kram,40,14,35.0,8,57.1,32.6,78.6,8,57.1,8,0,0,8,0,0,57.1,0.0,0.0,0
TN1171,Tunis,La Marsa,72,24,33.3,13,54.2,35.1,72.1,14,58.3,13,0,1,12,0,1,50.0,0.0,4.2,2
TN1251,Ariana,Ariana Médina,95,34,35.8,24,70.6,53.8,83.2,28,82.4,27,0,1,24,0,1,70.6,0.0,2.9,0
TN1252,Ariana,Soukra,80,40,50.0,18,45.0,30.7,60.2,20,50.0,20,0,0,18,0,0,45.0,0.0,0.0,0
TN1253,Ariana,Raoued,69,27,39.1,7,25.9,13.2,44.7,7,25.9,7,0,0,7,0,0,25.9,0.0,0.0,0
TN1254,Ariana,Kalaat El Andalous,22,10,45.5,9,90.0,59.6,98.2,9,90.0,9,0,0,9,0,0,90.0,0.0,0.0,0
TN1255,Ariana,Sidi Thabet,22,12,54.5,10,83.3,55.2,95.3,10,83.3,10,0,0,10,0,0,83.3,0.0,0.0,0
TN1256,Ariana,Ettadhamen,56,20,35.7,19,95.0,76.4,99.1,19,95.0,19,0,0,19,0,0,95.0,0.0,0.0,0
TN1257,Ariana,Mnihla,57,19,33.3,15,78.9,56.7,91.5,16,84.2,15,0,1,15,0,1,78.9,0.0,5.3,0
TN1351,Ben Arous,Ben Arous,28,9,32.1,3,33.3,12.1,64.6,3,33.3,2,0,1,2,0,1,22.2,0.0,11.1,1
TN1352,Ben Arous,Nouvelle Médina,44,26,59.1,8,30.8,16.5,50.0,8,30.8,8,0,0,8,0,0,30.8,0.0,0.0,0
TN1353,Ben Arous,El Mourouj,72,32,44.4,10,31.2,18.0,48.6,10,31.2,6,0,4,6,0,4,18.8,0.0,12.5,0
TN1354,Ben Arous,Hammam Lif,35,18,51.4,7,38.9,20.3,61.4,7,38.9,6,0,1,6,0,1,33.3,0.0,5.6,0
TN1355,Ben Arous,Hammam Chott,25,12,48.0,3,25.0,8.9,53.2,3,25.0,3,0,0,3,0,0,25.0,0.0,0.0,0
TN1356,Ben Arous,Boumhel,28,7,25.0,4,57.1,25.0,84.2,4,57.1,4,0,0,4,0,0,57.1,0.0,0.0,0
TN1357,Ben Arous,Ezzahra,28,7,25.0,0,0.0,0.0,35.4,0,0.0,0,0,0,0,0,0,0.0,0.0,0.0,0
TN1358,Ben Arous,Radès,44,24,54.5,19,79.2,59.5,90.8,19,79.2,19,0,0,19,0,0,79.2,0.0,0.0,1
TN1359,Ben Arous,Mégrine,23,2,8.7,2,100.0,34.2,100.0,2,100.0,2,0,0,2,0,0,100.0,0.0,0.0,0
TN1360,Ben Arous,M'Hamdia,51,19,37.3,10,52.6,31.7,72.7,13,68.4,11,0,2,10,0,2,52.6,0.0,10.5,0
TN1361,Ben Arous,Fouchana,55,20,36.4,11,55.0,34.2,74.2,13,65.0,9,0,4,9,0,4,45.0,0.0,20.0,2
TN1362,Ben Arous,Mornag,52,20,38.5,5,25.0,11.2,46.9,5,25.0,5,0,0,5,0,0,25.0,0.0,0.0,0
TN1451,Manubah,Manouba,52,27,51.9,11,40.7,24.5,59.3,12,44.4,11,0,1,11,0,1,40.7,0.0,3.7,0
TN1452,Manubah,Douar Hicher,51,15,29.4,5,33.3,15.2,58.3,5,33.3,5,0,0,5,0,0,33.3,0.0,0.0,0
TN1453,Manubah,Oued Ellil,48,16,33.3,8,50.0,28.0,72.0,9,56.2,7,0,2,7,0,2,43.8,0.0,12.5,0
TN1454,Manubah,Mornaguia,32,14,43.8,12,85.7,60.1,96.0,14,100.0,14,0,0,12,0,0,85.7,0.0,0.0,0
TN1455,Manubah,Borj El Amri,18,8,44.4,8,100.0,67.6,100.0,8,100.0,8,0,0,8,0,0,100.0,0.0,0.0,0
TN1456,Manubah,Jedaida,34,15,44.1,6,40.0,19.8,64.3,7,46.7,7,0,0,6,0,0,40.0,0.0,0.0,0
TN1457,Manubah,Tebourba,34,11,32.4,4,36.4,15.2,64.6,5,45.5,5,0,0,4,0,0,36.4,0.0,0.0,0
TN1458,Manubah,El Battan,15,8,53.3,7,87.5,52.9,97.8,8,100.0,8,0,0,7,0,0,87.5,0.0,0.0,0
TN1551,Nabeul,Nabeul,58,14,24.1,6,42.9,21.4,67.4,6,42.9,6,0,0,6,0,0,42.9,0.0,0.0,0
TN1552,Nabeul,Dar Chaabane El Fehri,43,19,44.2,4,21.1,8.5,43.3,4,21.1,4,0,0,4,0,0,21.1,0.0,0.0,1
TN1553,Nabeul,Beni Khiar,33,15,45.5,12,80.0,54.8,93.0,12,80.0,12,0,0,12,0,0,80.0,0.0,0.0,1
TN1554,Nabeul,Korba,55,21,38.2,4,19.0,7.7,40.0,4,19.0,4,0,0,4,0,0,19.0,0.0,0.0,0
TN1555,Nabeul,Menzel Temime,52,24,46.2,19,79.2,59.5,90.8,20,83.3,20,0,0,19,0,0,79.2,0.0,0.0,0
TN1556,Nabeul,El Mida,24,9,37.5,3,33.3,12.1,64.6,3,33.3,3,0,0,3,0,0,33.3,0.0,0.0,0
TN1557,Nabeul,Kelibia,47,20,42.6,6,30.0,14.5,51.9,6,30.0,6,0,0,6,0,0,30.0,0.0,0.0,0
TN1558,Nabeul,Hammam Ghezaz,15,5,33.3,2,40.0,11.8,76.9,2,40.0,2,0,0,2,0,0,40.0,0.0,0.0,0
TN1559,Nabeul,Haouaria,38,18,47.4,6,33.3,16.3,56.3,8,44.4,8,0,0,6,0,0,33.3,0.0,0.0,0
TN1560,Nabeul,Takelsa,21,10,47.6,3,30.0,10.8,60.3,3,30.0,3,0,0,3,0,0,30.0,0.0,0.0,0
TN1561,Nabeul,Soliman,41,18,43.9,14,77.8,54.8,91.0,15,83.3,15,0,0,14,0,0,77.8,0.0,0.0,0
TN1562,Nabeul,Menzel Bouzelfa,31,14,45.2,5,35.7,16.3,61.2,5,35.7,5,0,0,5,0,0,35.7,0.0,0.0,0
TN1563,Nabeul,Beni Khalled,32,13,40.6,4,30.8,12.7,57.6,4,30.8,4,0,0,4,0,0,30.8,0.0,0.0,0
TN1564,Nabeul,Grombalia,50,17,34.0,4,23.5,9.6,47.3,4,23.5,4,0,0,4,0,0,23.5,0.0,0.0,0
TN1565,Nabeul,Bou Argoub,28,11,39.3,1,9.1,1.6,37.7,1,9.1,1,0,0,1,0,0,9.1,0.0,0.0,0
TN1566,Nabeul,Hammamet,77,32,41.6,10,31.2,18.0,48.6,10,31.2,10,0,0,10,0,0,31.2,0.0,0.0,0
TN1651,Zaghouan,Zaghouan,37,11,29.7,8,72.7,43.4,90.3,12,109.1,12,0,0,8,0,0,72.7,0.0,0.0,0
TN1652,Zaghouan,Zriba,19,10,52.6,9,90.0,59.6,98.2,15,150.0,14,0,1,9,0,1,90.0,0.0,10.0,2
TN1653,Zaghouan,Bir Mchergua,22,2,9.1,2,100.0,34.2,100.0,2,100.0,2,0,0,2,0,0,100.0,0.0,0.0,0
TN1654,Zaghouan,Fahs,48,33,68.8,19,57.6,40.8,72.8,22,66.7,22,0,0,19,0,0,57.6,0.0,0.0,0
TN1655,Zaghouan,Nadhour,29,11,37.9,9,81.8,52.3,94.9,12,109.1,12,0,0,9,0,0,81.8,0.0,0.0,0
TN1656,Zaghouan,Saouaf,15,2,13.3,2,100.0,34.2,100.0,5,250.0,5,0,0,2,0,0,100.0,0.0,0.0,0
TN1751,Bizerte,Bizerte Nord,74,25,33.8,4,16.0,6.4,34.7,5,20.0,4,0,1,4,0,1,16.0,0.0,4.0,0
TN1752,Bizerte,Jarzouna,20,10,50.0,6,60.0,31.3,83.2,6,60.0,6,0,0,6,0,0,60.0,0.0,0.0,0
TN1753,Bizerte,Bizerte Sud,42,17,40.5,5,29.4,13.3,53.1,6,35.3,6,0,0,5,0,0,29.4,0.0,0.0,0
TN1754,Bizerte,Sejnane,40,14,35.0,5,35.7,16.3,61.2,8,57.1,8,0,0,5,0,0,35.7,0.0,0.0,0
TN1755,Bizerte,Joumine,32,12,37.5,8,66.7,39.1,86.2,8,66.7,8,0,0,8,0,0,66.7,0.0,0.0,0
TN1756,Bizerte,Mateur,40,16,40.0,6,37.5,18.5,61.4,7,43.8,7,0,0,6,0,0,37.5,0.0,0.0,1
TN1757,Bizerte,Ghazala,29,10,34.5,8,80.0,49.0,94.3,8,80.0,8,0,0,8,0,0,80.0,0.0,0.0,0
TN1758,Bizerte,Menzel Bourguiba,47,21,44.7,2,9.5,2.7,28.9,2,9.5,2,0,0,2,0,0,9.5,0.0,0.0,0
TN1759,Bizerte,Tinja,17,9,52.9,4,44.4,18.9,73.3,4,44.4,4,0,0,4,0,0,44.4,0.0,0.0,0
TN1760,Bizerte,Utique,19,8,42.1,5,62.5,30.6,86.3,5,62.5,5,0,0,5,0,0,62.5,0.0,0.0,1
TN1761,Bizerte,Ghar El Melh,18,9,50.0,6,66.7,35.4,87.9,6,66.7,6,0,0,6,0,0,66.7,0.0,0.0,0
TN1762,Bizerte,Menzel Jemil,40,18,45.0,12,66.7,43.7,83.7,14,77.8,14,0,0,12,0,0,66.7,0.0,0.0,0
TN1763,Bizerte,El Alia,24,10,41.7,9,90.0,59.6,98.2,10,100.0,10,0,0,9,0,0,90.0,0.0,0.0,0
TN1764,Bizerte,Ras Jebel,51,21,41.2,14,66.7,45.4,82.8,14,66.7,14,0,0,14,0,0,66.7,0.0,0.0,0
TN2151,Béja,Béja Nord,62,22,35.5,10,45.5,26.9,65.3,13,59.1,12,0,1,10,0,1,45.5,0.0,4.5,0
TN2152,Béja,Béja Sud,31,12,38.7,7,58.3,32.0,80.7,8,66.7,8,0,0,7,0,0,58.3,0.0,0.0,0
TN2153,Béja,Amdoun,23,9,39.1,9,100.0,70.1,100.0,18,200.0,18,0,0,9,0,0,100.0,0.0,0.0,0
TN2154,Béja,Nefza,47,18,38.3,18,100.0,82.4,100.0,32,177.8,28,0,4,18,0,4,100.0,0.0,22.2,1
TN2155,Béja,Téboursouk,24,11,45.8,9,81.8,52.3,94.9,10,90.9,10,0,0,9,0,0,81.8,0.0,0.0,0
TN2156,Béja,Thibar,10,7,70.0,6,85.7,48.7,97.4,8,114.3,8,0,0,6,0,0,85.7,0.0,0.0,0
TN2157,Béja,Testour,36,14,38.9,11,78.6,52.4,92.4,16,114.3,16,0,0,11,0,0,78.6,0.0,0.0,1
TN2158,Béja,Goubellat,17,6,35.3,4,66.7,30.0,90.3,8,133.3,8,0,0,4,0,0,66.7,0.0,0.0,1
TN2159,Béja,Mejez El Bab,39,18,46.2,3,16.7,5.8,39.2,3,16.7,3,0,0,3,0,0,16.7,0.0,0.0,0
TN2251,Jendouba,Jendouba Sud,65,34,52.3,16,47.1,31.5,63.3,17,50.0,15,0,2,14,0,2,41.2,0.0,5.9,1
TN2252,Jendouba,Jendouba Nord,39,16,41.0,9,56.2,33.2,76.9,15,93.8,15,0,0,9,0,0,56.2,0.0,0.0,0
TN2253,Jendouba,Bousalem,35,12,34.3,7,58.3,32.0,80.7,7,58.3,7,0,0,7,0,0,58.3,0.0,0.0,0
TN2254,Jendouba,Tabarka,47,22,46.8,12,54.5,34.7,73.1,15,68.2,14,0,1,12,0,1,54.5,0.0,4.5,0
TN2255,Jendouba,Aïn Draham,41,15,36.6,10,66.7,41.7,84.8,11,73.3,10,0,1,10,0,1,66.7,0.0,6.7,2
TN2256,Jendouba,Fernana,49,21,42.9,17,81.0,60.0,92.3,23,109.5,23,0,0,17,0,0,81.0,0.0,0.0,0
TN2257,Jendouba,Ghardimaou,62,19,30.6,14,73.7,51.2,88.2,18,94.7,18,0,0,14,0,0,73.7,0.0,0.0,0
TN2258,Jendouba,Oued Mliz,18,9,50.0,9,100.0,70.1,100.0,10,111.1,10,0,0,9,0,0,100.0,0.0,0.0,0
TN2259,Jendouba,Balta Bou Aouane,33,10,30.3,5,50.0,23.7,76.3,5,50.0,5,0,0,5,0,0,50.0,0.0,0.0,0
TN2351,Le Kef,Kef Ouest,27,12,44.4,10,83.3,55.2,95.3,10,83.3,10,0,0,10,0,0,83.3,0.0,0.0,0
TN2352,Le Kef,Kef Est,39,14,35.9,11,78.6,52.4,92.4,13,92.9,12,0,1,11,0,1,78.6,0.0,7.1,0
TN2353,Le Kef,Nebeur,33,11,33.3,10,90.9,62.3,98.4,10,90.9,10,0,0,10,0,0,90.9,0.0,0.0,0
TN2354,Le Kef,Sakiet Sidi Youssef,23,10,43.5,10,100.0,72.2,100.0,10,100.0,10,0,0,10,0,0,100.0,0.0,0.0,0
TN2355,Le Kef,Tajerouine,34,15,44.1,13,86.7,62.1,96.3,14,93.3,14,0,0,13,0,0,86.7,0.0,0.0,0
TN2356,Le Kef,Kalaat Senan,22,11,50.0,11,100.0,74.1,100.0,11,100.0,11,0,0,11,0,0,100.0,0.0,0.0,0
TN2357,Le Kef,Kalaa Khesba,8,2,25.0,2,100.0,34.2,100.0,2,100.0,2,0,0,2,0,0,100.0,0.0,0.0,0
TN2358,Le Kef,Jerissa,14,7,50.0,4,57.1,25.0,84.2,5,71.4,4,0,1,4,0,1,57.1,0.0,14.3,0
TN2359,Le Kef,Ksour,20,9,45.0,6,66.7,35.4,87.9,6,66.7,6,0,0,6,0,0,66.7,0.0,0.0,0
TN2360,Le Kef,Dahmani,33,13,39.4,11,84.6,57.8,95.7,13,100.0,12,0,1,11,0,1,84.6,0.0,7.7,1
TN2361,Le Kef,Es Sers,23,8,34.8,5,62.5,30.6,86.3,5,62.5,4,0,1,4,0,1,50.0,0.0,12.5,0
TN2451,Siliana,Siliana Nord,35,16,45.7,13,81.2,57.0,93.4,16,100.0,16,0,0,13,0,0,81.2,0.0,0.0,0
TN2452,Siliana,Siliana Sud,38,12,31.6,7,58.3,32.0,80.7,8,66.7,8,0,0,7,0,0,58.3,0.0,0.0,0
TN2453,Siliana,Bouarada,21,9,42.9,3,33.3,12.1,64.6,3,33.3,3,0,0,3,0,0,33.3,0.0,0.0,0
TN2454,Siliana,Gaafour,18,8,44.4,8,100.0,67.6,100.0,8,100.0,8,0,0,8,0,0,100.0,0.0,0.0,0
TN2455,Siliana,El Krib,21,10,47.6,7,70.0,39.7,89.2,8,80.0,8,0,0,7,0,0,70.0,0.0,0.0,0
TN2456,Siliana,Bourouis,15,5,33.3,1,20.0,3.6,62.4,1,20.0,1,0,0,1,0,0,20.0,0.0,0.0,0
TN2457,Siliana,Makthar,31,9,29.0,7,77.8,45.3,93.7,8,88.9,8,0,0,7,0,0,77.8,0.0,0.0,0
TN2458,Siliana,Rouhia,32,16,50.0,9,56.2,33.2,76.9,10,62.5,10,0,0,9,0,0,56.2,0.0,0.0,0
TN2459,Siliana,Kesra,19,8,42.1,7,87.5,52.9,97.8,9,112.5,9,0,0,7,0,0,87.5,0.0,0.0,2
TN2460,Siliana,Bargou,18,9,50.0,5,55.6,26.7,81.1,7,77.8,7,0,0,5,0,0,55.6,0.0,0.0,0
TN2461,Siliana,Laroussa,11,3,27.3,3,100.0,43.8,100.0,3,100.0,3,0,0,3,0,0,100.0,0.0,0.0,0
TN3151,Sousse,Sousse Médina,31,16,51.6,12,75.0,50.5,89.8,12,75.0,12,0,0,12,0,0,75.0,0.0,0.0,0
TN3152,Sousse,Sousse Riadh,49,22,44.9,19,86.4,66.7,95.3,24,109.1,24,0,0,19,0,0,86.4,0.0,0.0,0
TN3153,Sousse,Sousse Jaouhara,57,28,49.1,9,32.1,17.9,50.7,9,32.1,9,0,0,9,0,0,32.1,0.0,0.0,0
TN3154,Sousse,Sousse Sidi Abdelhamid,35,12,34.3,11,91.7,64.6,98.5,12,100.0,12,0,0,11,0,0,91.7,0.0,0.0,0
TN3155,Sousse,Hammam Sousse,43,17,39.5,4,23.5,9.6,47.3,5,29.4,5,0,0,4,0,0,23.5,0.0,0.0,0
TN3156,Sousse,Akouda,28,13,46.4,5,38.5,17.7,64.5,5,38.5,5,0,0,5,0,0,38.5,0.0,0.0,0
TN3157,Sousse,Kalaa Kebira,37,10,27.0,6,60.0,31.3,83.2,6,60.0,6,0,0,6,0,0,60.0,0.0,0.0,0
TN3158,Sousse,Sidi Bou Ali,16,7,43.8,2,28.6,8.2,64.1,2,28.6,2,0,0,2,0,0,28.6,0.0,0.0,0
TN3159,Sousse,Hergla,8,2,25.0,2,100.0,34.2,100.0,2,100.0,2,0,0,2,0,0,100.0,0.0,0.0,0
TN3160,Sousse,Enfidha,42,14,33.3,11,78.6,52.4,92.4,12,85.7,12,0,0,11,0,0,78.6,0.0,0.0,1
TN3161,Sousse,Bouficha,23,15,65.2,13,86.7,62.1,96.3,20,133.3,20,0,0,13,0,0,86.7,0.0,0.0,0
TN3162,Sousse,Kondar,12,4,33.3,3,75.0,30.1,95.4,3,75.0,3,0,0,3,0,0,75.0,0.0,0.0,0
TN3163,Sousse,Sidi El Heni,15,4,26.7,4,100.0,51.0,100.0,4,100.0,4,0,0,4,0,0,100.0,0.0,0.0,0
TN3164,Sousse,M'Saken,65,24,36.9,16,66.7,46.7,82.0,20,83.3,20,0,0,16,0,0,66.7,0.0,0.0,0
TN3165,Sousse,Kalaa Sghira,28,8,28.6,6,75.0,40.9,92.9,6,75.0,6,0,0,6,0,0,75.0,0.0,0.0,2
TN3166,Sousse,Zaouia Ksiba Thraya,24,12,50.0,11,91.7,64.6,98.5,12,100.0,11,0,1,11,0,1,91.7,0.0,8.3,0
TN3251,Monastir,Monastir,77,29,37.7,26,89.7,73.6,96.4,40,137.9,36,0,4,25,0,4,86.2,0.0,13.8,1
TN3252,Monastir,Ouerdanine,18,9,50.0,9,100.0,70.1,100.0,13,144.4,13,0,0,9,0,0,100.0,0.0,0.0,0
TN3253,Monastir,Sahline,21,4,19.0,4,100.0,51.0,100.0,6,150.0,6,0,0,4,0,0,100.0,0.0,0.0,1
TN3254,Monastir,Zeramdine,25,9,36.0,4,44.4,18.9,73.3,4,44.4,4,0,0,4,0,0,44.4,0.0,0.0,1
TN3255,Monastir,Beni Hassen,11,6,54.5,6,100.0,61.0,100.0,7,116.7,7,0,0,6,0,0,100.0,0.0,0.0,0
TN3256,Monastir,Jammel,50,24,48.0,21,87.5,69.0,95.7,25,104.2,25,0,0,21,0,0,87.5,0.0,0.0,1
TN3257,Monastir,Bembla,25,8,32.0,8,100.0,67.6,100.0,13,162.5,13,0,0,8,0,0,100.0,0.0,0.0,0
TN3258,Monastir,Moknine,81,32,39.5,12,37.5,22.9,54.7,12,37.5,12,0,0,12,0,0,37.5,0.0,0.0,0
TN3259,Monastir,Bekalta,15,7,46.7,7,100.0,64.6,100.0,12,171.4,12,0,0,7,0,0,100.0,0.0,0.0,0
TN3260,Monastir,Teboulba,27,15,55.6,15,100.0,79.6,100.0,24,160.0,24,0,0,15,0,0,100.0,0.0,0.0,1
TN3261,Monastir,Ksar Hellal,41,15,36.6,14,93.3,70.2,98.8,14,93.3,14,0,0,14,0,0,93.3,0.0,0.0,0
TN3262,Monastir,Ksibet El Mediouni,27,11,40.7,4,36.4,15.2,64.6,4,36.4,4,0,0,4,0,0,36.4,0.0,0.0,0
TN3263,Monastir,Sayada-Lamta-Bou Hjar,23,10,43.5,8,80.0,49.0,94.3,11,110.0,11,0,0,8,0,0,80.0,0.0,0.0,1
TN3351,Mahdia,Mahdia,69,26,37.7,5,19.2,8.5,37.9,5,19.2,5,0,0,5,0,0,19.2,0.0,0.0,0
TN3352,Mahdia,Boumerdès,28,14,50.0,12,85.7,60.1,96.0,13,92.9,13,0,0,12,0,0,85.7,0.0,0.0,0
TN3353,Mahdia,Ouled Chamekh,23,14,60.9,8,57.1,32.6,78.6,8,57.1,8,0,0,8,0,0,57.1,0.0,0.0,1
TN3354,Mahdia,Chorbane,26,10,38.5,6,60.0,31.3,83.2,9,90.0,9,0,0,6,0,0,60.0,0.0,0.0,0
TN3355,Mahdia,Hbira,12,7,58.3,6,85.7,48.7,97.4,11,157.1,11,0,0,6,0,0,85.7,0.0,0.0,0
TN3356,Mahdia,Souassi,48,18,37.5,15,83.3,60.8,94.2,16,88.9,16,0,0,15,0,0,83.3,0.0,0.0,0
TN3357,Mahdia,El Jem,40,15,37.5,13,86.7,62.1,96.3,14,93.3,14,0,0,13,0,0,86.7,0.0,0.0,0
TN3358,Mahdia,Chebba,26,9,34.6,8,88.9,56.5,98.0,8,88.9,8,0,0,8,0,0,88.9,0.0,0.0,0
TN3359,Mahdia,Melloulech,19,6,31.6,6,100.0,61.0,100.0,8,133.3,8,0,0,6,0,0,100.0,0.0,0.0,0
TN3360,Mahdia,Sidi Alouane,36,13,36.1,9,69.2,42.4,87.3,10,76.9,10,0,0,9,0,0,69.2,0.0,0.0,1
TN3361,Mahdia,Ksour Essef,46,19,41.3,10,52.6,31.7,72.7,11,57.9,11,0,0,10,0,0,52.6,0.0,0.0,0
TN3451,Sfax,Sfax Médina,76,29,38.2,16,55.2,37.5,71.6,16,55.2,16,0,0,16,0,0,55.2,0.0,0.0,1
TN3452,Sfax,Sfax Ouest,77,33,42.9,21,63.6,46.6,77.8,22,66.7,22,0,0,21,0,0,63.6,0.0,0.0,0
TN3453,Sfax,Sakiet Ezzit,78,25,32.1,4,16.0,6.4,34.7,4,16.0,4,0,0,4,0,0,16.0,0.0,0.0,0
TN3454,Sfax,Sakiet Eddaier,81,39,48.1,5,12.8,5.6,26.7,5,12.8,5,0,0,5,0,0,12.8,0.0,0.0,0
TN3455,Sfax,Sfax Sud,87,40,46.0,20,50.0,35.2,64.8,23,57.5,23,0,0,20,0,0,50.0,0.0,0.0,0
TN3456,Sfax,Thyna,40,15,37.5,9,60.0,35.7,80.2,9,60.0,9,0,0,9,0,0,60.0,0.0,0.0,1
TN3457,Sfax,Agareb,40,17,42.5,15,88.2,65.7,96.7,15,88.2,15,0,0,15,0,0,88.2,0.0,0.0,0
TN3458,Sfax,Jebeniana,42,15,35.7,3,20.0,7.0,45.2,4,26.7,4,0,0,3,0,0,20.0,0.0,0.0,0
TN3459,Sfax,El Amra,26,7,26.9,4,57.1,25.0,84.2,6,85.7,6,0,0,4,0,0,57.1,0.0,0.0,0
TN3460,Sfax,Hencha,45,13,28.9,10,76.9,49.7,91.8,10,76.9,10,0,0,10,0,0,76.9,0.0,0.0,0
TN3461,Sfax,Menzel Chaker,39,14,35.9,3,21.4,7.6,47.6,5,35.7,5,0,0,3,0,0,21.4,0.0,0.0,0
TN3462,Sfax,El Ghraiba,15,7,46.7,7,100.0,64.6,100.0,8,114.3,8,0,0,7,0,0,100.0,0.0,0.0,0
TN3463,Sfax,Bir Ali Ben Khélifa,66,31,47.0,10,32.3,18.6,49.9,12,38.7,12,0,0,10,0,0,32.3,0.0,0.0,0
TN3464,Sfax,Skhira,43,16,37.2,16,100.0,80.6,100.0,20,125.0,20,0,0,16,0,0,100.0,0.0,0.0,0
TN3465,Sfax,Mahres,33,19,57.6,7,36.8,19.1,59.0,7,36.8,7,0,0,7,0,0,36.8,0.0,0.0,0
TN3466,Sfax,Kerkennah,18,6,33.3,5,83.3,43.6,97.0,8,133.3,8,0,0,5,0,0,83.3,0.0,0.0,0
TN4151,Kairouan,Kairouan Nord,29,9,31.0,3,33.3,12.1,64.6,3,33.3,3,0,0,3,0,0,33.3,0.0,0.0,1
TN4152,Kairouan,Kairouan Sud,37,14,37.8,10,71.4,45.4,88.3,11,78.6,11,0,0,10,0,0,71.4,0.0,0.0,0
TN4153,Kairouan,Chebika,26,16,61.5,8,50.0,28.0,72.0,8,50.0,8,0,0,8,0,0,50.0,0.0,0.0,0
TN4154,Kairouan,Sbikha,39,37,94.9,21,56.8,40.9,71.3,26,70.3,26,0,0,21,0,0,56.8,0.0,0.0,0
TN4155,Kairouan,Oueslatia,34,12,35.3,8,66.7,39.1,86.2,13,108.3,13,0,0,8,0,0,66.7,0.0,0.0,2
TN4156,Kairouan,Haffouz,26,5,19.2,4,80.0,37.6,96.4,4,80.0,4,0,0,4,0,0,80.0,0.0,0.0,0
TN4157,Kairouan,Alaa,31,12,38.7,6,50.0,25.4,74.6,7,58.3,7,0,0,6,0,0,50.0,0.0,0.0,3
TN4158,Kairouan,Hajeb El Ayoun,39,9,23.1,8,88.9,56.5,98.0,8,88.9,8,0,0,8,0,0,88.9,0.0,0.0,0
TN4159,Kairouan,Nasrallah,33,10,30.3,6,60.0,31.3,83.2,7,70.0,7,0,0,6,0,0,60.0,0.0,0.0,0
TN4160,Kairouan,Chrarda,27,7,25.9,3,42.9,15.8,75.0,4,57.1,4,0,0,3,0,0,42.9,0.0,0.0,0
TN4161,Kairouan,Bouhajla,44,17,38.6,7,41.2,21.6,64.0,7,41.2,7,0,0,7,0,0,41.2,0.0,0.0,1
TN4251,Kassérine,Kasserine Nord,56,22,39.3,8,36.4,19.7,57.0,8,36.4,8,0,0,8,0,0,36.4,0.0,0.0,0
TN4252,Kassérine,Kasserine Sud,18,8,44.4,5,62.5,30.6,86.3,6,75.0,6,0,0,5,0,0,62.5,0.0,0.0,0
TN4253,Kassérine,Ezzouhour,22,9,40.9,6,66.7,35.4,87.9,8,88.9,8,0,0,6,0,0,66.7,0.0,0.0,0
TN4254,Kassérine,Hassi El Ferid,25,10,40.0,8,80.0,49.0,94.3,13,130.0,13,0,0,8,0,0,80.0,0.0,0.0,1
TN4255,Kassérine,Sbeitla,75,32,42.7,7,21.9,11.0,38.8,8,25.0,8,0,0,7,0,0,21.9,0.0,0.0,1
TN4256,Kassérine,Sbiba,44,18,40.9,10,55.6,33.7,75.4,11,61.1,11,0,0,10,0,0,55.6,0.0,0.0,0
TN4257,Kassérine,Jedeliane,17,6,35.3,3,50.0,18.8,81.2,3,50.0,3,0,0,3,0,0,50.0,0.0,0.0,0
TN4258,Kassérine,Ayoun,22,10,45.5,4,40.0,16.8,68.7,4,40.0,4,0,0,4,0,0,40.0,0.0,0.0,0
TN4259,Kassérine,Thala,35,10,28.6,4,40.0,16.8,68.7,4,40.0,4,0,0,4,0,0,40.0,0.0,0.0,0
TN4260,Kassérine,Hidra,12,5,41.7,0,0.0,0.0,43.4,0,0.0,0,0,0,0,0,0,0.0,0.0,0.0,0
TN4261,Kassérine,Foussana,44,16,36.4,3,18.8,6.6,43.0,4,25.0,4,0,0,3,0,0,18.8,0.0,0.0,1
TN4262,Kassérine,Feriana,55,28,50.9,22,78.6,60.5,89.8,25,89.3,25,0,0,22,0,0,78.6,0.0,0.0,3
TN4263,Kassérine,Majel Belabbes,29,10,34.5,6,60.0,31.3,83.2,12,120.0,12,0,0,6,0,0,60.0,0.0,0.0,0
TN4351,Sidi Bou Zid,Sidi Bouzid Ouest,69,26,37.7,14,53.8,35.5,71.2,15,57.7,15,0,0,14,0,0,53.8,0.0,0.0,1
TN4352,Sidi Bou Zid,Sidi Bouzid Est,47,16,34.0,8,50.0,28.0,72.0,12,75.0,12,0,0,8,0,0,50.0,0.0,0.0,1
TN4353,Sidi Bou Zid,Jelma,37,13,35.1,10,76.9,49.7,91.8,11,84.6,11,0,0,10,0,0,76.9,0.0,0.0,0
TN4354,Sidi Bou Zid,Sabalat Ouled Asker,21,7,33.3,3,42.9,15.8,75.0,5,71.4,5,0,0,3,0,0,42.9,0.0,0.0,0
TN4355,Sidi Bou Zid,Bir El Hfay,36,13,36.1,9,69.2,42.4,87.3,11,84.6,11,0,0,9,0,0,69.2,0.0,0.0,0
TN4356,Sidi Bou Zid,Sidi Ali Ben Aoun,26,9,34.6,8,88.9,56.5,98.0,11,122.2,11,0,0,8,0,0,88.9,0.0,0.0,2
TN4357,Sidi Bou Zid,Menzel Bouzaiene,35,14,40.0,13,92.9,68.5,98.7,16,114.3,14,0,2,13,0,2,92.9,0.0,14.3,0
TN4358,Sidi Bou Zid,Meknassi,24,12,50.0,12,100.0,75.7,100.0,18,150.0,12,0,6,11,0,6,91.7,0.0,50.0,1
TN4359,Sidi Bou Zid,Souk Jedid,25,13,52.0,9,69.2,42.4,87.3,12,92.3,12,0,0,9,0,0,69.2,0.0,0.0,1
TN4360,Sidi Bou Zid,Mazzouna,28,18,64.3,16,88.9,67.2,96.9,24,133.3,24,0,0,16,0,0,88.9,0.0,0.0,3
TN4361,Sidi Bou Zid,Regueb,66,24,36.4,13,54.2,35.1,72.1,17,70.8,17,0,0,13,0,0,54.2,0.0,0.0,1
TN4362,Sidi Bou Zid,Ouled Haffouz,26,11,42.3,3,27.3,9.7,56.6,6,54.5,6,0,0,3,0,0,27.3,0.0,0.0,1
TN5151,Gabès,Gabès Médina,37,18,48.6,10,55.6,33.7,75.4,10,55.6,7,0,3,7,0,3,38.9,0.0,16.7,0
TN5152,Gabès,Gabès Ouest,25,8,32.0,8,100.0,67.6,100.0,9,112.5,8,0,1,8,0,1,100.0,0.0,12.5,0
TN5153,Gabès,Gabès Sud,56,24,42.9,12,50.0,31.4,68.6,16,66.7,9,0,7,8,0,7,33.3,0.0,29.2,0
TN5154,Gabès,Ghannouch,22,8,36.4,6,75.0,40.9,92.9,6,75.0,6,0,0,6,0,0,75.0,0.0,0.0,0
TN5155,Gabès,Metouia,26,8,30.8,7,87.5,52.9,97.8,7,87.5,7,0,0,7,0,0,87.5,0.0,0.0,0
TN5156,Gabès,Menzel Habib,20,12,60.0,9,75.0,46.8,91.1,14,116.7,14,0,0,9,0,0,75.0,0.0,0.0,0
TN5157,Gabès,Hamma,58,23,39.7,17,73.9,53.5,87.5,28,121.7,15,0,13,15,0,13,65.2,0.0,56.5,1
TN5158,Gabès,Matmata,11,5,45.5,4,80.0,37.6,96.4,4,80.0,4,0,0,4,0,0,80.0,0.0,0.0,0
TN5159,Gabès,Matmata Nouvelle,17,6,35.3,4,66.7,30.0,90.3,4,66.7,4,0,0,4,0,0,66.7,0.0,0.0,0
TN5160,Gabès,Mareth,65,25,38.5,21,84.0,65.3,93.6,29,116.0,26,0,3,21,0,3,84.0,0.0,12.0,0
TN5251,Médenine,Médenine Nord,50,15,30.0,5,33.3,15.2,58.3,5,33.3,5,0,0,5,0,0,33.3,0.0,0.0,0
TN5252,Médenine,Médenine Sud,62,31,50.0,14,45.2,29.2,62.2,15,48.4,14,0,1,14,0,1,45.2,0.0,3.2,0
TN5253,Médenine,Beni Khedache,40,15,37.5,10,66.7,41.7,84.8,12,80.0,12,0,0,10,0,0,66.7,0.0,0.0,0
TN5254,Médenine,Ben Guerdane,70,26,37.1,17,65.4,46.2,80.6,18,69.2,14,0,4,14,0,4,53.8,0.0,15.4,2
TN5255,Médenine,Zarzis,81,38,46.9,23,60.5,44.7,74.4,27,71.1,21,0,6,21,0,6,55.3,0.0,15.8,0
TN5256,Médenine,Houmt Souk,62,21,33.9,14,66.7,45.4,82.8,17,81.0,10,0,7,10,0,7,47.6,0.0,33.3,0
TN5257,Médenine,Djerba Midoun,55,29,52.7,7,24.1,12.2,42.1,8,27.6,7,0,1,7,0,1,24.1,0.0,3.4,1
TN5258,Médenine,Djerba Ajim,25,6,24.0,3,50.0,18.8,81.2,3,50.0,3,0,0,3,0,0,50.0,0.0,0.0,1
TN5259,Médenine,Sidi Makhlouf,31,11,35.5,5,45.5,21.3,72.0,6,54.5,6,0,0,5,0,0,45.5,0.0,0.0,0
TN5351,Tataouine,Tataouine Nord,65,29,44.6,14,48.3,31.4,65.6,16,55.2,16,0,0,14,0,0,48.3,0.0,0.0,1
TN5352,Tataouine,Tataouine Sud,40,18,45.0,4,22.2,9.0,45.2,4,22.2,4,0,0,4,0,0,22.2,0.0,0.0,0
TN5353,Tataouine,Samar,22,11,50.0,5,45.5,21.3,72.0,5,45.5,5,0,0,5,0,0,45.5,0.0,0.0,0
TN5354,Tataouine,Bir Lahmar,12,4,33.3,0,0.0,0.0,49.0,0,0.0,0,0,0,0,0,0,0.0,0.0,0.0,0
TN5355,Tataouine,Ghomrassen,23,6,26.1,0,0.0,0.0,39.0,0,0.0,0,0,0,0,0,0,0.0,0.0,0.0,0
TN5356,Tataouine,Dhiba,8,4,50.0,4,100.0,51.0,100.0,6,150.0,6,0,0,4,0,0,100.0,0.0,0.0,0
TN5357,Tataouine,Remada,16,4,25.0,4,100.0,51.0,100.0,4,100.0,4,0,0,4,0,0,100.0,0.0,0.0,0
TN6151,Gafsa,Gafsa Nord,15,9,60.0,7,77.8,45.3,93.7,9,100.0,9,0,0,7,0,0,77.8,0.0,0.0,0
TN6152,Gafsa,Sidi Aich,14,7,50.0,3,42.9,15.8,75.0,3,42.9,3,0,0,3,0,0,42.9,0.0,0.0,0
TN6153,Gafsa,Ksar,30,13,43.3,12,92.3,66.7,98.6,16,123.1,6,0,10,5,0,9,38.5,0.0,69.2,0
TN6154,Gafsa,Gafsa Sud,85,28,32.9,17,60.7,42.4,76.4,22,78.6,21,0,1,17,0,1,60.7,0.0,3.6,0
TN6155,Gafsa,Oum Larais,34,16,47.1,4,25.0,10.2,49.5,4,25.0,4,0,0,4,0,0,25.0,0.0,0.0,1
TN6156,Gafsa,Redeyef,25,7,28.0,7,100.0,64.6,100.0,8,114.3,8,0,0,7,0,0,100.0,0.0,0.0,0
TN6157,Gafsa,Metlaoui,33,14,42.4,9,64.3,38.8,83.7,9,64.3,9,0,0,9,0,0,64.3,0.0,0.0,0
TN6158,Gafsa,Mdhilla,14,9,64.3,5,55.6,26.7,81.1,7,77.8,7,0,0,5,0,0,55.6,0.0,0.0,0
TN6159,Gafsa,Guetar,18,6,33.3,2,33.3,9.7,70.0,2,33.3,2,0,0,2,0,0,33.3,0.0,0.0,0
TN6160,Gafsa,Belkhir,20,6,30.0,6,100.0,61.0,100.0,7,116.7,7,0,0,6,0,0,100.0,0.0,0.0,0
TN6161,Gafsa,Sened,39,17,43.6,14,82.4,59.0,93.8,15,88.2,15,0,0,14,0,0,82.4,0.0,0.0,0
TN6251,Tozeur,Tozeur,36,17,47.2,11,64.7,41.3,82.7,11,64.7,10,0,1,10,0,1,58.8,0.0,5.9,0
TN6252,Tozeur,Degueche,29,9,31.0,6,66.7,35.4,87.9,8,88.9,8,0,0,6,0,0,66.7,0.0,0.0,0
TN6253,Tozeur,Tamaghza,11,3,27.3,3,100.0,43.8,100.0,4,133.3,4,0,0,3,0,0,100.0,0.0,0.0,0
TN6254,Tozeur,Nefta,19,9,47.4,6,66.7,35.4,87.9,6,66.7,5,0,1,5,0,1,55.6,0.0,11.1,0
TN6255,Tozeur,Hazoua,6,3,50.0,2,66.7,20.8,93.9,2,66.7,2,0,0,2,0,0,66.7,0.0,0.0,0
TN6351,Kebili,Kebili Sud,28,15,53.6,10,66.7,41.7,84.8,15,100.0,11,0,4,9,0,4,60.0,0.0,26.7,1
TN6352,Kebili,Kebili Nord,29,9,31.0,7,77.8,45.3,93.7,10,111.1,6,0,4,6,0,4,66.7,0.0,44.4,1
TN6353,Kebili,Souk El Ahed,32,14,43.8,10,71.4,45.4,88.3,10,71.4,0,0,10,0,0,10,0.0,0.0,71.4,0
TN6354,Kebili,Douz Nord,26,9,34.6,4,44.4,18.9,73.3,5,55.6,2,0,3,2,0,3,22.2,0.0,33.3,1
TN6355,Kebili,Douz Sud,16,9,56.2,5,55.6,26.7,81.1,5,55.6,3,0,2,3,0,2,33.3,0.0,22.2,0
TN6356,Kebili,Faouar,21,6,28.6,1,16.7,3.0,56.4,1,16.7,1,0,0,1,0,0,16.7,0.0,0.0,0
