tribe,surname,surname_alt,latin,confidence,derivation,sheets,printed_as,ground_lon,ground_lat,ground_area_sqkm,ground_share_in_tunisia_pct,ground_flagged,voters_mapped,imadas_present,inside_pct,near_pct,beyond_pct,electorate_inside,one_in,prominent_imadas_inside,prominent_imadas_outside,centroid_lon,centroid_lat,displacement_km,direction,median_km_from_ground,top_destination,top_destination_pct,dot_value,dots_drawn,figure,note
Ouled Sidi Abid,عبيدي,,Abidi,medium,nisba of the eponym,1881 Lasailly,Ouled Sidi Abid,7.934,35.268,1587,0.0,0,61869,1513,0.0,0.0,100.0,0,,0,57,9.5681,36.2029,182.1,NE,169.9,Jendouba,17.6,50,1163,maps/tribes/abidi_mobility.pdf,"The commonest family name in Tunisia, and its home is Jendouba, across the frontier from where the 1881 sheet prints the tribe. Abidi can also derive from the given name Abid."
Trabelsi,طرابلسي,,Trabelsi,medium,nisba of the tribe name,1853 Pellissier | 1881 Lasailly,Trabelsi | Trabelsia,9.783,36.817,1397,100.0,0,57704,1321,9.2,37.7,53.1,126010,24,9,20,10.2336,36.2564,74.5,SE,26.6,Sfax,15.5,25,2242,maps/tribes/trabelsi_mobility.pdf,"The tribe was named for its Tripolitan origin and the surname means Tripolitan too, so it is also borne by unrelated migrants from Tripoli. The commonest family name on this list."
Hammama,همامي,,Hammami,high,nisba of the tribe name,1853 Pellissier | 1881 Lasailly | 1881 Martel (1965),HAMAMA | Hamema | Hammama,9.354,34.782,2600,100.0,0,53065,1382,0.7,1.9,97.5,102537,288,0,49,9.9526,36.4832,196.0,N,196.4,Manubah,16.7,25,2049,maps/tribes/hammami_mobility.pdf,"Steppe confederation; Hamema on the 1853 sheet, Hammama (Tribu) on the 1881 sheet."
Drid,دريدي,,Dridi,high,nisba of the tribe name,1853 Pellissier | 1881 Lasailly | 1881 Martel (1965),DRID | Drid | Drid et autres Arabes melés,9.629,36.484,758,100.0,0,51822,1249,0.8,27.2,72.0,22522,57,0,31,10.0151,36.661,40.5,NE,34.0,Bizerte,19.5,25,1991,maps/tribes/dridi_mobility.pdf,
Mejers,ماجري,,Mejri,high,nisba of the tribe name,1853 Pellissier | 1881 Lasailly | 1881 Martel (1965),MADJER | Madjer | Mejers,8.874,35.542,1326,100.0,0,42481,1318,0.3,2.8,96.9,31874,257,1,24,9.9158,36.5772,149.1,NE,167.0,Tunis,18.1,20,2072,maps/tribes/mejri_mobility.pdf,MADJER along an arc from Thala to Sbeitla on the 1853 sheet and on Martel's.
Ouled Ayar,عياري,,Ayari,high,nisba of the eponym,1881 Lasailly | 1881 Martel (1965),O. Ayar | OLED AYAR,9.105,36.062,827,100.0,0,39888,1199,1.1,5.1,93.8,19299,44,3,10,9.9465,36.6164,98.6,NE,96.0,Tunis,28.0,20,1944,maps/tribes/ayari_mobility.pdf,O. Ayar (Tribu) on the 1881 sheet.
Zlass,جلاصي,,Jlassi,high,nisba of the tribe name,1853 Pellissier | 1881 Lasailly | 1881 Martel (1965),Djelas | Djelas Senrassin | ZLASS | Zlaas,9.772,35.668,10285,100.0,0,38608,1216,4.8,6.2,89.0,624602,338,0,20,10.1454,36.5444,102.8,N,74.9,Tunis,19.6,20,1906,maps/tribes/jlassi_mobility.pdf,"Djelas on the 1853 sheet, Zlaas on the 1881 sheet; the Arabic is جلاص and the nisba جلاصي."
Riah,رياحي,,Riahi,high,nisba of the tribe name,1853 Pellissier | 1881 Lasailly | 1881 Martel (1965),O. Riah | RIAH | Riah,9.558,36.591,5997,100.0,1,37822,1094,26.7,26.4,46.9,313870,31,27,9,9.9968,36.5703,40.3,E,23.8,Tunis,12.0,20,1852,maps/tribes/riahi_mobility.pdf,"The three sheets put the name 119 km apart: the Mogods in 1853, Medjez el Bab in 1881, Pont du Fahs on Martel's. The merged ellipse joins them."
Frechiche,فرشيشي,,Ferchichi,high,nisba of the tribe name,1853 Pellissier | 1881 Lasailly | 1881 Martel (1965),FRAICHICH | Frachiche | Frachiche Ouazaz | Frachiche Oulad Ali | Frechiche,8.546,35.33,5349,75.2,0,22466,1073,1.9,1.1,97.0,205596,481,0,17,9.8483,36.5618,181.2,NE,176.8,Tunis,20.3,10,2232,maps/tribes/ferchichi_mobility.pdf,"Three Frachiche names on the 1853 sheet, Frechiche (Tribu) on the 1881 sheet."
Ouled Aoun,عوني,,Aouni,medium,nisba of the eponym,1853 Pellissier | 1881 Lasailly | 1881 Martel (1965),O. Aoun | OLED AOUN | Oulad Aoun,9.45,36.115,1079,100.0,0,20541,1129,2.5,1.4,96.2,59511,118,1,10,10.044,36.0344,55.2,E,85.3,Tunis,17.4,10,2028,maps/tribes/aouni_mobility.pdf,"Aoun is also a given name, so not every Aouni descends from the tribe."
Hamarna,حمروني,,Hamrouni,medium,nisba of the tribe name,1853 Pellissier,Hamerna,10.182,33.417,1696,100.0,0,17013,1138,0.9,2.5,96.6,56878,362,0,12,10.3045,35.6979,252.5,N,245.4,Sfax,17.1,10,1691,maps/tribes/hamrouni_mobility.pdf,Hamarna is the plural of Hamrouni.
Nefza,نفزي,,Nefzi,high,nisba of the tribe name,1853 Pellissier | 1881 Lasailly | 1881 Martel (1965),NEFZA | Nefsa | Nefza,9.07,36.96,840,100.0,1,17009,744,3.0,14.7,82.3,63486,124,0,12,9.8121,36.8073,70.1,E,58.7,Manubah,25.1,10,1692,maps/tribes/nefzi_mobility.pdf,Distinct from the Nefzaoua of the Djerid.
Kroumirs,خميري,,Khemiri,high,nisba of the tribe name,1853 Pellissier | 1881 Lasailly | 1881 Martel (1965),KHROUMIR | Khemir | Kroumirs,8.77,36.822,266,100.0,0,16702,939,1.1,19.8,79.1,28098,154,0,10,9.6211,36.4979,85.9,SE,110.1,Tunis,14.7,10,1647,maps/tribes/khemiri_mobility.pdf,Khemir on the 1853 sheet; Territoire des Kroumirs on the 1881 sheet.
Charen,شارني,,Charni,medium,nisba of the name,1853 Pellissier | 1881 Lasailly,Charen,8.468,36.149,380,100.0,1,16700,802,2.6,43.2,54.2,9503,22,1,20,9.3513,36.3868,85.2,E,38.5,Tunis,16.2,10,1652,maps/tribes/charni_mobility.pdf,Printed without a marker on both sheets; may be a place name.
Djendouba,جندوبي,,Jendoubi,medium,nisba of the tribe name,1853 Pellissier | 1881 Lasailly,Djendouba,8.956,36.533,143,100.0,1,16383,877,0.4,6.4,93.3,14171,236,0,6,9.9673,36.6982,94.6,E,99.6,Tunis,22.5,10,1614,maps/tribes/jendoubi_mobility.pdf,"Printed as a tribe on the 1881 sheet before the name settled onto the town, so the surname may also be a toponymic nisba."
Souassi,سويسي,سواسي,Souissi,high,singular of the tribe name,1881 Lasailly | 1881 Martel (1965),SOUASSI | Souassi,10.338,35.845,1536,100.0,1,16159,1073,0.8,9.0,90.1,80843,603,0,9,10.1715,35.6757,24.2,SW,65.2,Sfax,14.1,10,1600,maps/tribes/souissi_mobility.pdf,Souassi is the plural; a member is a Souissi. The plural form سواسي is also borne as a surname by 397 voters and is pooled in.
M'Talith,مثلوثي,,Methlouthi,high,nisba of the tribe name,1853 Pellissier | 1881 Lasailly | 1881 Martel (1965),M'Talith | METHELITH | Methelith,10.364,35.13,1691,100.0,1,15209,891,0.2,3.5,96.4,48377,1861,0,6,10.3421,36.5093,152.5,N,143.8,Nabeul,22.7,10,1513,maps/tribes/methlouthi_mobility.pdf,The 1853 sheet maps five fractions separately; every later sheet prints the parent. The surname carries the parent.
Ouled Soltan,سلطاني,,Soltani,medium,nisba of the eponym,1881 Lasailly,O. Soltan,8.627,36.644,88,100.0,1,15044,859,0.9,28.3,70.8,8979,65,0,10,9.454,36.3411,82.9,SE,130.0,Tunis,13.9,10,1483,maps/tribes/soltani_mobility.pdf,Soltan is also a given name; the surname's home in Jendouba supports the tribal reading.
Mehadhba,مهذبي,,Mhedhbi,high,nisba of the tribe name,1853 Pellissier | 1881 Lasailly | 1881 Martel (1965),MEHADBA | Mahadeba | Mahedeba,9.877,34.325,1061,98.7,0,14090,808,0.7,0.7,98.6,23923,239,0,12,10.3023,36.1283,203.2,N,216.4,Nabeul,30.4,10,1396,maps/tribes/mhedhbi_mobility.pdf,
Neffat,نفاتي,,Neffati,high,nisba of the tribe name,1881 Lasailly | 1881 Martel (1965),NEFFAT | Nefat,9.889,34.564,1489,100.0,0,13478,940,1.1,2.8,96.1,41976,294,0,6,10.0871,36.1982,181.6,N,202.8,Tunis,15.8,10,1334,maps/tribes/neffati_mobility.pdf,
Hanencha,حناشي,,Hanachi,medium,singular of the tribe name,1853 Pellissier | 1881 Lasailly,Hanecha | Hanenchas,7.987,36.138,2125,9.0,0,13002,993,0.0,1.8,98.2,9550,3183,0,8,9.6813,36.1887,155.5,E,166.4,Tunis,16.3,10,1266,maps/tribes/hanachi_mobility.pdf,A frontier tribe printed on the Constantine side; Hanachi is its singular.
Ouled bou Ghanem,بوغانمي,,Boughanmi,high,nisba of the eponym,1853 Pellissier | 1881 Lasailly,O. bou Ghanem | Oulad bou Ghanem,8.315,35.88,521,65.0,1,12325,790,7.1,12.2,80.7,9988,11,6,5,9.6798,36.5097,143.3,NE,174.8,Tunis,21.3,10,1201,maps/tribes/boughanmi_mobility.pdf,
Ghezoran,غزواني,,Ghezouani,high,nisba of the tribe name,1853 Pellissier | 1881 Lasailly,Ghezoran | Grezouani,8.755,36.668,296,100.0,0,11808,679,10.6,40.4,49.0,28061,23,3,6,9.3954,36.5936,59.3,E,18.8,Tunis,13.7,5,2319,maps/tribes/ghezouani_mobility.pdf,Grezouani on the 1853 sheet is already the nisba form.
Ouargha,ورغي,,Ourghi,high,nisba of the tribe name,1881 Lasailly,Ouargha,8.456,36.213,356,95.8,0,11361,694,1.5,31.4,67.1,11360,65,0,8,9.4557,36.5693,99.8,NE,148.6,Tunis,18.5,5,2235,maps/tribes/ourghi_mobility.pdf,
Ouartan,ورتاني,,Ouertani,high,nisba of the tribe name,1853 Pellissier | 1881 Lasailly,Ouartan,8.757,35.904,626,100.0,1,9335,733,1.5,3.6,94.9,16701,116,0,3,9.9441,36.6289,135.2,NE,152.6,Tunis,29.7,5,1813,maps/tribes/ouertani_mobility.pdf,
Aguerba,عقربي,,Agrebi,high,nisba of the tribe name,1853 Pellissier,Agherba,10.402,34.696,727,100.0,0,9146,707,2.3,15.2,82.5,31446,149,0,5,10.4033,35.7956,121.6,N,182.3,Tunis,15.8,5,1785,maps/tribes/agrebi_mobility.pdf,
Beni Zid,زيدي,,Zidi,medium,nisba of the eponym,1853 Pellissier | 1881 Martel (1965),BENI ZID | Beni Zid,9.812,33.796,3911,97.2,0,7689,722,11.9,6.9,81.2,244435,267,0,9,9.6794,35.5131,190.3,N,187.6,Gafsa,13.1,5,1472,maps/tribes/zidi_mobility.pdf,Zid is also a given name; the surname's home in Gabès supports the tribal reading.
Khememsa,خماسي,,Khemassi,medium,singular of the tribe name,1881 Lasailly,Khememsa et Doufan,8.785,35.883,245,100.0,0,7203,620,5.9,22.9,71.2,16049,38,1,4,9.6414,36.4432,100.1,NE,150.3,Tunis,21.9,5,1387,maps/tribes/khemassi_mobility.pdf,Khememsa is a plural; the singular nisba is Khemassi. The surname's home in Le Kef supports the reading.
Zeghalma,زغلامي,,Zghalmi,high,nisba of the tribe name,1853 Pellissier | 1881 Lasailly,Zeghalma | Zeralma,8.547,35.771,751,100.0,0,6596,661,10.0,4.6,85.4,28463,43,1,2,9.6275,36.4753,126.1,NE,164.7,Tunis,19.1,5,1280,maps/tribes/zghalmi_mobility.pdf,
Ouled Khiar,خياري,,Khiari,medium,nisba of the eponym,1853 Pellissier | 1881 Lasailly,Oulad Khiar | Ouled Khiar,8.643,36.189,2782,63.5,1,6133,653,3.4,37.3,59.3,112106,536,0,2,10.1078,36.4444,137.3,E,28.2,Nabeul,15.4,5,1185,maps/tribes/khiari_mobility.pdf,Two groups share the name: Pellissier's below Zaghouan and Lasailly's in the Constantine province. The ellipse joins them.
Ouled Sdira,سديري,,Sdiri,high,nisba of the eponym,1853 Pellissier | 1881 Lasailly,O. Sdira | Oulad Sedira | Ouled Sedjera,8.058,36.201,7030,23.0,1,6129,613,41.3,5.5,53.2,163520,65,5,2,9.3847,36.1582,121.8,E,79.4,Tunis,12.6,5,1183,maps/tribes/sdiri_mobility.pdf,The two Gallica sheets put the name 211 km apart; the merged ellipse is a splinter joining them.
Ouerghemma,ورغمي,,Werghemmi,high,nisba of the confederation name,1853 Pellissier | 1881 Lasailly | 1881 Martel (1965),OUERGHAMMA | Ouergama | Ouerguemma,10.517,33.294,2447,100.0,1,6078,733,4.1,7.6,88.3,114516,462,0,0,10.3738,35.6791,264.1,N,274.9,Sfax,17.1,5,1166,maps/tribes/werghemmi_mobility.pdf,A confederation printed as one label. The only name south of Sfax on the 1881 sheet.
Ouchtata,وشتاتي,,Ouechtati,high,nisba of the tribe name,1853 Pellissier | 1881 Lasailly | 1881 Martel (1965),OUCHTATA | Ouchtata | Ouchtata Khezara,8.466,36.563,414,98.4,0,5777,510,3.8,28.5,67.7,34565,159,0,3,9.2832,36.6497,75.6,E,53.7,Béja,28.8,5,1124,maps/tribes/ouechtati_mobility.pdf,
Troud,طرودي,,Troudi,medium,nisba of the tribe name,1881 Martel (1965),TROUD,7.39,33.644,5244,19.2,0,5613,599,0.0,1.0,98.9,4994,2497,0,2,10.0977,36.6325,413.4,NE,391.9,Bizerte,23.3,5,1075,maps/tribes/troudi_mobility.pdf,"Two groups share the name: Martel's Troud in the Djerid, Ganiage's in the lower Medjerda. Only Martel's is placed; the surname's home in Bizerte fits Ganiage's."
Zouagha,زواغي,,Zouaghi,high,nisba of the tribe name,1853 Pellissier | 1881 Lasailly,Zouagha | Zouaka,9.046,36.648,264,100.0,1,4588,586,11.2,14.4,74.4,28520,55,2,1,9.8263,36.4382,75.3,E,90.2,Tunis,18.2,2,2473,maps/tribes/zouaghi_mobility.pdf,
Ouled bou Salem,بوسالمي,,Boussalmi,high,nisba of the eponym,1853 Pellissier | 1881 Lasailly,O. bou Salem | Oulad bou Salem,9.013,36.613,288,100.0,1,4358,582,11.5,19.4,69.1,29686,59,0,0,9.7243,36.6736,65.6,E,89.2,Tunis,22.7,2,2354,maps/tribes/boussalmi_mobility.pdf,
Meressen,مرسني,مرساني,Mersni,medium,nisba of the tribe name,1853 Pellissier | 1881 Lasailly,Merassen | Meressen,8.532,36.664,123,86.2,1,4152,410,0.0,37.7,62.3,10247,5124,0,3,9.3533,36.7367,75.8,E,80.2,Bizerte,31.3,2,2208,maps/tribes/mersni_mobility.pdf,"Two spellings of the nisba, pooled."
Beni Mezzeline,مزليني,,Mezlini,medium,nisba of the tribe name,1881 Lasailly,Beni Mezzeline,7.478,36.585,529,0.0,0,3294,348,0.0,0.0,100.0,0,,0,2,9.8159,36.9305,217.9,E,204.6,Bizerte,50.1,2,1760,maps/tribes/mezlini_mobility.pdf,A frontier tribe printed west of the border.
Merdès,مرداسي,,Merdassi,medium,nisba of the tribe name,1881 Lasailly,Merdès,7.805,36.696,897,0.0,0,2937,495,0.0,0.0,100.0,0,,0,2,9.9282,36.4468,196.7,E,181.6,Bizerte,14.0,2,1623,maps/tribes/merdassi_mobility.pdf,A frontier tribe printed west of the border.
Hakim,حكيمي,,Hkimi,medium,nisba of the tribe name,1853 Pellissier | 1881 Lasailly,Hakim,8.502,36.395,625,77.6,0,2785,422,18.3,21.2,60.5,44909,88,1,0,9.5713,36.6435,101.9,E,128.5,Tunis,24.3,2,1524,maps/tribes/hkimi_mobility.pdf,Hakim is also a given name; the surname's home in Jendouba supports the tribal reading.
Ouled Redouan,رضواني,,Redouani,medium,nisba of the eponym,1853 Pellissier,Redouan,10.102,35.032,1392,100.0,0,1927,371,0.0,0.2,99.8,47303,,0,2,9.2627,35.0413,77.0,W,153.5,Gafsa,25.1,1,1927,maps/tribes/redouani_mobility.pdf,A Hammama fraction on the 1853 sheet.
Nefzaoua,نفزاوي,,Nefzaoui,high,nisba of the region and tribe name,1853 Pellissier,Nefzaoua,9.174,33.787,3228,100.0,0,1378,333,2.4,1.5,96.2,58997,1788,0,2,10.1407,35.5047,209.6,NE,209.9,Mahdia,39.5,1,1378,maps/tribes/nefzaoui_mobility.pdf,
Matmata,مطماطي,,Matmati,high,nisba of the tribe name,1853 Pellissier,Matmatta,9.735,33.456,3060,100.0,0,1252,326,1.1,5.4,93.5,16200,1157,0,0,10.1773,36.4468,333.2,N,339.5,Tunis,33.1,1,1252,maps/tribes/matmati_mobility.pdf,
